слой,орган,образец,идентификатор,группа,значение
здоровая,желудок,17,TSP20||Epithelium,Apoptosis executioners,0.0
здоровая,желудок,18,TSP25||Epithelium,Apoptosis executioners,7.90216064453125
здоровая,желудок,19,TSP27||Epithelium,Apoptosis executioners,5.198249816894531
здоровая,желудок,17,TSP20||Epithelium,Apoptosis initiators,-11.056039810180664
здоровая,желудок,18,TSP25||Epithelium,Apoptosis initiators,-5.078712463378906
здоровая,желудок,19,TSP27||Epithelium,Apoptosis initiators,-3.2385025024414062
здоровая,желудок,17,TSP20||Epithelium,BRAKES,12.610143661499023
здоровая,желудок,18,TSP25||Epithelium,BRAKES,19.58212661743164
здоровая,желудок,19,TSP27||Epithelium,BRAKES,22.288036346435547
здоровая,желудок,17,TSP20||Epithelium,ENTRY adaptors,0.0
здоровая,желудок,18,TSP25||Epithelium,ENTRY adaptors,6.0176239013671875
здоровая,желудок,19,TSP27||Epithelium,ENTRY adaptors,-3.5138626098632812
здоровая,желудок,17,TSP20||Epithelium,ENTRY receptors,3.8510093688964844
здоровая,желудок,18,TSP25||Epithelium,ENTRY receptors,1.4929885864257812
здоровая,желудок,19,TSP27||Epithelium,ENTRY receptors,-2.618610382080078
здоровая,желудок,17,TSP20||Epithelium,Inhibitory signals,8.27154541015625
здоровая,желудок,18,TSP25||Epithelium,Inhibitory signals,5.758378982543945
здоровая,желудок,19,TSP27||Epithelium,Inhibitory signals,5.95583438873291
здоровая,желудок,17,TSP20||Epithelium,MHC-I presentation,9.798786163330078
здоровая,желудок,18,TSP25||Epithelium,MHC-I presentation,3.6911659240722656
здоровая,желудок,19,TSP27||Epithelium,MHC-I presentation,3.910785675048828
здоровая,желудок,17,TSP20||Epithelium,NK activating ligands,0.0
здоровая,желудок,18,TSP25||Epithelium,NK activating ligands,-16.20997428894043
здоровая,желудок,19,TSP27||Epithelium,NK activating ligands,-23.45395278930664
здоровая,желудок,17,TSP20||Epithelium,Necroptosis executioners,-26.654848098754883
здоровая,желудок,18,TSP25||Epithelium,Necroptosis executioners,-6.95384407043457
здоровая,желудок,19,TSP27||Epithelium,Necroptosis executioners,-14.926523208618164
здоровая,желудок,17,TSP20||Epithelium,Necroptosis initiators,27.350631713867188
здоровая,желудок,18,TSP25||Epithelium,Necroptosis initiators,12.940574645996094
здоровая,желудок,19,TSP27||Epithelium,Necroptosis initiators,17.236190795898438
здоровая,желудок,17,TSP20||Epithelium,Pyroptosis executioners,0.0
здоровая,желудок,18,TSP25||Epithelium,Pyroptosis executioners,3.86444091796875
здоровая,желудок,19,TSP27||Epithelium,Pyroptosis executioners,11.506019592285156
здоровая,желудок,17,TSP20||Epithelium,Pyroptosis initiators,0.0
здоровая,желудок,18,TSP25||Epithelium,Pyroptosis initiators,1.4023208618164062
здоровая,желудок,19,TSP27||Epithelium,Pyroptosis initiators,3.5756492614746094
пациент,желудок,0,gc_GSE163558|gc_GSE163558_PT1,Apoptosis executioners,14.385879516601562
пациент,желудок,1,gc_GSE163558|gc_GSE163558_P1,Apoptosis executioners,-3.2613296508789062
пациент,желудок,0,gc_GSE163558|gc_GSE163558_PT1,Apoptosis initiators,-2.9335899353027344
пациент,желудок,1,gc_GSE163558|gc_GSE163558_P1,Apoptosis initiators,0.8771228790283203
пациент,желудок,0,gc_GSE163558|gc_GSE163558_PT1,BRAKES,14.031272888183594
пациент,желудок,1,gc_GSE163558|gc_GSE163558_P1,BRAKES,16.24758529663086
пациент,желудок,0,gc_GSE163558|gc_GSE163558_PT1,ENTRY adaptors,7.17547607421875
пациент,желудок,1,gc_GSE163558|gc_GSE163558_P1,ENTRY adaptors,17.46453857421875
пациент,желудок,0,gc_GSE163558|gc_GSE163558_PT1,ENTRY receptors,-6.115678787231445
пациент,желудок,1,gc_GSE163558|gc_GSE163558_P1,ENTRY receptors,0.9859237670898438
пациент,желудок,0,gc_GSE163558|gc_GSE163558_PT1,Inhibitory signals,9.965347290039062
пациент,желудок,1,gc_GSE163558|gc_GSE163558_P1,Inhibitory signals,11.992267608642578
пациент,желудок,0,gc_GSE163558|gc_GSE163558_PT1,MHC-I presentation,15.91312026977539
пациент,желудок,1,gc_GSE163558|gc_GSE163558_P1,MHC-I presentation,18.09988021850586
пациент,желудок,0,gc_GSE163558|gc_GSE163558_PT1,NK activating ligands,-1.3418769836425781
пациент,желудок,1,gc_GSE163558|gc_GSE163558_P1,NK activating ligands,-2.4003334045410156
пациент,желудок,0,gc_GSE163558|gc_GSE163558_PT1,Necroptosis executioners,-15.481948852539062
пациент,желудок,1,gc_GSE163558|gc_GSE163558_P1,Necroptosis executioners,3.242534637451172
пациент,желудок,0,gc_GSE163558|gc_GSE163558_PT1,Necroptosis initiators,24.54867935180664
пациент,желудок,1,gc_GSE163558|gc_GSE163558_P1,Necroptosis initiators,20.905868530273438
пациент,желудок,0,gc_GSE163558|gc_GSE163558_PT1,Pyroptosis executioners,17.746620178222656
пациент,желудок,1,gc_GSE163558|gc_GSE163558_P1,Pyroptosis executioners,6.444770812988281
пациент,желудок,0,gc_GSE163558|gc_GSE163558_PT1,Pyroptosis initiators,10.205780029296875
пациент,желудок,1,gc_GSE163558|gc_GSE163558_P1,Pyroptosis initiators,14.418116569519043
органоид,желудок,4,ACH-002730,Apoptosis executioners,9.047920227050781
органоид,желудок,5,ACH-002731,Apoptosis executioners,-10.990222930908203
органоид,желудок,6,ACH-002733,Apoptosis executioners,10.160110473632812
органоид,желудок,7,ACH-002734,Apoptosis executioners,10.616798400878906
органоид,желудок,8,ACH-002735,Apoptosis executioners,9.359550476074219
органоид,желудок,9,ACH-002736,Apoptosis executioners,-6.334625244140625
органоид,желудок,10,ACH-002737,Apoptosis executioners,17.147544860839844
органоид,желудок,16,ACH-002746,Apoptosis executioners,3.5514755249023438
органоид,желудок,17,ACH-002748,Apoptosis executioners,12.196426391601562
органоид,желудок,18,ACH-002751,Apoptosis executioners,3.4252090454101562
органоид,желудок,19,ACH-002757,Apoptosis executioners,3.8416061401367188
органоид,желудок,20,ACH-002777,Apoptosis executioners,7.659034729003906
органоид,желудок,28,ACH-002919,Apoptosis executioners,14.622283935546875
органоид,желудок,34,ACH-002952,Apoptosis executioners,5.654945373535156
органоид,желудок,35,ACH-002955,Apoptosis executioners,-10.471733093261719
органоид,желудок,36,ACH-002957,Apoptosis executioners,14.369758605957031
органоид,желудок,37,ACH-002958,Apoptosis executioners,2.5145034790039062
органоид,желудок,38,ACH-002962,Apoptosis executioners,12.647750854492188
органоид,желудок,39,ACH-002963,Apoptosis executioners,12.736404418945312
органоид,желудок,40,ACH-002967,Apoptosis executioners,-1.7811126708984375
органоид,желудок,41,ACH-002968,Apoptosis executioners,1.4157562255859375
органоид,желудок,42,ACH-002969,Apoptosis executioners,5.246612548828125
органоид,желудок,43,ACH-002972,Apoptosis executioners,-0.7522048950195312
органоид,желудок,44,ACH-002978,Apoptosis executioners,1.8294601440429688
органоид,желудок,45,ACH-002979,Apoptosis executioners,5.8242034912109375
органоид,желудок,46,ACH-002982,Apoptosis executioners,-1.918121337890625
органоид,желудок,128,ACH-003416,Apoptosis executioners,-2.8126983642578125
органоид,желудок,129,ACH-003424,Apoptosis executioners,8.757789611816406
органоид,желудок,130,ACH-003425,Apoptosis executioners,18.89373016357422
органоид,желудок,137,ACH-003624,Apoptosis executioners,5.157958984375
органоид,желудок,138,ACH-003626,Apoptosis executioners,-2.0497589111328125
органоид,желудок,139,ACH-003627,Apoptosis executioners,6.968620300292969
органоид,желудок,140,ACH-003628,Apoptosis executioners,3.027618408203125
органоид,желудок,141,ACH-003629,Apoptosis executioners,12.397911071777344
органоид,желудок,142,ACH-003630,Apoptosis executioners,19.358482360839844
органоид,желудок,143,ACH-003631,Apoptosis executioners,10.310554504394531
органоид,желудок,4,ACH-002730,Apoptosis initiators,1.6333541870117188
органоид,желудок,5,ACH-002731,Apoptosis initiators,0.3653564453125
органоид,желудок,6,ACH-002733,Apoptosis initiators,2.908069610595703
органоид,желудок,7,ACH-002734,Apoptosis initiators,3.097463607788086
органоид,желудок,8,ACH-002735,Apoptosis initiators,-0.06716537475585938
органоид,желудок,9,ACH-002736,Apoptosis initiators,-4.141143798828125
органоид,желудок,10,ACH-002737,Apoptosis initiators,3.3002891540527344
органоид,желудок,16,ACH-002746,Apoptosis initiators,1.1309928894042969
органоид,желудок,17,ACH-002748,Apoptosis initiators,5.661672592163086
органоид,желудок,18,ACH-002751,Apoptosis initiators,1.64947509765625
органоид,желудок,19,ACH-002757,Apoptosis initiators,2.858367919921875
органоид,желудок,20,ACH-002777,Apoptosis initiators,1.9463253021240234
органоид,желудок,28,ACH-002919,Apoptosis initiators,5.243923187255859
органоид,желудок,34,ACH-002952,Apoptosis initiators,1.8684158325195312
органоид,желудок,35,ACH-002955,Apoptosis initiators,-9.542232513427734
органоид,желудок,36,ACH-002957,Apoptosis initiators,1.719320297241211
органоид,желудок,37,ACH-002958,Apoptosis initiators,1.9651336669921875
органоид,желудок,38,ACH-002962,Apoptosis initiators,4.026971817016602
органоид,желудок,39,ACH-002963,Apoptosis initiators,1.1672554016113281
органоид,желудок,40,ACH-002967,Apoptosis initiators,2.9403114318847656
органоид,желудок,41,ACH-002968,Apoptosis initiators,2.518535614013672
органоид,желудок,42,ACH-002969,Apoptosis initiators,0.9080142974853516
органоид,желудок,43,ACH-002972,Apoptosis initiators,-5.6710662841796875
органоид,желудок,44,ACH-002978,Apoptosis initiators,5.712715148925781
органоид,желудок,45,ACH-002979,Apoptosis initiators,3.958465576171875
органоид,желудок,46,ACH-002982,Apoptosis initiators,2.251239776611328
органоид,желудок,128,ACH-003416,Apoptosis initiators,1.9261741638183594
органоид,желудок,129,ACH-003424,Apoptosis initiators,5.434665679931641
органоид,желудок,130,ACH-003425,Apoptosis initiators,3.2559642791748047
органоид,желудок,137,ACH-003624,Apoptosis initiators,3.214324951171875
органоид,желудок,138,ACH-003626,Apoptosis initiators,-0.8381690979003906
органоид,желудок,139,ACH-003627,Apoptosis initiators,6.10359001159668
органоид,желудок,140,ACH-003628,Apoptosis initiators,3.7623634338378906
органоид,желудок,141,ACH-003629,Apoptosis initiators,0.1504383087158203
органоид,желудок,142,ACH-003630,Apoptosis initiators,8.826292037963867
органоид,желудок,143,ACH-003631,Apoptosis initiators,1.900655746459961
органоид,желудок,4,ACH-002730,BRAKES,3.7516098022460938
органоид,желудок,5,ACH-002731,BRAKES,3.556842803955078
органоид,желудок,6,ACH-002733,BRAKES,-4.693210601806641
органоид,желудок,7,ACH-002734,BRAKES,-1.1820335388183594
органоид,желудок,8,ACH-002735,BRAKES,-1.0235347747802734
органоид,желудок,9,ACH-002736,BRAKES,-0.7938442230224609
органоид,желудок,10,ACH-002737,BRAKES,8.900169372558594
органоид,желудок,16,ACH-002746,BRAKES,3.4064064025878906
органоид,желудок,17,ACH-002748,BRAKES,2.347270965576172
органоид,желудок,18,ACH-002751,BRAKES,2.349292755126953
органоид,желудок,19,ACH-002757,BRAKES,1.6145477294921875
органоид,желудок,20,ACH-002777,BRAKES,-2.01751708984375
органоид,желудок,28,ACH-002919,BRAKES,0.12223434448242188
органоид,желудок,34,ACH-002952,BRAKES,1.9960250854492188
органоид,желудок,35,ACH-002955,BRAKES,0.4446067810058594
органоид,желудок,36,ACH-002957,BRAKES,1.6064949035644531
органоид,желудок,37,ACH-002958,BRAKES,7.015636444091797
органоид,желудок,38,ACH-002962,BRAKES,-1.0127906799316406
органоид,желудок,39,ACH-002963,BRAKES,3.6240081787109375
органоид,желудок,40,ACH-002967,BRAKES,2.7750911712646484
органоид,желудок,41,ACH-002968,BRAKES,6.033744812011719
органоид,желудок,42,ACH-002969,BRAKES,6.204326629638672
органоид,желудок,43,ACH-002972,BRAKES,-0.4419212341308594
органоид,желудок,44,ACH-002978,BRAKES,1.8012542724609375
органоид,желудок,45,ACH-002979,BRAKES,3.988018035888672
органоид,желудок,46,ACH-002982,BRAKES,5.293628692626953
органоид,желудок,128,ACH-003416,BRAKES,-3.0759735107421875
органоид,желудок,129,ACH-003424,BRAKES,4.296958923339844
органоид,желудок,130,ACH-003425,BRAKES,2.6555423736572266
органоид,желудок,137,ACH-003624,BRAKES,1.0947265625
органоид,желудок,138,ACH-003626,BRAKES,0.16521644592285156
органоид,желудок,139,ACH-003627,BRAKES,0.36266517639160156
органоид,желудок,140,ACH-003628,BRAKES,-0.12760162353515625
органоид,желудок,141,ACH-003629,BRAKES,6.881311416625977
органоид,желудок,142,ACH-003630,BRAKES,2.9282188415527344
органоид,желудок,143,ACH-003631,BRAKES,2.6877784729003906
органоид,желудок,4,ACH-002730,ENTRY adaptors,-2.7213592529296875
органоид,желудок,5,ACH-002731,ENTRY adaptors,-4.666343688964844
органоид,желудок,6,ACH-002733,ENTRY adaptors,-1.1095046997070312
органоид,желудок,7,ACH-002734,ENTRY adaptors,-1.8643951416015625
органоид,желудок,8,ACH-002735,ENTRY adaptors,5.0021514892578125
органоид,желудок,9,ACH-002736,ENTRY adaptors,0.7575759887695312
органоид,желудок,10,ACH-002737,ENTRY adaptors,0.647430419921875
органоид,желудок,16,ACH-002746,ENTRY adaptors,-3.758331298828125
органоид,желудок,17,ACH-002748,ENTRY adaptors,3.7690658569335938
органоид,желудок,18,ACH-002751,ENTRY adaptors,3.2586517333984375
органоид,желудок,19,ACH-002757,ENTRY adaptors,3.0679168701171875
органоид,желудок,20,ACH-002777,ENTRY adaptors,4.21771240234375
органоид,желудок,28,ACH-002919,ENTRY adaptors,4.182788848876953
органоид,желудок,34,ACH-002952,ENTRY adaptors,1.0799484252929688
органоид,желудок,35,ACH-002955,ENTRY adaptors,2.2270545959472656
органоид,желудок,36,ACH-002957,ENTRY adaptors,3.5246047973632812
органоид,желудок,37,ACH-002958,ENTRY adaptors,5.528694152832031
органоид,желудок,38,ACH-002962,ENTRY adaptors,7.524711608886719
органоид,желудок,39,ACH-002963,ENTRY adaptors,6.345367431640625
органоид,желудок,40,ACH-002967,ENTRY adaptors,8.475715637207031
органоид,желудок,41,ACH-002968,ENTRY adaptors,2.3210906982421875
органоид,желудок,42,ACH-002969,ENTRY adaptors,6.460884094238281
органоид,желудок,43,ACH-002972,ENTRY adaptors,-9.74102783203125
органоид,желудок,44,ACH-002978,ENTRY adaptors,4.4702301025390625
органоид,желудок,45,ACH-002979,ENTRY adaptors,4.95379638671875
органоид,желудок,46,ACH-002982,ENTRY adaptors,5.014240264892578
органоид,желудок,128,ACH-003416,ENTRY adaptors,3.6374359130859375
органоид,желудок,129,ACH-003424,ENTRY adaptors,-0.92413330078125
органоид,желудок,130,ACH-003425,ENTRY adaptors,10.404571533203125
органоид,желудок,137,ACH-003624,ENTRY adaptors,2.1491470336914062
органоид,желудок,138,ACH-003626,ENTRY adaptors,-6.380287170410156
органоид,желудок,139,ACH-003627,ENTRY adaptors,0.14775848388671875
органоид,желудок,140,ACH-003628,ENTRY adaptors,-3.959808349609375
органоид,желудок,141,ACH-003629,ENTRY adaptors,2.8126983642578125
органоид,желудок,142,ACH-003630,ENTRY adaptors,7.702018737792969
органоид,желудок,143,ACH-003631,ENTRY adaptors,-1.8455810546875
органоид,желудок,4,ACH-002730,ENTRY receptors,11.269611358642578
органоид,желудок,5,ACH-002731,ENTRY receptors,-5.023639678955078
органоид,желудок,6,ACH-002733,ENTRY receptors,-11.378410339355469
органоид,желудок,7,ACH-002734,ENTRY receptors,-3.251934051513672
органоид,желудок,8,ACH-002735,ENTRY receptors,11.158126831054688
органоид,желудок,9,ACH-002736,ENTRY receptors,8.737640380859375
органоид,желудок,10,ACH-002737,ENTRY receptors,4.386959075927734
органоид,желудок,16,ACH-002746,ENTRY receptors,5.077369689941406
органоид,желудок,17,ACH-002748,ENTRY receptors,6.714752197265625
органоид,желудок,18,ACH-002751,ENTRY receptors,5.988075256347656
органоид,желудок,19,ACH-002757,ENTRY receptors,0.30625343322753906
органоид,желудок,20,ACH-002777,ENTRY receptors,-3.7059383392333984
органоид,желудок,28,ACH-002919,ENTRY receptors,-1.5970878601074219
органоид,желудок,34,ACH-002952,ENTRY receptors,4.471580505371094
органоид,желудок,35,ACH-002955,ENTRY receptors,8.314525604248047
органоид,желудок,36,ACH-002957,ENTRY receptors,-0.25252532958984375
органоид,желудок,37,ACH-002958,ENTRY receptors,7.837684631347656
органоид,желудок,38,ACH-002962,ENTRY receptors,0.21491432189941406
органоид,желудок,39,ACH-002963,ENTRY receptors,-1.2397880554199219
органоид,желудок,40,ACH-002967,ENTRY receptors,2.4755516052246094
органоид,желудок,41,ACH-002968,ENTRY receptors,1.5017204284667969
органоид,желудок,42,ACH-002969,ENTRY receptors,4.532020568847656
органоид,желудок,43,ACH-002972,ENTRY receptors,-12.457015991210938
органоид,желудок,44,ACH-002978,ENTRY receptors,3.7435531616210938
органоид,желудок,45,ACH-002979,ENTRY receptors,6.677143096923828
органоид,желудок,46,ACH-002982,ENTRY receptors,2.020200729370117
органоид,желудок,128,ACH-003416,ENTRY receptors,-1.5796260833740234
органоид,желудок,129,ACH-003424,ENTRY receptors,2.2754135131835938
органоид,желудок,130,ACH-003425,ENTRY receptors,4.967229843139648
органоид,желудок,137,ACH-003624,ENTRY receptors,0.42848968505859375
органоид,желудок,138,ACH-003626,ENTRY receptors,12.580596923828125
органоид,желудок,139,ACH-003627,ENTRY receptors,2.8032989501953125
органоид,желудок,140,ACH-003628,ENTRY receptors,-5.949119567871094
органоид,желудок,141,ACH-003629,ENTRY receptors,7.372932434082031
органоид,желудок,142,ACH-003630,ENTRY receptors,9.11911392211914
органоид,желудок,143,ACH-003631,ENTRY receptors,4.078010559082031
органоид,желудок,4,ACH-002730,Inhibitory signals,4.613960266113281
органоид,желудок,5,ACH-002731,Inhibitory signals,1.8173770904541016
органоид,желудок,6,ACH-002733,Inhibitory signals,3.8295211791992188
органоид,желудок,7,ACH-002734,Inhibitory signals,3.6925086975097656
органоид,желудок,8,ACH-002735,Inhibitory signals,5.657642364501953
органоид,желудок,9,ACH-002736,Inhibitory signals,0.2834205627441406
органоид,желудок,10,ACH-002737,Inhibitory signals,7.174137115478516
органоид,желудок,16,ACH-002746,Inhibitory signals,11.203792572021484
органоид,желудок,17,ACH-002748,Inhibitory signals,6.3695526123046875
органоид,желудок,18,ACH-002751,Inhibitory signals,4.898719787597656
органоид,желудок,19,ACH-002757,Inhibitory signals,1.7851371765136719
органоид,желудок,20,ACH-002777,Inhibitory signals,6.399101257324219
органоид,желудок,28,ACH-002919,Inhibitory signals,7.554269790649414
органоид,желудок,34,ACH-002952,Inhibitory signals,3.6831092834472656
органоид,желудок,35,ACH-002955,Inhibitory signals,8.38168716430664
органоид,желудок,36,ACH-002957,Inhibitory signals,1.3888893127441406
органоид,желудок,37,ACH-002958,Inhibitory signals,2.3049659729003906
органоид,желудок,38,ACH-002962,Inhibitory signals,5.530033111572266
органоид,желудок,39,ACH-002963,Inhibitory signals,3.6011734008789062
органоид,желудок,40,ACH-002967,Inhibitory signals,9.681923866271973
органоид,желудок,41,ACH-002968,Inhibitory signals,5.485706329345703
органоид,желудок,42,ACH-002969,Inhibitory signals,6.169406890869141
органоид,желудок,43,ACH-002972,Inhibitory signals,2.8341941833496094
органоид,желудок,44,ACH-002978,Inhibitory signals,4.102195739746094
органоид,желудок,45,ACH-002979,Inhibitory signals,7.132495880126953
органоид,желудок,46,ACH-002982,Inhibitory signals,3.546100616455078
органоид,желудок,128,ACH-003416,Inhibitory signals,5.7462921142578125
органоид,желудок,129,ACH-003424,Inhibitory signals,10.772621154785156
органоид,желудок,130,ACH-003425,Inhibitory signals,4.9121551513671875
органоид,желудок,137,ACH-003624,Inhibitory signals,8.53884506225586
органоид,желудок,138,ACH-003626,Inhibitory signals,5.350048065185547
органоид,желудок,139,ACH-003627,Inhibitory signals,2.110198974609375
органоид,желудок,140,ACH-003628,Inhibitory signals,1.2706871032714844
органоид,желудок,141,ACH-003629,Inhibitory signals,24.754188537597656
органоид,желудок,142,ACH-003630,Inhibitory signals,2.9846343994140625
органоид,желудок,143,ACH-003631,Inhibitory signals,0.9026432037353516
органоид,желудок,4,ACH-002730,MHC-I presentation,-0.11148834228515625
органоид,желудок,5,ACH-002731,MHC-I presentation,-11.265581130981445
органоид,желудок,6,ACH-002733,MHC-I presentation,-1.9758758544921875
органоид,желудок,7,ACH-002734,MHC-I presentation,0.7683258056640625
органоид,желудок,8,ACH-002735,MHC-I presentation,11.530193328857422
органоид,желудок,9,ACH-002736,MHC-I presentation,4.781866073608398
органоид,желудок,10,ACH-002737,MHC-I presentation,9.758491516113281
органоид,желудок,16,ACH-002746,MHC-I presentation,1.743499755859375
органоид,желудок,17,ACH-002748,MHC-I presentation,10.294437408447266
органоид,желудок,18,ACH-002751,MHC-I presentation,10.478450775146484
органоид,желудок,19,ACH-002757,MHC-I presentation,-0.26461029052734375
органоид,желудок,20,ACH-002777,MHC-I presentation,10.725608825683594
органоид,желудок,28,ACH-002919,MHC-I presentation,8.421985626220703
органоид,желудок,34,ACH-002952,MHC-I presentation,0.5937042236328125
органоид,желудок,35,ACH-002955,MHC-I presentation,-1.5097808837890625
органоид,желудок,36,ACH-002957,MHC-I presentation,7.227867126464844
органоид,желудок,37,ACH-002958,MHC-I presentation,0.5211677551269531
органоид,желудок,38,ACH-002962,MHC-I presentation,11.339458465576172
органоид,желудок,39,ACH-002963,MHC-I presentation,-1.7891654968261719
органоид,желудок,40,ACH-002967,MHC-I presentation,8.657047271728516
органоид,желудок,41,ACH-002968,MHC-I presentation,-0.33446502685546875
органоид,желудок,42,ACH-002969,MHC-I presentation,10.898883819580078
органоид,желудок,43,ACH-002972,MHC-I presentation,-0.9496574401855469
органоид,желудок,44,ACH-002978,MHC-I presentation,2.605846405029297
органоид,желудок,45,ACH-002979,MHC-I presentation,12.21255111694336
органоид,желудок,46,ACH-002982,MHC-I presentation,-4.203609466552734
органоид,желудок,128,ACH-003416,MHC-I presentation,-0.48624420166015625
органоид,желудок,129,ACH-003424,MHC-I presentation,13.296527862548828
органоид,желудок,130,ACH-003425,MHC-I presentation,3.1968650817871094
органоид,желудок,137,ACH-003624,MHC-I presentation,10.086231231689453
органоид,желудок,138,ACH-003626,MHC-I presentation,7.935066223144531
органоид,желудок,139,ACH-003627,MHC-I presentation,1.2948646545410156
органоид,желудок,140,ACH-003628,MHC-I presentation,0.0470123291015625
органоид,желудок,141,ACH-003629,MHC-I presentation,10.217864990234375
органоид,желудок,142,ACH-003630,MHC-I presentation,8.20169448852539
органоид,желудок,143,ACH-003631,MHC-I presentation,8.066036224365234
органоид,желудок,4,ACH-002730,NK activating ligands,-1.9893054962158203
органоид,желудок,5,ACH-002731,NK activating ligands,-0.6984739303588867
органоид,желудок,6,ACH-002733,NK activating ligands,-3.4695396423339844
органоид,желудок,7,ACH-002734,NK activating ligands,-4.075328826904297
органоид,желудок,8,ACH-002735,NK activating ligands,-8.481088638305664
органоид,желудок,9,ACH-002736,NK activating ligands,-9.824308395385742
органоид,желудок,10,ACH-002737,NK activating ligands,-5.027669906616211
органоид,желудок,16,ACH-002746,NK activating ligands,4.283525466918945
органоид,желудок,17,ACH-002748,NK activating ligands,2.077960968017578
органоид,желудок,18,ACH-002751,NK activating ligands,3.6078872680664062
органоид,желудок,19,ACH-002757,NK activating ligands,4.431280136108398
органоид,желудок,20,ACH-002777,NK activating ligands,-5.320491790771484
органоид,желудок,28,ACH-002919,NK activating ligands,4.752311706542969
органоид,желудок,34,ACH-002952,NK activating ligands,-7.75843620300293
органоид,желудок,35,ACH-002955,NK activating ligands,-12.6840238571167
органоид,желудок,36,ACH-002957,NK activating ligands,-3.4292383193969727
органоид,желудок,37,ACH-002958,NK activating ligands,-5.711367607116699
органоид,желудок,38,ACH-002962,NK activating ligands,-1.83819580078125
органоид,желудок,39,ACH-002963,NK activating ligands,-11.567802429199219
органоид,желудок,40,ACH-002967,NK activating ligands,2.9631423950195312
органоид,желудок,41,ACH-002968,NK activating ligands,-3.0343360900878906
органоид,желудок,42,ACH-002969,NK activating ligands,-9.774608612060547
органоид,желудок,43,ACH-002972,NK activating ligands,3.180744171142578
органоид,желудок,44,ACH-002978,NK activating ligands,0.7145938873291016
органоид,желудок,45,ACH-002979,NK activating ligands,-0.6675777435302734
органоид,желудок,46,ACH-002982,NK activating ligands,-14.500055313110352
органоид,желудок,128,ACH-003416,NK activating ligands,0.6729564666748047
органоид,желудок,129,ACH-003424,NK activating ligands,-5.499139785766602
органоид,желудок,130,ACH-003425,NK activating ligands,-12.960724830627441
органоид,желудок,137,ACH-003624,NK activating ligands,9.575809478759766
органоид,желудок,138,ACH-003626,NK activating ligands,5.74494743347168
органоид,желудок,139,ACH-003627,NK activating ligands,1.1699447631835938
органоид,желудок,140,ACH-003628,NK activating ligands,6.02031135559082
органоид,желудок,141,ACH-003629,NK activating ligands,0.9973373413085938
органоид,желудок,142,ACH-003630,NK activating ligands,-2.1343746185302734
органоид,желудок,143,ACH-003631,NK activating ligands,2.619277000427246
органоид,желудок,4,ACH-002730,Necroptosis executioners,2.417795181274414
органоид,желудок,5,ACH-002731,Necroptosis executioners,11.438858032226562
органоид,желудок,6,ACH-002733,Necroptosis executioners,-9.692668914794922
органоид,желудок,7,ACH-002734,Necroptosis executioners,-6.260746002197266
органоид,желудок,8,ACH-002735,Necroptosis executioners,-0.3774452209472656
органоид,желудок,9,ACH-002736,Necroptosis executioners,8.678539276123047
органоид,желудок,10,ACH-002737,Necroptosis executioners,-3.722055435180664
органоид,желудок,16,ACH-002746,Necroptosis executioners,-9.45760726928711
органоид,желудок,17,ACH-002748,Necroptosis executioners,2.5924148559570312
органоид,желудок,18,ACH-002751,Necroptosis executioners,4.1975555419921875
органоид,желудок,19,ACH-002757,Necroptosis executioners,0.8704051971435547
органоид,желудок,20,ACH-002777,Necroptosis executioners,10.48651123046875
органоид,желудок,28,ACH-002919,Necroptosis executioners,0.8233928680419922
органоид,желудок,34,ACH-002952,Necroptosis executioners,2.20556640625
органоид,желудок,35,ACH-002955,Necroptosis executioners,-19.60428810119629
органоид,желудок,36,ACH-002957,Necroptosis executioners,-1.923492431640625
органоид,желудок,37,ACH-002958,Necroptosis executioners,-0.7065353393554688
органоид,желудок,38,ACH-002962,Necroptosis executioners,2.401674270629883
органоид,желудок,39,ACH-002963,Necroptosis executioners,8.123794555664062
органоид,желудок,40,ACH-002967,Necroptosis executioners,-3.164623260498047
органоид,желудок,41,ACH-002968,Necroptosis executioners,-2.024229049682617
органоид,желудок,42,ACH-002969,Necroptosis executioners,-5.899417877197266
органоид,желудок,43,ACH-002972,Necroptosis executioners,2.241832733154297
органоид,желудок,44,ACH-002978,Necroptosis executioners,0.9886074066162109
органоид,желудок,45,ACH-002979,Necroptosis executioners,3.3405838012695312
органоид,желудок,46,ACH-002982,Necroptosis executioners,-1.6038017272949219
органоид,желудок,128,ACH-003416,Necroptosis executioners,-16.37250328063965
органоид,желудок,129,ACH-003424,Necroptosis executioners,-3.7529544830322266
органоид,желудок,130,ACH-003425,Necroptosis executioners,-4.871858596801758
органоид,желудок,137,ACH-003624,Necroptosis executioners,6.498493194580078
органоид,желудок,138,ACH-003626,Necroptosis executioners,-14.29185676574707
органоид,желудок,139,ACH-003627,Necroptosis executioners,-1.1739749908447266
органоид,желудок,140,ACH-003628,Necroptosis executioners,-4.5333709716796875
органоид,желудок,141,ACH-003629,Necroptosis executioners,-8.178865432739258
органоид,желудок,142,ACH-003630,Necroptosis executioners,0.20953941345214844
органоид,желудок,143,ACH-003631,Necroptosis executioners,-7.1204071044921875
органоид,желудок,4,ACH-002730,Necroptosis initiators,14.066194534301758
органоид,желудок,5,ACH-002731,Necroptosis initiators,7.685901641845703
органоид,желудок,6,ACH-002733,Necroptosis initiators,5.2895965576171875
органоид,желудок,7,ACH-002734,Necroptosis initiators,4.0860748291015625
органоид,желудок,8,ACH-002735,Necroptosis initiators,17.338275909423828
органоид,желудок,9,ACH-002736,Necroptosis initiators,10.063400268554688
органоид,желудок,10,ACH-002737,Necroptosis initiators,31.68117332458496
органоид,желудок,16,ACH-002746,Necroptosis initiators,27.646141052246094
органоид,желудок,17,ACH-002748,Necroptosis initiators,0.0
органоид,желудок,18,ACH-002751,Necroptosis initiators,20.274555206298828
органоид,желудок,19,ACH-002757,Necroptosis initiators,23.312915802001953
органоид,желудок,20,ACH-002777,Necroptosis initiators,10.818290710449219
органоид,желудок,28,ACH-002919,Necroptosis initiators,17.11261558532715
органоид,желудок,34,ACH-002952,Necroptosis initiators,9.84042739868164
органоид,желудок,35,ACH-002955,Necroptosis initiators,6.321189880371094
органоид,желудок,36,ACH-002957,Necroptosis initiators,14.079627990722656
органоид,желудок,37,ACH-002958,Necroptosis initiators,14.823768615722656
органоид,желудок,38,ACH-002962,Necroptosis initiators,22.168495178222656
органоид,желудок,39,ACH-002963,Necroptosis initiators,10.772621154785156
органоид,желудок,40,ACH-002967,Necroptosis initiators,15.084354400634766
органоид,желудок,41,ACH-002968,Necroptosis initiators,15.72372817993164
органоид,желудок,42,ACH-002969,Necroptosis initiators,19.780250549316406
органоид,желудок,43,ACH-002972,Necroptosis initiators,10.616809844970703
органоид,желудок,44,ACH-002978,Necroptosis initiators,4.110252380371094
органоид,желудок,45,ACH-002979,Necroptosis initiators,18.055557250976562
органоид,желудок,46,ACH-002982,Necroptosis initiators,3.718029022216797
органоид,желудок,128,ACH-003416,Necroptosis initiators,13.168922424316406
органоид,желудок,129,ACH-003424,Necroptosis initiators,21.988502502441406
органоид,желудок,130,ACH-003425,Necroptosis initiators,14.692132949829102
органоид,желудок,137,ACH-003624,Necroptosis initiators,14.947344779968262
органоид,желудок,138,ACH-003626,Necroptosis initiators,1.6333541870117188
органоид,желудок,139,ACH-003627,Necroptosis initiators,5.029014587402344
органоид,желудок,140,ACH-003628,Necroptosis initiators,5.789279937744141
органоид,желудок,141,ACH-003629,Necroptosis initiators,8.798088073730469
органоид,желудок,142,ACH-003630,Necroptosis initiators,17.150222778320312
органоид,желудок,143,ACH-003631,Necroptosis initiators,19.156993865966797
органоид,желудок,4,ACH-002730,Pyroptosis executioners,8.857185363769531
органоид,желудок,5,ACH-002731,Pyroptosis executioners,-10.431442260742188
органоид,желудок,6,ACH-002733,Pyroptosis executioners,-0.026866912841796875
органоид,желудок,7,ACH-002734,Pyroptosis executioners,6.146568298339844
органоид,желудок,8,ACH-002735,Pyroptosis executioners,-3.7180252075195312
органоид,желудок,9,ACH-002736,Pyroptosis executioners,10.920372009277344
органоид,желудок,10,ACH-002737,Pyroptosis executioners,43.92864990234375
органоид,желудок,16,ACH-002746,Pyroptosis executioners,10.786052703857422
органоид,желудок,17,ACH-002748,Pyroptosis executioners,-9.262840270996094
органоид,желудок,18,ACH-002751,Pyroptosis executioners,7.1298065185546875
органоид,желудок,19,ACH-002757,Pyroptosis executioners,-8.491836547851562
органоид,желудок,20,ACH-002777,Pyroptosis executioners,2.3855514526367188
органоид,желудок,28,ACH-002919,Pyroptosis executioners,-12.618202209472656
органоид,желудок,34,ACH-002952,Pyroptosis executioners,24.588977813720703
органоид,желудок,35,ACH-002955,Pyroptosis executioners,10.361595153808594
органоид,желудок,36,ACH-002957,Pyroptosis executioners,9.08016586303711
органоид,желудок,37,ACH-002958,Pyroptosis executioners,-7.55694580078125
органоид,желудок,38,ACH-002962,Pyroptosis executioners,-9.687294006347656
органоид,желудок,39,ACH-002963,Pyroptosis executioners,-12.526863098144531
органоид,желудок,40,ACH-002967,Pyroptosis executioners,19.30474853515625
органоид,желудок,41,ACH-002968,Pyroptosis executioners,5.8322601318359375
органоид,желудок,42,ACH-002969,Pyroptosis executioners,11.468406677246094
органоид,желудок,43,ACH-002972,Pyroptosis executioners,28.31103515625
органоид,желудок,44,ACH-002978,Pyroptosis executioners,22.77294158935547
органоид,желудок,45,ACH-002979,Pyroptosis executioners,12.572532653808594
органоид,желудок,46,ACH-002982,Pyroptosis executioners,-8.927032470703125
органоид,желудок,128,ACH-003416,Pyroptosis executioners,3.4171524047851562
органоид,желудок,129,ACH-003424,Pyroptosis executioners,10.517410278320312
органоид,желудок,130,ACH-003425,Pyroptosis executioners,9.574470520019531
органоид,желудок,137,ACH-003624,Pyroptosis executioners,6.917579650878906
органоид,желудок,138,ACH-003626,Pyroptosis executioners,7.707393646240234
органоид,желудок,139,ACH-003627,Pyroptosis executioners,6.151947021484375
органоид,желудок,140,ACH-003628,Pyroptosis executioners,3.2183609008789062
органоид,желудок,141,ACH-003629,Pyroptosis executioners,-8.4542236328125
органоид,желудок,142,ACH-003630,Pyroptosis executioners,3.7825088500976562
органоид,желудок,143,ACH-003631,Pyroptosis executioners,6.987434387207031
органоид,желудок,4,ACH-002730,Pyroptosis initiators,11.20782470703125
органоид,желудок,5,ACH-002731,Pyroptosis initiators,4.749622344970703
органоид,желудок,6,ACH-002733,Pyroptosis initiators,0.0
органоид,желудок,7,ACH-002734,Pyroptosis initiators,2.9631423950195312
органоид,желудок,8,ACH-002735,Pyroptosis initiators,9.625511169433594
органоид,желудок,9,ACH-002736,Pyroptosis initiators,0.0
органоид,желудок,10,ACH-002737,Pyroptosis initiators,18.641199111938477
органоид,желудок,16,ACH-002746,Pyroptosis initiators,14.031269073486328
органоид,желудок,17,ACH-002748,Pyroptosis initiators,2.3533172607421875
органоид,желудок,18,ACH-002751,Pyroptosis initiators,18.638511657714844
органоид,желудок,19,ACH-002757,Pyroptosis initiators,2.119598388671875
органоид,желудок,20,ACH-002777,Pyroptosis initiators,19.146249771118164
органоид,желудок,28,ACH-002919,Pyroptosis initiators,1.4721755981445312
органоид,желудок,34,ACH-002952,Pyroptosis initiators,9.73834228515625
органоид,желудок,35,ACH-002955,Pyroptosis initiators,0.0
органоид,желудок,36,ACH-002957,Pyroptosis initiators,6.313133239746094
органоид,желудок,37,ACH-002958,Pyroptosis initiators,3.868471145629883
органоид,желудок,38,ACH-002962,Pyroptosis initiators,13.343544006347656
органоид,желудок,39,ACH-002963,Pyroptosis initiators,2.0013980865478516
органоид,желудок,40,ACH-002967,Pyroptosis initiators,6.562969207763672
органоид,желудок,41,ACH-002968,Pyroptosis initiators,9.330001831054688
органоид,желудок,42,ACH-002969,Pyroptosis initiators,10.084892272949219
органоид,желудок,43,ACH-002972,Pyroptosis initiators,0.0
органоид,желудок,44,ACH-002978,Pyroptosis initiators,0.9053287506103516
органоид,желудок,45,ACH-002979,Pyroptosis initiators,10.388458251953125
органоид,желудок,46,ACH-002982,Pyroptosis initiators,3.2290992736816406
органоид,желудок,128,ACH-003416,Pyroptosis initiators,1.2277030944824219
органоид,желудок,129,ACH-003424,Pyroptosis initiators,11.4066162109375
органоид,желудок,130,ACH-003425,Pyroptosis initiators,12.916397094726562
органоид,желудок,137,ACH-003624,Pyroptosis initiators,10.388458251953125
органоид,желудок,138,ACH-003626,Pyroptosis initiators,3.0947799682617188
органоид,желудок,139,ACH-003627,Pyroptosis initiators,5.0182647705078125
органоид,желудок,140,ACH-003628,Pyroptosis initiators,-3.245220184326172
органоид,желудок,141,ACH-003629,Pyroptosis initiators,9.851171493530273
органоид,желудок,142,ACH-003630,Pyroptosis initiators,10.38039779663086
органоид,желудок,143,ACH-003631,Pyroptosis initiators,0.0
2D,желудок,10,ACH-000678,Apoptosis executioners,-1.5527572631835938
2D,желудок,16,ACH-000633,Apoptosis executioners,1.1336746215820312
2D,желудок,27,ACH-000880,Apoptosis executioners,8.397804260253906
2D,желудок,37,ACH-000344,Apoptosis executioners,-13.015792846679688
2D,желудок,56,ACH-000847,Apoptosis executioners,-9.214485168457031
2D,желудок,78,ACH-001653,Apoptosis executioners,1.015472412109375
2D,желудок,97,ACH-002544,Apoptosis executioners,-0.6689300537109375
2D,желудок,118,ACH-000758,Apoptosis executioners,2.936279296875
2D,желудок,123,ACH-002446,Apoptosis executioners,3.1968612670898438
2D,желудок,141,ACH-000144,Apoptosis executioners,3.409088134765625
2D,желудок,153,ACH-000507,Apoptosis executioners,-1.7811050415039062
2D,желудок,157,ACH-000908,Apoptosis executioners,4.532020568847656
2D,желудок,184,ACH-000225,Apoptosis executioners,-6.716094970703125
2D,желудок,199,ACH-000356,Apoptosis executioners,-0.8059310913085938
2D,желудок,207,ACH-000255,Apoptosis executioners,1.28948974609375
2D,желудок,226,ACH-000764,Apoptosis executioners,-7.787994384765625
2D,желудок,230,ACH-001664,Apoptosis executioners,-4.854393005371094
2D,желудок,235,ACH-000948,Apoptosis executioners,2.858367919921875
2D,желудок,247,ACH-000427,Apoptosis executioners,1.2223358154296875
2D,желудок,286,ACH-000911,Apoptosis executioners,3.6508712768554688
2D,желудок,335,ACH-000616,Apoptosis executioners,6.785942077636719
2D,желудок,362,ACH-000761,Apoptosis executioners,-5.074676513671875
2D,желудок,363,ACH-000466,Apoptosis executioners,-2.3748092651367188
2D,желудок,398,ACH-003437,Apoptosis executioners,2.74822998046875
2D,желудок,10,ACH-000678,Apoptosis initiators,-1.0544281005859375
2D,желудок,16,ACH-000633,Apoptosis initiators,-1.0302448272705078
2D,желудок,27,ACH-000880,Apoptosis initiators,0.7186203002929688
2D,желудок,37,ACH-000344,Apoptosis initiators,-1.035623550415039
2D,желудок,56,ACH-000847,Apoptosis initiators,-4.290241241455078
2D,желудок,78,ACH-001653,Apoptosis initiators,0.6877288818359375
2D,желудок,97,ACH-002544,Apoptosis initiators,5.931659698486328
2D,желудок,118,ACH-000758,Apoptosis initiators,1.3351593017578125
2D,желудок,123,ACH-002446,Apoptosis initiators,1.2921791076660156
2D,желудок,141,ACH-000144,Apoptosis initiators,0.4566917419433594
2D,желудок,153,ACH-000507,Apoptosis initiators,0.5346012115478516
2D,желудок,157,ACH-000908,Apoptosis initiators,0.54400634765625
2D,желудок,184,ACH-000225,Apoptosis initiators,2.1719894409179688
2D,желудок,199,ACH-000356,Apoptosis initiators,-1.1336822509765625
2D,желудок,207,ACH-000255,Apoptosis initiators,0.3747596740722656
2D,желудок,226,ACH-000764,Apoptosis initiators,-0.8072700500488281
2D,желудок,230,ACH-001664,Apoptosis initiators,-0.654144287109375
2D,желудок,235,ACH-000948,Apoptosis initiators,1.2115802764892578
2D,желудок,247,ACH-000427,Apoptosis initiators,-4.889318466186523
2D,желудок,286,ACH-000911,Apoptosis initiators,0.22297286987304688
2D,желудок,335,ACH-000616,Apoptosis initiators,-2.1934814453125
2D,желудок,362,ACH-000761,Apoptosis initiators,0.3586387634277344
2D,желудок,363,ACH-000466,Apoptosis initiators,-1.8469257354736328
2D,желудок,398,ACH-003437,Apoptosis initiators,1.042337417602539
2D,желудок,10,ACH-000678,BRAKES,0.8851814270019531
2D,желудок,16,ACH-000633,BRAKES,-1.1780014038085938
2D,желудок,27,ACH-000880,BRAKES,-3.413118362426758
2D,желудок,37,ACH-000344,BRAKES,-3.1350746154785156
2D,желудок,56,ACH-000847,BRAKES,-14.514833450317383
2D,желудок,78,ACH-001653,BRAKES,3.4131202697753906
2D,желудок,97,ACH-002544,BRAKES,-7.4024810791015625
2D,желудок,118,ACH-000758,BRAKES,7.738285064697266
2D,желудок,123,ACH-002446,BRAKES,-5.984043121337891
2D,желудок,141,ACH-000144,BRAKES,-5.711368560791016
2D,желудок,153,ACH-000507,BRAKES,1.0504016876220703
2D,желудок,157,ACH-000908,BRAKES,1.4291839599609375
2D,желудок,184,ACH-000225,BRAKES,-5.708683013916016
2D,желудок,199,ACH-000356,BRAKES,-1.3472480773925781
2D,желудок,207,ACH-000255,BRAKES,2.2203426361083984
2D,желудок,226,ACH-000764,BRAKES,3.2102928161621094
2D,желудок,230,ACH-001664,BRAKES,2.208251953125
2D,желудок,235,ACH-000948,BRAKES,3.0464210510253906
2D,желудок,247,ACH-000427,BRAKES,-0.4083366394042969
2D,желудок,286,ACH-000911,BRAKES,5.8671875
2D,желудок,335,ACH-000616,BRAKES,5.622713088989258
2D,желудок,362,ACH-000761,BRAKES,-1.4144134521484375
2D,желудок,363,ACH-000466,BRAKES,0.6420612335205078
2D,желудок,398,ACH-003437,BRAKES,-0.24446868896484375
2D,желудок,10,ACH-000678,ENTRY adaptors,6.288951873779297
2D,желудок,16,ACH-000633,ENTRY adaptors,-9.9129638671875
2D,желудок,27,ACH-000880,ENTRY adaptors,1.9422988891601562
2D,желудок,37,ACH-000344,ENTRY adaptors,5.558250427246094
2D,желудок,56,ACH-000847,ENTRY adaptors,-4.20965576171875
2D,желудок,78,ACH-001653,ENTRY adaptors,1.6333541870117188
2D,желудок,97,ACH-002544,ENTRY adaptors,-9.625511169433594
2D,желудок,118,ACH-000758,ENTRY adaptors,-2.8959732055664062
2D,желудок,123,ACH-002446,ENTRY adaptors,2.4124298095703125
2D,желудок,141,ACH-000144,ENTRY adaptors,-0.6930999755859375
2D,желудок,153,ACH-000507,ENTRY adaptors,-0.6850433349609375
2D,желудок,157,ACH-000908,ENTRY adaptors,-5.7516632080078125
2D,желудок,184,ACH-000225,ENTRY adaptors,-19.057594299316406
2D,желудок,199,ACH-000356,ENTRY adaptors,0.830108642578125
2D,желудок,207,ACH-000255,ENTRY adaptors,-2.3721237182617188
2D,желудок,226,ACH-000764,ENTRY adaptors,1.3405303955078125
2D,желудок,230,ACH-001664,ENTRY adaptors,-0.37342071533203125
2D,желудок,235,ACH-000948,ENTRY adaptors,-5.074680328369141
2D,желудок,247,ACH-000427,ENTRY adaptors,-0.6635513305664062
2D,желудок,286,ACH-000911,ENTRY adaptors,5.88330078125
2D,желудок,335,ACH-000616,ENTRY adaptors,-3.4789390563964844
2D,желудок,362,ACH-000761,ENTRY adaptors,5.606605529785156
2D,желудок,363,ACH-000466,ENTRY adaptors,0.3196868896484375
2D,желудок,398,ACH-003437,ENTRY adaptors,-3.035675048828125
2D,желудок,10,ACH-000678,ENTRY receptors,-6.816839218139648
2D,желудок,16,ACH-000633,ENTRY receptors,-2.7119579315185547
2D,желудок,27,ACH-000880,ENTRY receptors,9.064048767089844
2D,желудок,37,ACH-000344,ENTRY receptors,1.8657302856445312
2D,желудок,56,ACH-000847,ENTRY receptors,-0.7481746673583984
2D,желудок,78,ACH-001653,ENTRY receptors,4.713357925415039
2D,желудок,97,ACH-002544,ENTRY receptors,-12.272998809814453
2D,желудок,118,ACH-000758,ENTRY receptors,4.260692596435547
2D,желудок,123,ACH-002446,ENTRY receptors,-2.5118236541748047
2D,желудок,141,ACH-000144,ENTRY receptors,-20.514989852905273
2D,желудок,153,ACH-000507,ENTRY receptors,-0.16790390014648438
2D,желудок,157,ACH-000908,ENTRY receptors,13.107137680053711
2D,желудок,184,ACH-000225,ENTRY receptors,-42.264400482177734
2D,желудок,199,ACH-000356,ENTRY receptors,-1.7864837646484375
2D,желудок,207,ACH-000255,ENTRY receptors,-0.035594940185546875
2D,желудок,226,ACH-000764,ENTRY receptors,2.0148277282714844
2D,желудок,230,ACH-001664,ENTRY receptors,7.475015640258789
2D,желудок,235,ACH-000948,ENTRY receptors,12.153453826904297
2D,желудок,247,ACH-000427,ENTRY receptors,-2.107511520385742
2D,желудок,286,ACH-000911,ENTRY receptors,6.6260986328125
2D,желудок,335,ACH-000616,ENTRY receptors,1.650146484375
2D,желудок,362,ACH-000761,ENTRY receptors,2.048410415649414
2D,желудок,363,ACH-000466,ENTRY receptors,-10.516063690185547
2D,желудок,398,ACH-003437,ENTRY receptors,-2.2498912811279297
2D,желудок,10,ACH-000678,Inhibitory signals,18.58612632751465
2D,желудок,16,ACH-000633,Inhibitory signals,-4.819469451904297
2D,желудок,27,ACH-000880,Inhibitory signals,0.29685211181640625
2D,желудок,37,ACH-000344,Inhibitory signals,-3.7193775177001953
2D,желудок,56,ACH-000847,Inhibitory signals,-10.015042304992676
2D,желудок,78,ACH-001653,Inhibitory signals,8.957925796508789
2D,желудок,97,ACH-002544,Inhibitory signals,-15.198526382446289
2D,желудок,118,ACH-000758,Inhibitory signals,-0.047008514404296875
2D,желудок,123,ACH-002446,Inhibitory signals,1.5299263000488281
2D,желудок,141,ACH-000144,Inhibitory signals,-5.526005268096924
2D,желудок,153,ACH-000507,Inhibitory signals,3.0759735107421875
2D,желудок,157,ACH-000908,Inhibitory signals,1.7340984344482422
2D,желудок,184,ACH-000225,Inhibitory signals,-1.630666732788086
2D,желудок,199,ACH-000356,Inhibitory signals,-0.7239961624145508
2D,желудок,207,ACH-000255,Inhibitory signals,0.3868522644042969
2D,желудок,226,ACH-000764,Inhibitory signals,2.955078125
2D,желудок,230,ACH-001664,Inhibitory signals,-3.0491065979003906
2D,желудок,235,ACH-000948,Inhibitory signals,4.309051513671875
2D,желудок,247,ACH-000427,Inhibitory signals,-2.5762939453125
2D,желудок,286,ACH-000911,Inhibitory signals,0.2713336944580078
2D,желудок,335,ACH-000616,Inhibitory signals,5.386308670043945
2D,желудок,362,ACH-000761,Inhibitory signals,6.384321212768555
2D,желудок,363,ACH-000466,Inhibitory signals,2.5306243896484375
2D,желудок,398,ACH-003437,Inhibitory signals,3.114927291870117
2D,желудок,10,ACH-000678,MHC-I presentation,7.950517654418945
2D,желудок,16,ACH-000633,MHC-I presentation,-14.06753921508789
2D,желудок,27,ACH-000880,MHC-I presentation,0.8542900085449219
2D,желудок,37,ACH-000344,MHC-I presentation,2.2794418334960938
2D,желудок,56,ACH-000847,MHC-I presentation,-16.580703735351562
2D,желудок,78,ACH-001653,MHC-I presentation,10.146682739257812
2D,желудок,97,ACH-002544,MHC-I presentation,-37.392539978027344
2D,желудок,118,ACH-000758,MHC-I presentation,0.8784637451171875
2D,желудок,123,ACH-002446,MHC-I presentation,6.06732177734375
2D,желудок,141,ACH-000144,MHC-I presentation,-20.995866775512695
2D,желудок,153,ACH-000507,MHC-I presentation,-6.446109771728516
2D,желудок,157,ACH-000908,MHC-I presentation,-1.4426231384277344
2D,желудок,184,ACH-000225,MHC-I presentation,-23.044273376464844
2D,желудок,199,ACH-000356,MHC-I presentation,-3.47625732421875
2D,желудок,207,ACH-000255,MHC-I presentation,2.0994529724121094
2D,желудок,226,ACH-000764,MHC-I presentation,-0.6931037902832031
2D,желудок,230,ACH-001664,MHC-I presentation,-3.679075241088867
2D,желудок,235,ACH-000948,MHC-I presentation,-3.410429000854492
2D,желудок,247,ACH-000427,MHC-I presentation,0.4808769226074219
2D,желудок,286,ACH-000911,MHC-I presentation,1.27874755859375
2D,желудок,335,ACH-000616,MHC-I presentation,-0.2364044189453125
2D,желудок,362,ACH-000761,MHC-I presentation,8.839725494384766
2D,желудок,363,ACH-000466,MHC-I presentation,6.763111114501953
2D,желудок,398,ACH-003437,MHC-I presentation,2.858367919921875
2D,желудок,10,ACH-000678,NK activating ligands,8.622127532958984
2D,желудок,16,ACH-000633,NK activating ligands,5.188854217529297
2D,желудок,27,ACH-000880,NK activating ligands,3.9772777557373047
2D,желудок,37,ACH-000344,NK activating ligands,-7.164731979370117
2D,желудок,56,ACH-000847,NK activating ligands,-16.250268936157227
2D,желудок,78,ACH-001653,NK activating ligands,4.749622344970703
2D,желудок,97,ACH-002544,NK activating ligands,-6.737585067749023
2D,желудок,118,ACH-000758,NK activating ligands,-0.5856437683105469
2D,желудок,123,ACH-002446,NK activating ligands,8.628841400146484
2D,желудок,141,ACH-000144,NK activating ligands,-3.8671302795410156
2D,желудок,153,ACH-000507,NK activating ligands,-6.986083030700684
2D,желудок,157,ACH-000908,NK activating ligands,-6.905488967895508
2D,желудок,184,ACH-000225,NK activating ligands,-9.951910018920898
2D,желудок,199,ACH-000356,NK activating ligands,-8.747716903686523
2D,желудок,207,ACH-000255,NK activating ligands,3.5165462493896484
2D,желудок,226,ACH-000764,NK activating ligands,8.220499038696289
2D,желудок,230,ACH-001664,NK activating ligands,3.2640256881713867
2D,желудок,235,ACH-000948,NK activating ligands,0.35326385498046875
2D,желудок,247,ACH-000427,NK activating ligands,-1.5447025299072266
2D,желудок,286,ACH-000911,NK activating ligands,4.067264556884766
2D,желудок,335,ACH-000616,NK activating ligands,4.0457763671875
2D,желудок,362,ACH-000761,NK activating ligands,3.9947338104248047
2D,желудок,363,ACH-000466,NK activating ligands,-7.211748123168945
2D,желудок,398,ACH-003437,NK activating ligands,0.7293682098388672
2D,желудок,10,ACH-000678,Necroptosis executioners,-2.811359405517578
2D,желудок,16,ACH-000633,Necroptosis executioners,-3.221038818359375
2D,желудок,27,ACH-000880,Necroptosis executioners,2.1975059509277344
2D,желудок,37,ACH-000344,Necroptosis executioners,3.915487289428711
2D,желудок,56,ACH-000847,Necroptosis executioners,-16.676071166992188
2D,желудок,78,ACH-001653,Necroptosis executioners,-3.9732437133789062
2D,желудок,97,ACH-002544,Necroptosis executioners,-19.01595687866211
2D,желудок,118,ACH-000758,Necroptosis executioners,-5.73286247253418
2D,желудок,123,ACH-002446,Necroptosis executioners,-1.9114055633544922
2D,желудок,141,ACH-000144,Necroptosis executioners,-9.393133163452148
2D,желудок,153,ACH-000507,Necroptosis executioners,-5.002147674560547
2D,желудок,157,ACH-000908,Necroptosis executioners,-14.757949829101562
2D,желудок,184,ACH-000225,Necroptosis executioners,-12.282395362854004
2D,желудок,199,ACH-000356,Necroptosis executioners,17.013214111328125
2D,желудок,207,ACH-000255,Necroptosis executioners,1.2438182830810547
2D,желудок,226,ACH-000764,Necroptosis executioners,2.988668441772461
2D,желудок,230,ACH-001664,Necroptosis executioners,6.2876129150390625
2D,желудок,235,ACH-000948,Necroptosis executioners,8.223190307617188
2D,желудок,247,ACH-000427,Necroptosis executioners,5.496456146240234
2D,желудок,286,ACH-000911,Necroptosis executioners,4.102867126464844
2D,желудок,335,ACH-000616,Necroptosis executioners,3.061197280883789
2D,желудок,362,ACH-000761,Necroptosis executioners,-2.701213836669922
2D,желудок,363,ACH-000466,Necroptosis executioners,-10.724266052246094
2D,желудок,398,ACH-003437,Necroptosis executioners,-10.712177276611328
2D,желудок,10,ACH-000678,Necroptosis initiators,0.094024658203125
2D,желудок,16,ACH-000633,Necroptosis initiators,-5.789276123046875
2D,желудок,27,ACH-000880,Necroptosis initiators,10.436813354492188
2D,желудок,37,ACH-000344,Necroptosis initiators,-3.7905654907226562
2D,желудок,56,ACH-000847,Necroptosis initiators,0.0
2D,желудок,78,ACH-001653,Necroptosis initiators,3.4762535095214844
2D,желудок,97,ACH-002544,Necroptosis initiators,-7.511282920837402
2D,желудок,118,ACH-000758,Necroptosis initiators,-2.5977859497070312
2D,желудок,123,ACH-002446,Necroptosis initiators,0.0
2D,желудок,141,ACH-000144,Necroptosis initiators,-2.694499969482422
2D,желудок,153,ACH-000507,Necroptosis initiators,10.6624755859375
2D,желудок,157,ACH-000908,Necroptosis initiators,0.16118621826171875
2D,желудок,184,ACH-000225,Necroptosis initiators,-0.6205673217773438
2D,желудок,199,ACH-000356,Necroptosis initiators,13.507414817810059
2D,желудок,207,ACH-000255,Necroptosis initiators,0.0
2D,желудок,226,ACH-000764,Necroptosis initiators,-1.1202430725097656
2D,желудок,230,ACH-001664,Necroptosis initiators,5.356761932373047
2D,желудок,235,ACH-000948,Necroptosis initiators,0.48087310791015625
2D,желудок,247,ACH-000427,Necroptosis initiators,9.969375610351562
2D,желудок,286,ACH-000911,Necroptosis initiators,3.578338623046875
2D,желудок,335,ACH-000616,Necroptosis initiators,2.2001914978027344
2D,желудок,362,ACH-000761,Necroptosis initiators,3.1082115173339844
2D,желудок,363,ACH-000466,Necroptosis initiators,12.185684204101562
2D,желудок,398,ACH-003437,Necroptosis initiators,3.4574508666992188
2D,желудок,10,ACH-000678,Pyroptosis executioners,6.9981689453125
2D,желудок,16,ACH-000633,Pyroptosis executioners,20.19933319091797
2D,желудок,27,ACH-000880,Pyroptosis executioners,-6.417900085449219
2D,желудок,37,ACH-000344,Pyroptosis executioners,-8.53213119506836
2D,желудок,56,ACH-000847,Pyroptosis executioners,-9.139263153076172
2D,желудок,78,ACH-001653,Pyroptosis executioners,7.9545440673828125
2D,желудок,97,ACH-002544,Pyroptosis executioners,1.8106575012207031
2D,желудок,118,ACH-000758,Pyroptosis executioners,-5.8349456787109375
2D,желудок,123,ACH-002446,Pyroptosis executioners,2.3774948120117188
2D,желудок,141,ACH-000144,Pyroptosis executioners,-4.6367950439453125
2D,желудок,153,ACH-000507,Pyroptosis executioners,-0.26058197021484375
2D,желудок,157,ACH-000908,Pyroptosis executioners,-7.454868316650391
2D,желудок,184,ACH-000225,Pyroptosis executioners,8.099609375
2D,желудок,199,ACH-000356,Pyroptosis executioners,0.6689224243164062
2D,желудок,207,ACH-000255,Pyroptosis executioners,0.7871322631835938
2D,желудок,226,ACH-000764,Pyroptosis executioners,-0.993988037109375
2D,желудок,230,ACH-001664,Pyroptosis executioners,-2.630023956298828
2D,желудок,235,ACH-000948,Pyroptosis executioners,-5.8349456787109375
2D,желудок,247,ACH-000427,Pyroptosis executioners,2.7777786254882812
2D,желудок,286,ACH-000911,Pyroptosis executioners,-7.433376312255859
2D,желудок,335,ACH-000616,Pyroptosis executioners,3.7341537475585938
2D,желудок,362,ACH-000761,Pyroptosis executioners,3.2640228271484375
2D,желудок,363,ACH-000466,Pyroptosis executioners,12.548355102539062
2D,желудок,398,ACH-003437,Pyroptosis executioners,1.5017204284667969
2D,желудок,10,ACH-000678,Pyroptosis initiators,6.893409729003906
2D,желудок,16,ACH-000633,Pyroptosis initiators,-0.07522010803222656
2D,желудок,27,ACH-000880,Pyroptosis initiators,-11.191703796386719
2D,желудок,37,ACH-000344,Pyroptosis initiators,0.35729408264160156
2D,желудок,56,ACH-000847,Pyroptosis initiators,-4.580377578735352
2D,желудок,78,ACH-001653,Pyroptosis initiators,0.0
2D,желудок,97,ACH-002544,Pyroptosis initiators,1.0074138641357422
2D,желудок,118,ACH-000758,Pyroptosis initiators,7.882011413574219
2D,желудок,123,ACH-002446,Pyroptosis initiators,0.0
2D,желудок,141,ACH-000144,Pyroptosis initiators,-6.979368686676025
2D,желудок,153,ACH-000507,Pyroptosis initiators,4.2687530517578125
2D,желудок,157,ACH-000908,Pyroptosis initiators,0.0
2D,желудок,184,ACH-000225,Pyroptosis initiators,-1.716634750366211
2D,желудок,199,ACH-000356,Pyroptosis initiators,-6.673114776611328
2D,желудок,207,ACH-000255,Pyroptosis initiators,0.04567718505859375
2D,желудок,226,ACH-000764,Pyroptosis initiators,0.0
2D,желудок,230,ACH-001664,Pyroptosis initiators,0.0
2D,желудок,235,ACH-000948,Pyroptosis initiators,-3.2882003784179688
2D,желудок,247,ACH-000427,Pyroptosis initiators,3.6293792724609375
2D,желудок,286,ACH-000911,Pyroptosis initiators,8.4783935546875
2D,желудок,335,ACH-000616,Pyroptosis initiators,5.985389709472656
2D,желудок,362,ACH-000761,Pyroptosis initiators,2.2807884216308594
2D,желудок,363,ACH-000466,Pyroptosis initiators,-0.07521820068359375
2D,желудок,398,ACH-003437,Pyroptosis initiators,4.215019226074219
здоровая,кишка,0,TSP14||Epithelium,Apoptosis executioners,7.333976745605469
здоровая,кишка,1,TSP25||Epithelium,Apoptosis executioners,5.906135559082031
здоровая,кишка,2,TSP26||Epithelium,Apoptosis executioners,11.899574279785156
здоровая,кишка,3,TSP27||Epithelium,Apoptosis executioners,16.402053833007812
здоровая,кишка,4,TSP2||Epithelium,Apoptosis executioners,14.983612060546875
здоровая,кишка,0,TSP14||Epithelium,Apoptosis initiators,-2.947690963745117
здоровая,кишка,1,TSP25||Epithelium,Apoptosis initiators,1.8569984436035156
здоровая,кишка,2,TSP26||Epithelium,Apoptosis initiators,5.251317977905273
здоровая,кишка,3,TSP27||Epithelium,Apoptosis initiators,-1.8549842834472656
здоровая,кишка,4,TSP2||Epithelium,Apoptosis initiators,1.5688819885253906
здоровая,кишка,0,TSP14||Epithelium,BRAKES,18.258377075195312
здоровая,кишка,1,TSP25||Epithelium,BRAKES,22.019393920898438
здоровая,кишка,2,TSP26||Epithelium,BRAKES,23.716552734375
здоровая,кишка,3,TSP27||Epithelium,BRAKES,25.716609954833984
здоровая,кишка,4,TSP2||Epithelium,BRAKES,19.51563262939453
здоровая,кишка,0,TSP14||Epithelium,ENTRY adaptors,3.8120498657226562
здоровая,кишка,1,TSP25||Epithelium,ENTRY adaptors,1.65350341796875
здоровая,кишка,2,TSP26||Epithelium,ENTRY adaptors,7.015632629394531
здоровая,кишка,3,TSP27||Epithelium,ENTRY adaptors,-0.643402099609375
здоровая,кишка,4,TSP2||Epithelium,ENTRY adaptors,-1.9261741638183594
здоровая,кишка,0,TSP14||Epithelium,ENTRY receptors,1.3902320861816406
здоровая,кишка,1,TSP25||Epithelium,ENTRY receptors,10.490543365478516
здоровая,кишка,2,TSP26||Epithelium,ENTRY receptors,9.935123443603516
здоровая,кишка,3,TSP27||Epithelium,ENTRY receptors,8.081478118896484
здоровая,кишка,4,TSP2||Epithelium,ENTRY receptors,7.820892333984375
здоровая,кишка,0,TSP14||Epithelium,Inhibitory signals,10.03384780883789
здоровая,кишка,1,TSP25||Epithelium,Inhibitory signals,5.773159027099609
здоровая,кишка,2,TSP26||Epithelium,Inhibitory signals,12.61551284790039
здоровая,кишка,3,TSP27||Epithelium,Inhibitory signals,11.262895584106445
здоровая,кишка,4,TSP2||Epithelium,Inhibitory signals,5.035728454589844
здоровая,кишка,0,TSP14||Epithelium,MHC-I presentation,2.8113555908203125
здоровая,кишка,1,TSP25||Epithelium,MHC-I presentation,8.098941802978516
здоровая,кишка,2,TSP26||Epithelium,MHC-I presentation,7.161373138427734
здоровая,кишка,3,TSP27||Epithelium,MHC-I presentation,9.150680541992188
здоровая,кишка,4,TSP2||Epithelium,MHC-I presentation,4.613960266113281
здоровая,кишка,0,TSP14||Epithelium,NK activating ligands,-16.93799591064453
здоровая,кишка,1,TSP25||Epithelium,NK activating ligands,-8.781972885131836
здоровая,кишка,2,TSP26||Epithelium,NK activating ligands,-14.138729095458984
здоровая,кишка,3,TSP27||Epithelium,NK activating ligands,-15.749246597290039
здоровая,кишка,4,TSP2||Epithelium,NK activating ligands,-9.229263305664062
здоровая,кишка,0,TSP14||Epithelium,Necroptosis executioners,-14.942646026611328
здоровая,кишка,1,TSP25||Epithelium,Necroptosis executioners,-9.195680618286133
здоровая,кишка,2,TSP26||Epithelium,Necroptosis executioners,-16.187807083129883
здоровая,кишка,3,TSP27||Epithelium,Necroptosis executioners,-21.03011703491211
здоровая,кишка,4,TSP2||Epithelium,Necroptosis executioners,-14.198497772216797
здоровая,кишка,0,TSP14||Epithelium,Necroptosis initiators,-8.309154510498047
здоровая,кишка,1,TSP25||Epithelium,Necroptosis initiators,4.168010711669922
здоровая,кишка,2,TSP26||Epithelium,Necroptosis initiators,0.0
здоровая,кишка,3,TSP27||Epithelium,Necroptosis initiators,11.777347564697266
здоровая,кишка,4,TSP2||Epithelium,Necroptosis initiators,4.695894241333008
здоровая,кишка,0,TSP14||Epithelium,Pyroptosis executioners,5.641517639160156
здоровая,кишка,1,TSP25||Epithelium,Pyroptosis executioners,12.078231811523438
здоровая,кишка,2,TSP26||Epithelium,Pyroptosis executioners,18.678802490234375
здоровая,кишка,3,TSP27||Epithelium,Pyroptosis executioners,10.211151123046875
здоровая,кишка,4,TSP2||Epithelium,Pyroptosis executioners,8.533477783203125
здоровая,кишка,0,TSP14||Epithelium,Pyroptosis initiators,-2.75628662109375
здоровая,кишка,1,TSP25||Epithelium,Pyroptosis initiators,-5.394369125366211
здоровая,кишка,2,TSP26||Epithelium,Pyroptosis initiators,0.0
здоровая,кишка,3,TSP27||Epithelium,Pyroptosis initiators,-0.6984748840332031
здоровая,кишка,4,TSP2||Epithelium,Pyroptosis initiators,-5.090801239013672
пациент,кишка,2,crc_GSE166555|crc_GSE166555_Patient007,Apoptosis executioners,3.959808349609375
пациент,кишка,3,crc_GSE166555|crc_GSE166555_Patient008,Apoptosis executioners,3.2505874633789062
пациент,кишка,4,crc_GSE166555|crc_GSE166555_Patient009,Apoptosis executioners,11.19708251953125
пациент,кишка,5,crc_GSE166555|crc_GSE166555_Patient009,Apoptosis executioners,9.272247314453125
пациент,кишка,6,crc_GSE166555|crc_GSE166555_Patient012,Apoptosis executioners,12.510749816894531
пациент,кишка,7,crc_GSE166555|crc_GSE166555_Patient013,Apoptosis executioners,7.7664947509765625
пациент,кишка,8,crc_GSE166555|crc_GSE166555_Patient014,Apoptosis executioners,10.563079833984375
пациент,кишка,9,crc_GSE166555|crc_GSE166555_Patient016,Apoptosis executioners,12.921768188476562
пациент,кишка,10,crc_GSE166555|crc_GSE166555_Patient017,Apoptosis executioners,14.702880859375
пациент,кишка,11,crc_GSE166555|crc_GSE166555_Patient020,Apoptosis executioners,4.419197082519531
пациент,кишка,12,crc_GSE166555|crc_GSE166555_Patient026,Apoptosis executioners,12.166877746582031
пациент,кишка,13,crc_GSE188711|crc_GSE188711_GSM5688707,Apoptosis executioners,0.49967193603515625
пациент,кишка,14,crc_GSE188711|crc_GSE188711_GSM5688709,Apoptosis executioners,7.978729248046875
пациент,кишка,15,crc_GSE188711|crc_GSE188711_GSM5688711,Apoptosis executioners,13.203849792480469
пациент,кишка,16,crc_HOLee_GSE132257|crc_HOLee_GSE132465_SMC13,Apoptosis executioners,5.902107238769531
пациент,кишка,17,crc_HOLee_GSE132465|crc_HOLee_GSE132465_SMC04,Apoptosis executioners,-3.1082077026367188
пациент,кишка,18,crc_HOLee_GSE132465|crc_HOLee_GSE132465_SMC14,Apoptosis executioners,-9.244033813476562
пациент,кишка,19,crc_HOLee_GSE132465|crc_HOLee_GSE132465_SMC15,Apoptosis executioners,8.516006469726562
пациент,кишка,20,crc_HOLee_GSE132465|crc_HOLee_GSE132465_SMC17,Apoptosis executioners,1.30291748046875
пациент,кишка,21,crc_HOLee_GSE132465|crc_HOLee_GSE132465_SMC20,Apoptosis executioners,3.5246047973632812
пациент,кишка,22,crc_HOLee_GSE144735|crc_HOLee_GSE132465_KUL21,Apoptosis executioners,-0.4002838134765625
пациент,кишка,23,crc_pan_blueprint|crc_pan_blueprint_33,Apoptosis executioners,0.55340576171875
пациент,кишка,24,crc_pan_blueprint|crc_pan_blueprint_33,Apoptosis executioners,1.8187179565429688
пациент,кишка,25,crc_pan_blueprint|crc_pan_blueprint_35,Apoptosis executioners,5.2815399169921875
пациент,кишка,26,crc_pan_blueprint|crc_pan_blueprint_35,Apoptosis executioners,6.297019958496094
пациент,кишка,27,crc_pan_blueprint|crc_pan_blueprint_37,Apoptosis executioners,8.196319580078125
пациент,кишка,2,crc_GSE166555|crc_GSE166555_Patient007,Apoptosis initiators,-0.0537261962890625
пациент,кишка,3,crc_GSE166555|crc_GSE166555_Patient008,Apoptosis initiators,-1.1471061706542969
пациент,кишка,4,crc_GSE166555|crc_GSE166555_Patient009,Apoptosis initiators,-2.6810684204101562
пациент,кишка,5,crc_GSE166555|crc_GSE166555_Patient009,Apoptosis initiators,-2.1975059509277344
пациент,кишка,6,crc_GSE166555|crc_GSE166555_Patient012,Apoptosis initiators,-0.3761024475097656
пациент,кишка,7,crc_GSE166555|crc_GSE166555_Patient013,Apoptosis initiators,-4.333225250244141
пациент,кишка,8,crc_GSE166555|crc_GSE166555_Patient014,Apoptosis initiators,-0.6810150146484375
пациент,кишка,9,crc_GSE166555|crc_GSE166555_Patient016,Apoptosis initiators,-1.5970840454101562
пациент,кишка,10,crc_GSE166555|crc_GSE166555_Patient017,Apoptosis initiators,3.4373016357421875
пациент,кишка,11,crc_GSE166555|crc_GSE166555_Patient020,Apoptosis initiators,2.2109413146972656
пациент,кишка,12,crc_GSE166555|crc_GSE166555_Patient026,Apoptosis initiators,-2.7858352661132812
пациент,кишка,13,crc_GSE188711|crc_GSE188711_GSM5688707,Apoptosis initiators,-1.8160362243652344
пациент,кишка,14,crc_GSE188711|crc_GSE188711_GSM5688709,Apoptosis initiators,3.218353271484375
пациент,кишка,15,crc_GSE188711|crc_GSE188711_GSM5688711,Apoptosis initiators,-0.464752197265625
пациент,кишка,16,crc_HOLee_GSE132257|crc_HOLee_GSE132465_SMC13,Apoptosis initiators,0.8220500946044922
пациент,кишка,17,crc_HOLee_GSE132465|crc_HOLee_GSE132465_SMC04,Apoptosis initiators,-1.8415565490722656
пациент,кишка,18,crc_HOLee_GSE132465|crc_HOLee_GSE132465_SMC14,Apoptosis initiators,-1.1672592163085938
пациент,кишка,19,crc_HOLee_GSE132465|crc_HOLee_GSE132465_SMC15,Apoptosis initiators,2.1894474029541016
пациент,кишка,20,crc_HOLee_GSE132465|crc_HOLee_GSE132465_SMC17,Apoptosis initiators,3.2049217224121094
пациент,кишка,21,crc_HOLee_GSE132465|crc_HOLee_GSE132465_SMC20,Apoptosis initiators,2.6662940979003906
пациент,кишка,22,crc_HOLee_GSE144735|crc_HOLee_GSE132465_KUL21,Apoptosis initiators,-4.135772705078125
пациент,кишка,23,crc_pan_blueprint|crc_pan_blueprint_33,Apoptosis initiators,-4.0001068115234375
пациент,кишка,24,crc_pan_blueprint|crc_pan_blueprint_33,Apoptosis initiators,-5.543466567993164
пациент,кишка,25,crc_pan_blueprint|crc_pan_blueprint_35,Apoptosis initiators,1.8778228759765625
пациент,кишка,26,crc_pan_blueprint|crc_pan_blueprint_35,Apoptosis initiators,2.157215118408203
пациент,кишка,27,crc_pan_blueprint|crc_pan_blueprint_37,Apoptosis initiators,-2.6447982788085938
пациент,кишка,2,crc_GSE166555|crc_GSE166555_Patient007,BRAKES,12.295833587646484
пациент,кишка,3,crc_GSE166555|crc_GSE166555_Patient008,BRAKES,16.920536041259766
пациент,кишка,4,crc_GSE166555|crc_GSE166555_Patient009,BRAKES,15.600151062011719
пациент,кишка,5,crc_GSE166555|crc_GSE166555_Patient009,BRAKES,14.795562744140625
пациент,кишка,6,crc_GSE166555|crc_GSE166555_Patient012,BRAKES,20.18724250793457
пациент,кишка,7,crc_GSE166555|crc_GSE166555_Patient013,BRAKES,11.072158813476562
пациент,кишка,8,crc_GSE166555|crc_GSE166555_Patient014,BRAKES,15.421504974365234
пациент,кишка,9,crc_GSE166555|crc_GSE166555_Patient016,BRAKES,11.12991714477539
пациент,кишка,10,crc_GSE166555|crc_GSE166555_Patient017,BRAKES,17.519611358642578
пациент,кишка,11,crc_GSE166555|crc_GSE166555_Patient020,BRAKES,10.886795043945312
пациент,кишка,12,crc_GSE166555|crc_GSE166555_Patient026,BRAKES,15.793575286865234
пациент,кишка,13,crc_GSE188711|crc_GSE188711_GSM5688707,BRAKES,14.228721618652344
пациент,кишка,14,crc_GSE188711|crc_GSE188711_GSM5688709,BRAKES,20.197994232177734
пациент,кишка,15,crc_GSE188711|crc_GSE188711_GSM5688711,BRAKES,21.750755310058594
пациент,кишка,16,crc_HOLee_GSE132257|crc_HOLee_GSE132465_SMC13,BRAKES,8.92300796508789
пациент,кишка,17,crc_HOLee_GSE132465|crc_HOLee_GSE132465_SMC04,BRAKES,9.050609588623047
пациент,кишка,18,crc_HOLee_GSE132465|crc_HOLee_GSE132465_SMC14,BRAKES,15.371803283691406
пациент,кишка,19,crc_HOLee_GSE132465|crc_HOLee_GSE132465_SMC15,BRAKES,12.004348754882812
пациент,кишка,20,crc_HOLee_GSE132465|crc_HOLee_GSE132465_SMC17,BRAKES,13.6094970703125
пациент,кишка,21,crc_HOLee_GSE132465|crc_HOLee_GSE132465_SMC20,BRAKES,11.540939331054688
пациент,кишка,22,crc_HOLee_GSE144735|crc_HOLee_GSE132465_KUL21,BRAKES,7.986774444580078
пациент,кишка,23,crc_pan_blueprint|crc_pan_blueprint_33,BRAKES,8.424671173095703
пациент,кишка,24,crc_pan_blueprint|crc_pan_blueprint_33,BRAKES,7.296367645263672
пациент,кишка,25,crc_pan_blueprint|crc_pan_blueprint_35,BRAKES,13.594722747802734
пациент,кишка,26,crc_pan_blueprint|crc_pan_blueprint_35,BRAKES,6.901462554931641
пациент,кишка,27,crc_pan_blueprint|crc_pan_blueprint_37,BRAKES,12.005695343017578
пациент,кишка,2,crc_GSE166555|crc_GSE166555_Patient007,ENTRY adaptors,2.0954208374023438
пациент,кишка,3,crc_GSE166555|crc_GSE166555_Patient008,ENTRY adaptors,4.5669403076171875
пациент,кишка,4,crc_GSE166555|crc_GSE166555_Patient009,ENTRY adaptors,0.42983245849609375
пациент,кишка,5,crc_GSE166555|crc_GSE166555_Patient009,ENTRY adaptors,-0.45131683349609375
пациент,кишка,6,crc_GSE166555|crc_GSE166555_Patient012,ENTRY adaptors,5.0048370361328125
пациент,кишка,7,crc_GSE166555|crc_GSE166555_Patient013,ENTRY adaptors,3.8765296936035156
пациент,кишка,8,crc_GSE166555|crc_GSE166555_Patient014,ENTRY adaptors,0.5104217529296875
пациент,кишка,9,crc_GSE166555|crc_GSE166555_Patient016,ENTRY adaptors,4.0565185546875
пациент,кишка,10,crc_GSE166555|crc_GSE166555_Patient017,ENTRY adaptors,-1.3082962036132812
пациент,кишка,11,crc_GSE166555|crc_GSE166555_Patient020,ENTRY adaptors,5.176765441894531
пациент,кишка,12,crc_GSE166555|crc_GSE166555_Patient026,ENTRY adaptors,-1.007415771484375
пациент,кишка,13,crc_GSE188711|crc_GSE188711_GSM5688707,ENTRY adaptors,-3.4896926879882812
пациент,кишка,14,crc_GSE188711|crc_GSE188711_GSM5688709,ENTRY adaptors,7.597248077392578
пациент,кишка,15,crc_GSE188711|crc_GSE188711_GSM5688711,ENTRY adaptors,1.8643875122070312
пациент,кишка,16,crc_HOLee_GSE132257|crc_HOLee_GSE132465_SMC13,ENTRY adaptors,5.324520111083984
пациент,кишка,17,crc_HOLee_GSE132465|crc_HOLee_GSE132465_SMC04,ENTRY adaptors,4.674400329589844
пациент,кишка,18,crc_HOLee_GSE132465|crc_HOLee_GSE132465_SMC14,ENTRY adaptors,12.66925048828125
пациент,кишка,19,crc_HOLee_GSE132465|crc_HOLee_GSE132465_SMC15,ENTRY adaptors,3.3043212890625
пациент,кишка,20,crc_HOLee_GSE132465|crc_HOLee_GSE132465_SMC17,ENTRY adaptors,5.33526611328125
пациент,кишка,21,crc_HOLee_GSE132465|crc_HOLee_GSE132465_SMC20,ENTRY adaptors,1.8455810546875
пациент,кишка,22,crc_HOLee_GSE144735|crc_HOLee_GSE132465_KUL21,ENTRY adaptors,8.4434814453125
пациент,кишка,23,crc_pan_blueprint|crc_pan_blueprint_33,ENTRY adaptors,8.548248291015625
пациент,кишка,24,crc_pan_blueprint|crc_pan_blueprint_33,ENTRY adaptors,8.032447814941406
пациент,кишка,25,crc_pan_blueprint|crc_pan_blueprint_35,ENTRY adaptors,9.346122741699219
пациент,кишка,26,crc_pan_blueprint|crc_pan_blueprint_35,ENTRY adaptors,4.419189453125
пациент,кишка,27,crc_pan_blueprint|crc_pan_blueprint_37,ENTRY adaptors,-6.511924743652344
пациент,кишка,2,crc_GSE166555|crc_GSE166555_Patient007,ENTRY receptors,9.75042724609375
пациент,кишка,3,crc_GSE166555|crc_GSE166555_Patient008,ENTRY receptors,-13.604129791259766
пациент,кишка,4,crc_GSE166555|crc_GSE166555_Patient009,ENTRY receptors,7.175479888916016
пациент,кишка,5,crc_GSE166555|crc_GSE166555_Patient009,ENTRY receptors,5.32720947265625
пациент,кишка,6,crc_GSE166555|crc_GSE166555_Patient012,ENTRY receptors,12.256874084472656
пациент,кишка,7,crc_GSE166555|crc_GSE166555_Patient013,ENTRY receptors,-0.8959312438964844
пациент,кишка,8,crc_GSE166555|crc_GSE166555_Patient014,ENTRY receptors,4.106224060058594
пациент,кишка,9,crc_GSE166555|crc_GSE166555_Patient016,ENTRY receptors,3.734149932861328
пациент,кишка,10,crc_GSE166555|crc_GSE166555_Patient017,ENTRY receptors,1.202178955078125
пациент,кишка,11,crc_GSE166555|crc_GSE166555_Patient020,ENTRY receptors,-1.0060710906982422
пациент,кишка,12,crc_GSE166555|crc_GSE166555_Patient026,ENTRY receptors,7.371593475341797
пациент,кишка,13,crc_GSE188711|crc_GSE188711_GSM5688707,ENTRY receptors,5.957180023193359
пациент,кишка,14,crc_GSE188711|crc_GSE188711_GSM5688709,ENTRY receptors,-0.16655731201171875
пациент,кишка,15,crc_GSE188711|crc_GSE188711_GSM5688711,ENTRY receptors,5.875244140625
пациент,кишка,16,crc_HOLee_GSE132257|crc_HOLee_GSE132465_SMC13,ENTRY receptors,-7.593217849731445
пациент,кишка,17,crc_HOLee_GSE132465|crc_HOLee_GSE132465_SMC04,ENTRY receptors,-14.581987380981445
пациент,кишка,18,crc_HOLee_GSE132465|crc_HOLee_GSE132465_SMC14,ENTRY receptors,-7.464271545410156
пациент,кишка,19,crc_HOLee_GSE132465|crc_HOLee_GSE132465_SMC15,ENTRY receptors,-10.07682991027832
пациент,кишка,20,crc_HOLee_GSE132465|crc_HOLee_GSE132465_SMC17,ENTRY receptors,2.333171844482422
пациент,кишка,21,crc_HOLee_GSE132465|crc_HOLee_GSE132465_SMC20,ENTRY receptors,2.147815704345703
пациент,кишка,22,crc_HOLee_GSE144735|crc_HOLee_GSE132465_KUL21,ENTRY receptors,-4.346654891967773
пациент,кишка,23,crc_pan_blueprint|crc_pan_blueprint_33,ENTRY receptors,-4.244577407836914
пациент,кишка,24,crc_pan_blueprint|crc_pan_blueprint_33,ENTRY receptors,-4.026973724365234
пациент,кишка,25,crc_pan_blueprint|crc_pan_blueprint_35,ENTRY receptors,-2.603160858154297
пациент,кишка,26,crc_pan_blueprint|crc_pan_blueprint_35,ENTRY receptors,-9.303138732910156
пациент,кишка,27,crc_pan_blueprint|crc_pan_blueprint_37,ENTRY receptors,-18.882980346679688
пациент,кишка,2,crc_GSE166555|crc_GSE166555_Patient007,Inhibitory signals,10.169513702392578
пациент,кишка,3,crc_GSE166555|crc_GSE166555_Patient008,Inhibitory signals,8.845100402832031
пациент,кишка,4,crc_GSE166555|crc_GSE166555_Patient009,Inhibitory signals,8.298404693603516
пациент,кишка,5,crc_GSE166555|crc_GSE166555_Patient009,Inhibitory signals,11.746453285217285
пациент,кишка,6,crc_GSE166555|crc_GSE166555_Patient012,Inhibitory signals,18.518970489501953
пациент,кишка,7,crc_GSE166555|crc_GSE166555_Patient013,Inhibitory signals,7.986785888671875
пациент,кишка,8,crc_GSE166555|crc_GSE166555_Patient014,Inhibitory signals,10.48919677734375
пациент,кишка,9,crc_GSE166555|crc_GSE166555_Patient016,Inhibitory signals,11.28976058959961
пациент,кишка,10,crc_GSE166555|crc_GSE166555_Patient017,Inhibitory signals,8.096927642822266
пациент,кишка,11,crc_GSE166555|crc_GSE166555_Patient020,Inhibitory signals,8.157371520996094
пациент,кишка,12,crc_GSE166555|crc_GSE166555_Patient026,Inhibitory signals,8.4515380859375
пациент,кишка,13,crc_GSE188711|crc_GSE188711_GSM5688707,Inhibitory signals,4.505161285400391
пациент,кишка,14,crc_GSE188711|crc_GSE188711_GSM5688709,Inhibitory signals,20.506927490234375
пациент,кишка,15,crc_GSE188711|crc_GSE188711_GSM5688711,Inhibitory signals,9.26552963256836
пациент,кишка,16,crc_HOLee_GSE132257|crc_HOLee_GSE132465_SMC13,Inhibitory signals,10.239363670349121
пациент,кишка,17,crc_HOLee_GSE132465|crc_HOLee_GSE132465_SMC04,Inhibitory signals,6.313133239746094
пациент,кишка,18,crc_HOLee_GSE132465|crc_HOLee_GSE132465_SMC14,Inhibitory signals,7.238609313964844
пациент,кишка,19,crc_HOLee_GSE132465|crc_HOLee_GSE132465_SMC15,Inhibitory signals,6.926982879638672
пациент,кишка,20,crc_HOLee_GSE132465|crc_HOLee_GSE132465_SMC17,Inhibitory signals,7.309803009033203
пациент,кишка,21,crc_HOLee_GSE132465|crc_HOLee_GSE132465_SMC20,Inhibitory signals,7.7208251953125
пациент,кишка,22,crc_HOLee_GSE144735|crc_HOLee_GSE132465_KUL21,Inhibitory signals,6.0162811279296875
пациент,кишка,23,crc_pan_blueprint|crc_pan_blueprint_33,Inhibitory signals,6.270149230957031
пациент,кишка,24,crc_pan_blueprint|crc_pan_blueprint_33,Inhibitory signals,5.6428680419921875
пациент,кишка,25,crc_pan_blueprint|crc_pan_blueprint_35,Inhibitory signals,11.749137878417969
пациент,кишка,26,crc_pan_blueprint|crc_pan_blueprint_35,Inhibitory signals,6.718784332275391
пациент,кишка,27,crc_pan_blueprint|crc_pan_blueprint_37,Inhibitory signals,6.0216522216796875
пациент,кишка,2,crc_GSE166555|crc_GSE166555_Patient007,MHC-I presentation,11.828392028808594
пациент,кишка,3,crc_GSE166555|crc_GSE166555_Patient008,MHC-I presentation,7.061309814453125
пациент,кишка,4,crc_GSE166555|crc_GSE166555_Patient009,MHC-I presentation,11.060066223144531
пациент,кишка,5,crc_GSE166555|crc_GSE166555_Patient009,MHC-I presentation,10.542926788330078
пациент,кишка,6,crc_GSE166555|crc_GSE166555_Patient012,MHC-I presentation,9.942508697509766
пациент,кишка,7,crc_GSE166555|crc_GSE166555_Patient013,MHC-I presentation,9.591930389404297
пациент,кишка,8,crc_GSE166555|crc_GSE166555_Patient014,MHC-I presentation,11.665863037109375
пациент,кишка,9,crc_GSE166555|crc_GSE166555_Patient016,MHC-I presentation,6.153287887573242
пациент,кишка,10,crc_GSE166555|crc_GSE166555_Patient017,MHC-I presentation,6.8477325439453125
пациент,кишка,11,crc_GSE166555|crc_GSE166555_Patient020,MHC-I presentation,9.886093139648438
пациент,кишка,12,crc_GSE166555|crc_GSE166555_Patient026,MHC-I presentation,1.7623062133789062
пациент,кишка,13,crc_GSE188711|crc_GSE188711_GSM5688707,MHC-I presentation,11.4012451171875
пациент,кишка,14,crc_GSE188711|crc_GSE188711_GSM5688709,MHC-I presentation,18.66672134399414
пациент,кишка,15,crc_GSE188711|crc_GSE188711_GSM5688711,MHC-I presentation,1.011444091796875
пациент,кишка,16,crc_HOLee_GSE132257|crc_HOLee_GSE132465_SMC13,MHC-I presentation,8.863906860351562
пациент,кишка,17,crc_HOLee_GSE132465|crc_HOLee_GSE132465_SMC04,MHC-I presentation,7.902156829833984
пациент,кишка,18,crc_HOLee_GSE132465|crc_HOLee_GSE132465_SMC14,MHC-I presentation,9.272239685058594
пациент,кишка,19,crc_HOLee_GSE132465|crc_HOLee_GSE132465_SMC15,MHC-I presentation,8.65032958984375
пациент,кишка,20,crc_HOLee_GSE132465|crc_HOLee_GSE132465_SMC17,MHC-I presentation,9.794757843017578
пациент,кишка,21,crc_HOLee_GSE132465|crc_HOLee_GSE132465_SMC20,MHC-I presentation,5.406459808349609
пациент,кишка,22,crc_HOLee_GSE144735|crc_HOLee_GSE132465_KUL21,MHC-I presentation,6.704002380371094
пациент,кишка,23,crc_pan_blueprint|crc_pan_blueprint_33,MHC-I presentation,8.92435073852539
пациент,кишка,24,crc_pan_blueprint|crc_pan_blueprint_33,MHC-I presentation,5.411832809448242
пациент,кишка,25,crc_pan_blueprint|crc_pan_blueprint_35,MHC-I presentation,11.12723159790039
пациент,кишка,26,crc_pan_blueprint|crc_pan_blueprint_35,MHC-I presentation,8.687946319580078
пациент,кишка,27,crc_pan_blueprint|crc_pan_blueprint_37,MHC-I presentation,-1.8939399719238281
пациент,кишка,2,crc_GSE166555|crc_GSE166555_Patient007,NK activating ligands,-13.667255401611328
пациент,кишка,3,crc_GSE166555|crc_GSE166555_Patient008,NK activating ligands,-7.610681533813477
пациент,кишка,4,crc_GSE166555|crc_GSE166555_Patient009,NK activating ligands,-13.702181816101074
пациент,кишка,5,crc_GSE166555|crc_GSE166555_Patient009,NK activating ligands,-12.140016555786133
пациент,кишка,6,crc_GSE166555|crc_GSE166555_Patient012,NK activating ligands,-10.102354049682617
пациент,кишка,7,crc_GSE166555|crc_GSE166555_Patient013,NK activating ligands,-6.83833122253418
пациент,кишка,8,crc_GSE166555|crc_GSE166555_Patient014,NK activating ligands,-19.500858306884766
пациент,кишка,9,crc_GSE166555|crc_GSE166555_Patient016,NK activating ligands,-4.666343688964844
пациент,кишка,10,crc_GSE166555|crc_GSE166555_Patient017,NK activating ligands,-15.91446304321289
пациент,кишка,11,crc_GSE166555|crc_GSE166555_Patient020,NK activating ligands,-3.6790771484375
пациент,кишка,12,crc_GSE166555|crc_GSE166555_Patient026,NK activating ligands,-11.557062149047852
пациент,кишка,13,crc_GSE188711|crc_GSE188711_GSM5688707,NK activating ligands,0.4943046569824219
пациент,кишка,14,crc_GSE188711|crc_GSE188711_GSM5688709,NK activating ligands,0.0
пациент,кишка,15,crc_GSE188711|crc_GSE188711_GSM5688711,NK activating ligands,-7.242637634277344
пациент,кишка,16,crc_HOLee_GSE132257|crc_HOLee_GSE132465_SMC13,NK activating ligands,-4.206961631774902
пациент,кишка,17,crc_HOLee_GSE132465|crc_HOLee_GSE132465_SMC04,NK activating ligands,-10.772619247436523
пациент,кишка,18,crc_HOLee_GSE132465|crc_HOLee_GSE132465_SMC14,NK activating ligands,-1.8858814239501953
пациент,кишка,19,crc_HOLee_GSE132465|crc_HOLee_GSE132465_SMC15,NK activating ligands,-12.281055450439453
пациент,кишка,20,crc_HOLee_GSE132465|crc_HOLee_GSE132465_SMC17,NK activating ligands,4.934986114501953
пациент,кишка,21,crc_HOLee_GSE132465|crc_HOLee_GSE132465_SMC20,NK activating ligands,-9.616106033325195
пациент,кишка,22,crc_HOLee_GSE144735|crc_HOLee_GSE132465_KUL21,NK activating ligands,-11.100364685058594
пациент,кишка,23,crc_pan_blueprint|crc_pan_blueprint_33,NK activating ligands,-15.418815612792969
пациент,кишка,24,crc_pan_blueprint|crc_pan_blueprint_33,NK activating ligands,-10.362937927246094
пациент,кишка,25,crc_pan_blueprint|crc_pan_blueprint_35,NK activating ligands,-9.534170150756836
пациент,кишка,26,crc_pan_blueprint|crc_pan_blueprint_35,NK activating ligands,-6.279550552368164
пациент,кишка,27,crc_pan_blueprint|crc_pan_blueprint_37,NK activating ligands,-15.631043434143066
пациент,кишка,2,crc_GSE166555|crc_GSE166555_Patient007,Necroptosis executioners,0.5816154479980469
пациент,кишка,3,crc_GSE166555|crc_GSE166555_Patient008,Necroptosis executioners,-7.374271392822266
пациент,кишка,4,crc_GSE166555|crc_GSE166555_Patient009,Necroptosis executioners,0.3304328918457031
пациент,кишка,5,crc_GSE166555|crc_GSE166555_Patient009,Necroptosis executioners,-3.49237060546875
пациент,кишка,6,crc_GSE166555|crc_GSE166555_Patient012,Necroptosis executioners,-1.7421531677246094
пациент,кишка,7,crc_GSE166555|crc_GSE166555_Patient013,Necroptosis executioners,-2.6219635009765625
пациент,кишка,8,crc_GSE166555|crc_GSE166555_Patient014,Necroptosis executioners,-2.3492889404296875
пациент,кишка,9,crc_GSE166555|crc_GSE166555_Patient016,Necroptosis executioners,5.1378173828125
пациент,кишка,10,crc_GSE166555|crc_GSE166555_Patient017,Necroptosis executioners,-4.5427703857421875
пациент,кишка,11,crc_GSE166555|crc_GSE166555_Patient020,Necroptosis executioners,6.80340576171875
пациент,кишка,12,crc_GSE166555|crc_GSE166555_Patient026,Necroptosis executioners,0.9980125427246094
пациент,кишка,13,crc_GSE188711|crc_GSE188711_GSM5688707,Necroptosis executioners,5.050502777099609
пациент,кишка,14,crc_GSE188711|crc_GSE188711_GSM5688709,Necroptosis executioners,-17.37656021118164
пациент,кишка,15,crc_GSE188711|crc_GSE188711_GSM5688711,Necroptosis executioners,-29.846336364746094
пациент,кишка,16,crc_HOLee_GSE132257|crc_HOLee_GSE132465_SMC13,Necroptosis executioners,-7.348751068115234
пациент,кишка,17,crc_HOLee_GSE132465|crc_HOLee_GSE132465_SMC04,Necroptosis executioners,0.9039840698242188
пациент,кишка,18,crc_HOLee_GSE132465|crc_HOLee_GSE132465_SMC14,Necroptosis executioners,-2.1787033081054688
пациент,кишка,19,crc_HOLee_GSE132465|crc_HOLee_GSE132465_SMC15,Necroptosis executioners,-4.442028045654297
пациент,кишка,20,crc_HOLee_GSE132465|crc_HOLee_GSE132465_SMC17,Necroptosis executioners,-10.07817268371582
пациент,кишка,21,crc_HOLee_GSE132465|crc_HOLee_GSE132465_SMC20,Necroptosis executioners,-12.485225677490234
пациент,кишка,22,crc_HOLee_GSE144735|crc_HOLee_GSE132465_KUL21,Necroptosis executioners,-11.633623123168945
пациент,кишка,23,crc_pan_blueprint|crc_pan_blueprint_33,Necroptosis executioners,-9.863256454467773
пациент,кишка,24,crc_pan_blueprint|crc_pan_blueprint_33,Necroptosis executioners,-12.444925308227539
пациент,кишка,25,crc_pan_blueprint|crc_pan_blueprint_35,Necroptosis executioners,-19.213411331176758
пациент,кишка,26,crc_pan_blueprint|crc_pan_blueprint_35,Necroptosis executioners,-11.86600112915039
пациент,кишка,27,crc_pan_blueprint|crc_pan_blueprint_37,Necroptosis executioners,-1.9516925811767578
пациент,кишка,2,crc_GSE166555|crc_GSE166555_Patient007,Necroptosis initiators,10.786048889160156
пациент,кишка,3,crc_GSE166555|crc_GSE166555_Patient008,Necroptosis initiators,-0.34386444091796875
пациент,кишка,4,crc_GSE166555|crc_GSE166555_Patient009,Necroptosis initiators,8.819580078125
пациент,кишка,5,crc_GSE166555|crc_GSE166555_Patient009,Necroptosis initiators,8.217811584472656
пациент,кишка,6,crc_GSE166555|crc_GSE166555_Patient012,Necroptosis initiators,13.252197265625
пациент,кишка,7,crc_GSE166555|crc_GSE166555_Patient013,Necroptosis initiators,8.588546752929688
пациент,кишка,8,crc_GSE166555|crc_GSE166555_Patient014,Necroptosis initiators,13.6068115234375
пациент,кишка,9,crc_GSE166555|crc_GSE166555_Patient016,Necroptosis initiators,8.884052276611328
пациент,кишка,10,crc_GSE166555|crc_GSE166555_Patient017,Necroptosis initiators,13.5853271484375
пациент,кишка,11,crc_GSE166555|crc_GSE166555_Patient020,Necroptosis initiators,12.567161560058594
пациент,кишка,12,crc_GSE166555|crc_GSE166555_Patient026,Necroptosis initiators,7.347408294677734
пациент,кишка,13,crc_GSE188711|crc_GSE188711_GSM5688707,Necroptosis initiators,12.223297119140625
пациент,кишка,14,crc_GSE188711|crc_GSE188711_GSM5688709,Necroptosis initiators,37.34284210205078
пациент,кишка,15,crc_GSE188711|crc_GSE188711_GSM5688711,Necroptosis initiators,11.179618835449219
пациент,кишка,16,crc_HOLee_GSE132257|crc_HOLee_GSE132465_SMC13,Necroptosis initiators,1.3512802124023438
пациент,кишка,17,crc_HOLee_GSE132465|crc_HOLee_GSE132465_SMC04,Necroptosis initiators,2.5574874877929688
пациент,кишка,18,crc_HOLee_GSE132465|crc_HOLee_GSE132465_SMC14,Necroptosis initiators,1.0960655212402344
пациент,кишка,19,crc_HOLee_GSE132465|crc_HOLee_GSE132465_SMC15,Necroptosis initiators,-1.7112617492675781
пациент,кишка,20,crc_HOLee_GSE132465|crc_HOLee_GSE132465_SMC17,Necroptosis initiators,5.826881408691406
пациент,кишка,21,crc_HOLee_GSE132465|crc_HOLee_GSE132465_SMC20,Necroptosis initiators,7.8605194091796875
пациент,кишка,22,crc_HOLee_GSE144735|crc_HOLee_GSE132465_KUL21,Necroptosis initiators,3.7072830200195312
пациент,кишка,23,crc_pan_blueprint|crc_pan_blueprint_33,Necroptosis initiators,2.9577713012695312
пациент,кишка,24,crc_pan_blueprint|crc_pan_blueprint_33,Necroptosis initiators,3.5058021545410156
пациент,кишка,25,crc_pan_blueprint|crc_pan_blueprint_35,Necroptosis initiators,0.24715423583984375
пациент,кишка,26,crc_pan_blueprint|crc_pan_blueprint_35,Necroptosis initiators,0.4190864562988281
пациент,кишка,27,crc_pan_blueprint|crc_pan_blueprint_37,Necroptosis initiators,-8.021705627441406
пациент,кишка,2,crc_GSE166555|crc_GSE166555_Patient007,Pyroptosis executioners,15.938644409179688
пациент,кишка,3,crc_GSE166555|crc_GSE166555_Patient008,Pyroptosis executioners,2.847625732421875
пациент,кишка,4,crc_GSE166555|crc_GSE166555_Patient009,Pyroptosis executioners,21.271217346191406
пациент,кишка,5,crc_GSE166555|crc_GSE166555_Patient009,Pyroptosis executioners,21.53449249267578
пациент,кишка,6,crc_GSE166555|crc_GSE166555_Patient012,Pyroptosis executioners,21.585540771484375
пациент,кишка,7,crc_GSE166555|crc_GSE166555_Patient013,Pyroptosis executioners,14.829147338867188
пациент,кишка,8,crc_GSE166555|crc_GSE166555_Patient014,Pyroptosis executioners,19.060287475585938
пациент,кишка,9,crc_GSE166555|crc_GSE166555_Patient016,Pyroptosis executioners,16.795616149902344
пациент,кишка,10,crc_GSE166555|crc_GSE166555_Patient017,Pyroptosis executioners,20.99988555908203
пациент,кишка,11,crc_GSE166555|crc_GSE166555_Patient020,Pyroptosis executioners,12.054046630859375
пациент,кишка,12,crc_GSE166555|crc_GSE166555_Patient026,Pyroptosis executioners,6.705352783203125
пациент,кишка,13,crc_GSE188711|crc_GSE188711_GSM5688707,Pyroptosis executioners,17.974960327148438
пациент,кишка,14,crc_GSE188711|crc_GSE188711_GSM5688709,Pyroptosis executioners,24.688369750976562
пациент,кишка,15,crc_GSE188711|crc_GSE188711_GSM5688711,Pyroptosis executioners,15.44970703125
пациент,кишка,16,crc_HOLee_GSE132257|crc_HOLee_GSE132465_SMC13,Pyroptosis executioners,8.36019515991211
пациент,кишка,17,crc_HOLee_GSE132465|crc_HOLee_GSE132465_SMC04,Pyroptosis executioners,-1.5312671661376953
пациент,кишка,18,crc_HOLee_GSE132465|crc_HOLee_GSE132465_SMC14,Pyroptosis executioners,9.356864929199219
пациент,кишка,19,crc_HOLee_GSE132465|crc_HOLee_GSE132465_SMC15,Pyroptosis executioners,6.025684356689453
пациент,кишка,20,crc_HOLee_GSE132465|crc_HOLee_GSE132465_SMC17,Pyroptosis executioners,5.5770416259765625
пациент,кишка,21,crc_HOLee_GSE132465|crc_HOLee_GSE132465_SMC20,Pyroptosis executioners,-7.916934967041016
пациент,кишка,22,crc_HOLee_GSE144735|crc_HOLee_GSE132465_KUL21,Pyroptosis executioners,12.529552459716797
пациент,кишка,23,crc_pan_blueprint|crc_pan_blueprint_33,Pyroptosis executioners,12.940574645996094
пациент,кишка,24,crc_pan_blueprint|crc_pan_blueprint_33,Pyroptosis executioners,10.683967590332031
пациент,кишка,25,crc_pan_blueprint|crc_pan_blueprint_35,Pyroptosis executioners,13.896949768066406
пациент,кишка,26,crc_pan_blueprint|crc_pan_blueprint_35,Pyroptosis executioners,8.795394897460938
пациент,кишка,27,crc_pan_blueprint|crc_pan_blueprint_37,Pyroptosis executioners,6.339996337890625
пациент,кишка,2,crc_GSE166555|crc_GSE166555_Patient007,Pyroptosis initiators,1.3620223999023438
пациент,кишка,3,crc_GSE166555|crc_GSE166555_Patient008,Pyroptosis initiators,15.490009307861328
пациент,кишка,4,crc_GSE166555|crc_GSE166555_Patient009,Pyroptosis initiators,1.7676753997802734
пациент,кишка,5,crc_GSE166555|crc_GSE166555_Patient009,Pyroptosis initiators,12.208520889282227
пациент,кишка,6,crc_GSE166555|crc_GSE166555_Patient012,Pyroptosis initiators,16.129379272460938
пациент,кишка,7,crc_GSE166555|crc_GSE166555_Patient013,Pyroptosis initiators,9.563720703125
пациент,кишка,8,crc_GSE166555|crc_GSE166555_Patient014,Pyroptosis initiators,12.936546325683594
пациент,кишка,9,crc_GSE166555|crc_GSE166555_Patient016,Pyroptosis initiators,3.6105728149414062
пациент,кишка,10,crc_GSE166555|crc_GSE166555_Patient017,Pyroptosis initiators,0.0
пациент,кишка,11,crc_GSE166555|crc_GSE166555_Patient020,Pyroptosis initiators,21.90791130065918
пациент,кишка,12,crc_GSE166555|crc_GSE166555_Patient026,Pyroptosis initiators,18.557920455932617
пациент,кишка,13,crc_GSE188711|crc_GSE188711_GSM5688707,Pyroptosis initiators,7.617397308349609
пациент,кишка,14,crc_GSE188711|crc_GSE188711_GSM5688709,Pyroptosis initiators,0.0
пациент,кишка,15,crc_GSE188711|crc_GSE188711_GSM5688711,Pyroptosis initiators,0.0
пациент,кишка,16,crc_HOLee_GSE132257|crc_HOLee_GSE132465_SMC13,Pyroptosis initiators,9.327314376831055
пациент,кишка,17,crc_HOLee_GSE132465|crc_HOLee_GSE132465_SMC04,Pyroptosis initiators,7.014289855957031
пациент,кишка,18,crc_HOLee_GSE132465|crc_HOLee_GSE132465_SMC14,Pyroptosis initiators,26.045026779174805
пациент,кишка,19,crc_HOLee_GSE132465|crc_HOLee_GSE132465_SMC15,Pyroptosis initiators,6.834300994873047
пациент,кишка,20,crc_HOLee_GSE132465|crc_HOLee_GSE132465_SMC17,Pyroptosis initiators,15.14883041381836
пациент,кишка,21,crc_HOLee_GSE132465|crc_HOLee_GSE132465_SMC20,Pyroptosis initiators,-5.168712615966797
пациент,кишка,22,crc_HOLee_GSE144735|crc_HOLee_GSE132465_KUL21,Pyroptosis initiators,-2.2834739685058594
пациент,кишка,23,crc_pan_blueprint|crc_pan_blueprint_33,Pyroptosis initiators,-1.6709671020507812
пациент,кишка,24,crc_pan_blueprint|crc_pan_blueprint_33,Pyroptosis initiators,-3.0034408569335938
пациент,кишка,25,crc_pan_blueprint|crc_pan_blueprint_35,Pyroptosis initiators,25.197452545166016
пациент,кишка,26,crc_pan_blueprint|crc_pan_blueprint_35,Pyroptosis initiators,16.303997039794922
пациент,кишка,27,crc_pan_blueprint|crc_pan_blueprint_37,Pyroptosis initiators,0.12089157104492188
органоид,кишка,21,ACH-002839,Apoptosis executioners,-2.7912139892578125
органоид,кишка,22,ACH-002840,Apoptosis executioners,2.493011474609375
органоид,кишка,23,ACH-002841,Apoptosis executioners,7.640228271484375
органоид,кишка,90,ACH-003332,Apoptosis executioners,-3.0947723388671875
органоид,кишка,91,ACH-003333,Apoptosis executioners,7.14862060546875
органоид,кишка,92,ACH-003334,Apoptosis executioners,4.577690124511719
органоид,кишка,93,ACH-003335,Apoptosis executioners,6.839668273925781
органоид,кишка,94,ACH-003336,Apoptosis executioners,-2.1733245849609375
органоид,кишка,95,ACH-003337,Apoptosis executioners,7.376953125
органоид,кишка,98,ACH-003345,Apoptosis executioners,6.554908752441406
органоид,кишка,99,ACH-003346,Apoptosis executioners,4.494407653808594
органоид,кишка,100,ACH-003348,Apoptosis executioners,10.944557189941406
органоид,кишка,104,ACH-003363,Apoptosis executioners,4.894691467285156
органоид,кишка,105,ACH-003364,Apoptosis executioners,6.8423614501953125
органоид,кишка,106,ACH-003365,Apoptosis executioners,3.0356826782226562
органоид,кишка,107,ACH-003366,Apoptosis executioners,8.231254577636719
органоид,кишка,108,ACH-003367,Apoptosis executioners,0.48087310791015625
органоид,кишка,118,ACH-003386,Apoptosis executioners,-1.7891693115234375
органоид,кишка,119,ACH-003387,Apoptosis executioners,8.311836242675781
органоид,кишка,120,ACH-003388,Apoptosis executioners,3.5407333374023438
органоид,кишка,121,ACH-003389,Apoptosis executioners,3.3553619384765625
органоид,кишка,122,ACH-003390,Apoptosis executioners,8.180206298828125
органоид,кишка,123,ACH-003391,Apoptosis executioners,5.157966613769531
органоид,кишка,124,ACH-003399,Apoptosis executioners,1.9073638916015625
органоид,кишка,125,ACH-003400,Apoptosis executioners,8.696006774902344
органоид,кишка,126,ACH-003401,Apoptosis executioners,1.0933761596679688
органоид,кишка,127,ACH-003402,Apoptosis executioners,3.2398452758789062
органоид,кишка,145,ACH-003705,Apoptosis executioners,8.4622802734375
органоид,кишка,146,ACH-003707,Apoptosis executioners,9.856544494628906
органоид,кишка,21,ACH-002839,Apoptosis initiators,1.5164947509765625
органоид,кишка,22,ACH-002840,Apoptosis initiators,2.0067710876464844
органоид,кишка,23,ACH-002841,Apoptosis initiators,0.53997802734375
органоид,кишка,90,ACH-003332,Apoptosis initiators,0.3358039855957031
органоид,кишка,91,ACH-003333,Apoptosis initiators,1.66156005859375
органоид,кишка,92,ACH-003334,Apoptosis initiators,3.163280487060547
органоид,кишка,93,ACH-003335,Apoptosis initiators,2.1813888549804688
органоид,кишка,94,ACH-003336,Apoptosis initiators,-0.6313133239746094
органоид,кишка,95,ACH-003337,Apoptosis initiators,1.2142677307128906
органоид,кишка,98,ACH-003345,Apoptosis initiators,2.1007957458496094
органоид,кишка,99,ACH-003346,Apoptosis initiators,2.1854209899902344
органоид,кишка,100,ACH-003348,Apoptosis initiators,2.3479461669921875
органоид,кишка,104,ACH-003363,Apoptosis initiators,3.9719009399414062
органоид,кишка,105,ACH-003364,Apoptosis initiators,2.666290283203125
органоид,кишка,106,ACH-003365,Apoptosis initiators,1.2209854125976562
органоид,кишка,107,ACH-003366,Apoptosis initiators,1.4130706787109375
органоид,кишка,108,ACH-003367,Apoptosis initiators,5.869869232177734
органоид,кишка,118,ACH-003386,Apoptosis initiators,1.9503517150878906
органоид,кишка,119,ACH-003387,Apoptosis initiators,0.9268226623535156
органоид,кишка,120,ACH-003388,Apoptosis initiators,-0.4056510925292969
органоид,кишка,121,ACH-003389,Apoptosis initiators,0.8448829650878906
органоид,кишка,122,ACH-003390,Apoptosis initiators,1.3620243072509766
органоид,кишка,123,ACH-003391,Apoptosis initiators,1.4157562255859375
органоид,кишка,124,ACH-003399,Apoptosis initiators,1.1108436584472656
органоид,кишка,125,ACH-003400,Apoptosis initiators,-0.025516510009765625
органоид,кишка,126,ACH-003401,Apoptosis initiators,3.590423583984375
органоид,кишка,127,ACH-003402,Apoptosis initiators,-0.2968482971191406
органоид,кишка,145,ACH-003705,Apoptosis initiators,3.84698486328125
органоид,кишка,146,ACH-003707,Apoptosis initiators,1.928863525390625
органоид,кишка,21,ACH-002839,BRAKES,2.00811767578125
органоид,кишка,22,ACH-002840,BRAKES,-2.5024185180664062
органоид,кишка,23,ACH-002841,BRAKES,1.1390533447265625
органоид,кишка,90,ACH-003332,BRAKES,2.4003334045410156
органоид,кишка,91,ACH-003333,BRAKES,-1.6803703308105469
органоид,кишка,92,ACH-003334,BRAKES,-0.9348831176757812
органоид,кишка,93,ACH-003335,BRAKES,-0.080596923828125
органоид,кишка,94,ACH-003336,BRAKES,2.5991287231445312
органоид,кишка,95,ACH-003337,BRAKES,2.9282188415527344
органоид,кишка,98,ACH-003345,BRAKES,-1.7797622680664062
органоид,кишка,99,ACH-003346,BRAKES,0.15581130981445312
органоид,кишка,100,ACH-003348,BRAKES,0.088653564453125
органоид,кишка,104,ACH-003363,BRAKES,0.7602596282958984
органоид,кишка,105,ACH-003364,BRAKES,-3.4843101501464844
органоид,кишка,106,ACH-003365,BRAKES,-3.454763412475586
органоид,кишка,107,ACH-003366,BRAKES,-1.5258979797363281
органоид,кишка,108,ACH-003367,BRAKES,-1.4372444152832031
органоид,кишка,118,ACH-003386,BRAKES,-4.663657188415527
органоид,кишка,119,ACH-003387,BRAKES,-3.1176090240478516
органоид,кишка,120,ACH-003388,BRAKES,1.4345588684082031
органоид,кишка,121,ACH-003389,BRAKES,-4.425909996032715
органоид,кишка,122,ACH-003390,BRAKES,-0.098052978515625
органоид,кишка,123,ACH-003391,BRAKES,1.2491950988769531
органоид,кишка,124,ACH-003399,BRAKES,2.0349807739257812
органоид,кишка,125,ACH-003400,BRAKES,1.6320114135742188
органоид,кишка,126,ACH-003401,BRAKES,2.0537872314453125
органоид,кишка,127,ACH-003402,BRAKES,2.6837501525878906
органоид,кишка,145,ACH-003705,BRAKES,8.044544219970703
органоид,кишка,146,ACH-003707,BRAKES,-0.20550918579101562
органоид,кишка,21,ACH-002839,ENTRY adaptors,0.7038497924804688
органоид,кишка,22,ACH-002840,ENTRY adaptors,-1.738128662109375
органоид,кишка,23,ACH-002841,ENTRY adaptors,-0.6608657836914062
органоид,кишка,90,ACH-003332,ENTRY adaptors,-2.1088485717773438
органоид,кишка,91,ACH-003333,ENTRY adaptors,4.693206787109375
органоид,кишка,92,ACH-003334,ENTRY adaptors,0.5990829467773438
органоид,кишка,93,ACH-003335,ENTRY adaptors,3.4440155029296875
органоид,кишка,94,ACH-003336,ENTRY adaptors,-1.1659164428710938
органоид,кишка,95,ACH-003337,ENTRY adaptors,0.9375648498535156
органоид,кишка,98,ACH-003345,ENTRY adaptors,2.8368797302246094
органоид,кишка,99,ACH-003346,ENTRY adaptors,2.9953842163085938
органоид,кишка,100,ACH-003348,ENTRY adaptors,3.3661041259765625
органоид,кишка,104,ACH-003363,ENTRY adaptors,2.0793075561523438
органоид,кишка,105,ACH-003364,ENTRY adaptors,-5.1982574462890625
органоид,кишка,106,ACH-003365,ENTRY adaptors,-2.1894454956054688
органоид,кишка,107,ACH-003366,ENTRY adaptors,1.4265022277832031
органоид,кишка,108,ACH-003367,ENTRY adaptors,11.283050537109375
органоид,кишка,118,ACH-003386,ENTRY adaptors,3.2237281799316406
органоид,кишка,119,ACH-003387,ENTRY adaptors,1.6226119995117188
органоид,кишка,120,ACH-003388,ENTRY adaptors,-3.4252090454101562
органоид,кишка,121,ACH-003389,ENTRY adaptors,0.8516006469726562
органоид,кишка,122,ACH-003390,ENTRY adaptors,-0.7817573547363281
органоид,кишка,123,ACH-003391,ENTRY adaptors,-3.403717041015625
органоид,кишка,124,ACH-003399,ENTRY adaptors,-1.195465087890625
органоид,кишка,125,ACH-003400,ENTRY adaptors,-1.7488746643066406
органоид,кишка,126,ACH-003401,ENTRY adaptors,-0.12357330322265625
органоид,кишка,127,ACH-003402,ENTRY adaptors,-5.273475646972656
органоид,кишка,145,ACH-003705,ENTRY adaptors,-3.5246124267578125
органоид,кишка,146,ACH-003707,ENTRY adaptors,0.8677215576171875
органоид,кишка,21,ACH-002839,ENTRY receptors,-3.7811641693115234
органоид,кишка,22,ACH-002840,ENTRY receptors,-0.4069957733154297
органоид,кишка,23,ACH-002841,ENTRY receptors,6.947132110595703
органоид,кишка,90,ACH-003332,ENTRY receptors,2.3533172607421875
органоид,кишка,91,ACH-003333,ENTRY receptors,1.8294677734375
органоид,кишка,92,ACH-003334,ENTRY receptors,-5.383626937866211
органоид,кишка,93,ACH-003335,ENTRY receptors,-4.327854156494141
органоид,кишка,94,ACH-003336,ENTRY receptors,-6.501850128173828
органоид,кишка,95,ACH-003337,ENTRY receptors,5.242591857910156
органоид,кишка,98,ACH-003345,ENTRY receptors,-9.892810821533203
органоид,кишка,99,ACH-003346,ENTRY receptors,-6.454170227050781
органоид,кишка,100,ACH-003348,ENTRY receptors,7.481739044189453
органоид,кишка,104,ACH-003363,ENTRY receptors,4.036373138427734
органоид,кишка,105,ACH-003364,ENTRY receptors,-2.936277389526367
органоид,кишка,106,ACH-003365,ENTRY receptors,-5.276166915893555
органоид,кишка,107,ACH-003366,ENTRY receptors,-5.069311141967773
органоид,кишка,108,ACH-003367,ENTRY receptors,1.4251556396484375
органоид,кишка,118,ACH-003386,ENTRY receptors,-1.2290420532226562
органоид,кишка,119,ACH-003387,ENTRY receptors,-12.195087432861328
органоид,кишка,120,ACH-003388,ENTRY receptors,-7.493827819824219
органоид,кишка,121,ACH-003389,ENTRY receptors,2.5064430236816406
органоид,кишка,122,ACH-003390,ENTRY receptors,5.957176208496094
органоид,кишка,123,ACH-003391,ENTRY receptors,0.5171413421630859
органоид,кишка,124,ACH-003399,ENTRY receptors,-1.9503555297851562
органоид,кишка,125,ACH-003400,ENTRY receptors,1.4278450012207031
органоид,кишка,126,ACH-003401,ENTRY receptors,-11.739740371704102
органоид,кишка,127,ACH-003402,ENTRY receptors,-7.269502639770508
органоид,кишка,145,ACH-003705,ENTRY receptors,7.098915100097656
органоид,кишка,146,ACH-003707,ENTRY receptors,5.714054107666016
органоид,кишка,21,ACH-002839,Inhibitory signals,2.4191360473632812
органоид,кишка,22,ACH-002840,Inhibitory signals,1.5111255645751953
органоид,кишка,23,ACH-002841,Inhibitory signals,1.7273826599121094
органоид,кишка,90,ACH-003332,Inhibitory signals,1.7569313049316406
органоид,кишка,91,ACH-003333,Inhibitory signals,0.834136962890625
органоид,кишка,92,ACH-003334,Inhibitory signals,-3.191486358642578
органоид,кишка,93,ACH-003335,Inhibitory signals,0.07387542724609375
органоид,кишка,94,ACH-003336,Inhibitory signals,2.3183975219726562
органоид,кишка,95,ACH-003337,Inhibitory signals,-1.2411346435546875
органоид,кишка,98,ACH-003345,Inhibitory signals,-0.4029655456542969
органоид,кишка,99,ACH-003346,Inhibitory signals,-1.64410400390625
органоид,кишка,100,ACH-003348,Inhibitory signals,1.2505378723144531
органоид,кишка,104,ACH-003363,Inhibitory signals,2.6622657775878906
органоид,кишка,105,ACH-003364,Inhibitory signals,-1.5997753143310547
органоид,кишка,106,ACH-003365,Inhibitory signals,1.6494712829589844
органоид,кишка,107,ACH-003366,Inhibitory signals,1.1524848937988281
органоид,кишка,108,ACH-003367,Inhibitory signals,1.5836524963378906
органоид,кишка,118,ACH-003386,Inhibitory signals,-1.3405303955078125
органоид,кишка,119,ACH-003387,Inhibitory signals,1.0235328674316406
органоид,кишка,120,ACH-003388,Inhibitory signals,2.02154541015625
органоид,кишка,121,ACH-003389,Inhibitory signals,-0.21894454956054688
органоид,кишка,122,ACH-003390,Inhibitory signals,3.2787933349609375
органоид,кишка,123,ACH-003391,Inhibitory signals,-2.122283935546875
органоид,кишка,124,ACH-003399,Inhibitory signals,3.8160858154296875
органоид,кишка,125,ACH-003400,Inhibitory signals,1.3284454345703125
органоид,кишка,126,ACH-003401,Inhibitory signals,1.7354373931884766
органоид,кишка,127,ACH-003402,Inhibitory signals,0.47818756103515625
органоид,кишка,145,ACH-003705,Inhibitory signals,2.5682334899902344
органоид,кишка,146,ACH-003707,Inhibitory signals,3.558187484741211
органоид,кишка,21,ACH-002839,MHC-I presentation,-2.9832897186279297
органоид,кишка,22,ACH-002840,MHC-I presentation,4.201587677001953
органоид,кишка,23,ACH-002841,MHC-I presentation,4.797977447509766
органоид,кишка,90,ACH-003332,MHC-I presentation,0.6138496398925781
органоид,кишка,91,ACH-003333,MHC-I presentation,0.6259422302246094
органоид,кишка,92,ACH-003334,MHC-I presentation,-3.3661041259765625
органоид,кишка,93,ACH-003335,MHC-I presentation,-3.9410057067871094
органоид,кишка,94,ACH-003336,MHC-I presentation,0.6071357727050781
органоид,кишка,95,ACH-003337,MHC-I presentation,-0.09671401977539062
органоид,кишка,98,ACH-003345,MHC-I presentation,-4.9242401123046875
органоид,кишка,99,ACH-003346,MHC-I presentation,-4.196216583251953
органоид,кишка,100,ACH-003348,MHC-I presentation,-2.885234832763672
органоид,кишка,104,ACH-003363,MHC-I presentation,3.7563133239746094
органоид,кишка,105,ACH-003364,MHC-I presentation,-6.060602188110352
органоид,кишка,106,ACH-003365,MHC-I presentation,0.5010185241699219
органоид,кишка,107,ACH-003366,MHC-I presentation,-0.8153305053710938
органоид,кишка,108,ACH-003367,MHC-I presentation,4.326511383056641
органоид,кишка,118,ACH-003386,MHC-I presentation,1.466796875
органоид,кишка,119,ACH-003387,MHC-I presentation,-5.861808776855469
органоид,кишка,120,ACH-003388,MHC-I presentation,3.977275848388672
органоид,кишка,121,ACH-003389,MHC-I presentation,2.7871780395507812
органоид,кишка,122,ACH-003390,MHC-I presentation,0.3102836608886719
органоид,кишка,123,ACH-003391,MHC-I presentation,5.080055236816406
органоид,кишка,124,ACH-003399,MHC-I presentation,-0.5748977661132812
органоид,кишка,125,ACH-003400,MHC-I presentation,0.15850067138671875
органоид,кишка,126,ACH-003401,MHC-I presentation,-0.17864608764648438
органоид,кишка,127,ACH-003402,MHC-I presentation,-1.47216796875
органоид,кишка,145,ACH-003705,MHC-I presentation,-7.090854644775391
органоид,кишка,146,ACH-003707,MHC-I presentation,3.9436912536621094
органоид,кишка,21,ACH-002839,NK activating ligands,-4.617988586425781
органоид,кишка,22,ACH-002840,NK activating ligands,0.7884693145751953
органоид,кишка,23,ACH-002841,NK activating ligands,0.43654632568359375
органоид,кишка,90,ACH-003332,NK activating ligands,-5.436012268066406
органоид,кишка,91,ACH-003333,NK activating ligands,2.509134292602539
органоид,кишка,92,ACH-003334,NK activating ligands,-2.1276588439941406
органоид,кишка,93,ACH-003335,NK activating ligands,-3.6696739196777344
органоид,кишка,94,ACH-003336,NK activating ligands,-1.8845367431640625
органоид,кишка,95,ACH-003337,NK activating ligands,-8.948526382446289
органоид,кишка,98,ACH-003345,NK activating ligands,-5.891359329223633
органоид,кишка,99,ACH-003346,NK activating ligands,-4.240545272827148
органоид,кишка,100,ACH-003348,NK activating ligands,-2.852998733520508
органоид,кишка,104,ACH-003363,NK activating ligands,-2.4110755920410156
органоид,кишка,105,ACH-003364,NK activating ligands,-2.6743545532226562
органоид,кишка,106,ACH-003365,NK activating ligands,-9.951913833618164
органоид,кишка,107,ACH-003366,NK activating ligands,-7.281591415405273
органоид,кишка,108,ACH-003367,NK activating ligands,-0.463409423828125
органоид,кишка,118,ACH-003386,NK activating ligands,0.2861042022705078
органоид,кишка,119,ACH-003387,NK activating ligands,-11.30587387084961
органоид,кишка,120,ACH-003388,NK activating ligands,-12.853267669677734
органоид,кишка,121,ACH-003389,NK activating ligands,-3.5031166076660156
органоид,кишка,122,ACH-003390,NK activating ligands,-6.857135772705078
органоид,кишка,123,ACH-003391,NK activating ligands,2.6098766326904297
органоид,кишка,124,ACH-003399,NK activating ligands,-4.0498046875
органоид,кишка,125,ACH-003400,NK activating ligands,-1.3526229858398438
органоид,кишка,126,ACH-003401,NK activating ligands,-1.0356216430664062
органоид,кишка,127,ACH-003402,NK activating ligands,-1.8697586059570312
органоид,кишка,145,ACH-003705,NK activating ligands,-8.662422180175781
органоид,кишка,146,ACH-003707,NK activating ligands,0.3734149932861328
органоид,кишка,21,ACH-002839,Necroptosis executioners,1.0033836364746094
органоид,кишка,22,ACH-002840,Necroptosis executioners,-0.24581146240234375
органоид,кишка,23,ACH-002841,Necroptosis executioners,3.074626922607422
органоид,кишка,90,ACH-003332,Necroptosis executioners,-12.260908126831055
органоид,кишка,91,ACH-003333,Necroptosis executioners,3.4278945922851562
органоид,кишка,92,ACH-003334,Necroptosis executioners,-9.810874938964844
органоид,кишка,93,ACH-003335,Necroptosis executioners,-5.686521530151367
органоид,кишка,94,ACH-003336,Necroptosis executioners,-12.213895797729492
органоид,кишка,95,ACH-003337,Necroptosis executioners,-10.540243148803711
органоид,кишка,98,ACH-003345,Necroptosis executioners,-0.48758888244628906
органоид,кишка,99,ACH-003346,Necroptosis executioners,-5.824197769165039
органоид,кишка,100,ACH-003348,Necroptosis executioners,-2.9564266204833984
органоид,кишка,104,ACH-003363,Necroptosis executioners,-7.849773406982422
органоид,кишка,105,ACH-003364,Necroptosis executioners,-3.3795394897460938
органоид,кишка,106,ACH-003365,Necroptosis executioners,-12.491945266723633
органоид,кишка,107,ACH-003366,Necroptosis executioners,-7.94379997253418
органоид,кишка,108,ACH-003367,Necroptosis executioners,-4.716043472290039
органоид,кишка,118,ACH-003386,Necroptosis executioners,-1.5809650421142578
органоид,кишка,119,ACH-003387,Necroptosis executioners,-11.510047912597656
органоид,кишка,120,ACH-003388,Necroptosis executioners,-2.726736068725586
органоид,кишка,121,ACH-003389,Necroptosis executioners,-6.877283096313477
органоид,кишка,122,ACH-003390,Necroptosis executioners,-7.331291198730469
органоид,кишка,123,ACH-003391,Necroptosis executioners,-9.225227355957031
органоид,кишка,124,ACH-003399,Necroptosis executioners,-3.5407238006591797
органоид,кишка,125,ACH-003400,Necroptosis executioners,-6.785943984985352
органоид,кишка,126,ACH-003401,Necroptosis executioners,-8.59391975402832
органоид,кишка,127,ACH-003402,Necroptosis executioners,-5.491077423095703
органоид,кишка,145,ACH-003705,Necroptosis executioners,-7.879327774047852
органоид,кишка,146,ACH-003707,Necroptosis executioners,-1.3002357482910156
органоид,кишка,21,ACH-002839,Necroptosis initiators,3.957122802734375
органоид,кишка,22,ACH-002840,Necroptosis initiators,1.1095008850097656
органоид,кишка,23,ACH-002841,Necroptosis initiators,2.901355743408203
органоид,кишка,90,ACH-003332,Necroptosis initiators,0.16119003295898438
органоид,кишка,91,ACH-003333,Necroptosis initiators,6.549533843994141
органоид,кишка,92,ACH-003334,Necroptosis initiators,-1.9637832641601562
органоид,кишка,93,ACH-003335,Necroptosis initiators,-0.5856437683105469
органоид,кишка,94,ACH-003336,Necroptosis initiators,-5.724800109863281
органоид,кишка,95,ACH-003337,Necroptosis initiators,3.1162681579589844
органоид,кишка,98,ACH-003345,Necroptosis initiators,-3.344615936279297
органоид,кишка,99,ACH-003346,Necroptosis initiators,-2.3264541625976562
органоид,кишка,100,ACH-003348,Necroptosis initiators,6.869224548339844
органоид,кишка,104,ACH-003363,Necroptosis initiators,5.781215667724609
органоид,кишка,105,ACH-003364,Necroptosis initiators,-0.21223068237304688
органоид,кишка,106,ACH-003365,Necroptosis initiators,-4.580375671386719
органоид,кишка,107,ACH-003366,Necroptosis initiators,-2.793895721435547
органоид,кишка,108,ACH-003367,Necroptosis initiators,4.303676605224609
органоид,кишка,118,ACH-003386,Necroptosis initiators,-3.094776153564453
органоид,кишка,119,ACH-003387,Necroptosis initiators,0.13700485229492188
органоид,кишка,120,ACH-003388,Necroptosis initiators,0.08596420288085938
органоид,кишка,121,ACH-003389,Necroptosis initiators,-3.358051300048828
органоид,кишка,122,ACH-003390,Necroptosis initiators,-6.471630096435547
органоид,кишка,123,ACH-003391,Necroptosis initiators,2.1787033081054688
органоид,кишка,124,ACH-003399,Necroptosis initiators,7.428001403808594
органоид,кишка,125,ACH-003400,Necroptosis initiators,-2.5709190368652344
органоид,кишка,126,ACH-003401,Necroptosis initiators,-3.2693939208984375
органоид,кишка,127,ACH-003402,Necroptosis initiators,-2.2109413146972656
органоид,кишка,145,ACH-003705,Necroptosis initiators,5.243927001953125
органоид,кишка,146,ACH-003707,Necroptosis initiators,4.934989929199219
органоид,кишка,21,ACH-002839,Pyroptosis executioners,6.689231872558594
органоид,кишка,22,ACH-002840,Pyroptosis executioners,5.89404296875
органоид,кишка,23,ACH-002841,Pyroptosis executioners,-0.40296173095703125
органоид,кишка,90,ACH-003332,Pyroptosis executioners,-2.9631423950195312
органоид,кишка,91,ACH-003333,Pyroptosis executioners,5.845695495605469
органоид,кишка,92,ACH-003334,Pyroptosis executioners,5.4776458740234375
органоид,кишка,93,ACH-003335,Pyroptosis executioners,-2.5037612915039062
органоид,кишка,94,ACH-003336,Pyroptosis executioners,3.0517959594726562
органоид,кишка,95,ACH-003337,Pyroptosis executioners,-3.081348419189453
органоид,кишка,98,ACH-003345,Pyroptosis executioners,7.084136962890625
органоид,кишка,99,ACH-003346,Pyroptosis executioners,-2.9873218536376953
органоид,кишка,100,ACH-003348,Pyroptosis executioners,7.3124847412109375
органоид,кишка,104,ACH-003363,Pyroptosis executioners,-0.5131072998046875
органоид,кишка,105,ACH-003364,Pyroptosis executioners,-1.1014404296875
органоид,кишка,106,ACH-003365,Pyroptosis executioners,1.9745292663574219
органоид,кишка,107,ACH-003366,Pyroptosis executioners,-0.07253265380859375
органоид,кишка,108,ACH-003367,Pyroptosis executioners,0.3841590881347656
органоид,кишка,118,ACH-003386,Pyroptosis executioners,1.5151481628417969
органоид,кишка,119,ACH-003387,Pyroptosis executioners,5.340641021728516
органоид,кишка,120,ACH-003388,Pyroptosis executioners,-1.0020370483398438
органоид,кишка,121,ACH-003389,Pyroptosis executioners,-3.68310546875
органоид,кишка,122,ACH-003390,Pyroptosis executioners,1.3109817504882812
органоид,кишка,123,ACH-003391,Pyroptosis executioners,6.5790863037109375
органоид,кишка,124,ACH-003399,Pyroptosis executioners,1.9960250854492188
органоид,кишка,125,ACH-003400,Pyroptosis executioners,3.1511917114257812
органоид,кишка,126,ACH-003401,Pyroptosis executioners,4.712013244628906
органоид,кишка,127,ACH-003402,Pyroptosis executioners,7.702022552490234
органоид,кишка,145,ACH-003705,Pyroptosis executioners,3.1619338989257812
органоид,кишка,146,ACH-003707,Pyroptosis executioners,2.5601806640625
органоид,кишка,21,ACH-002839,Pyroptosis initiators,1.504404067993164
органоид,кишка,22,ACH-002840,Pyroptosis initiators,-1.8321533203125
органоид,кишка,23,ACH-002841,Pyroptosis initiators,-1.547393798828125
органоид,кишка,90,ACH-003332,Pyroptosis initiators,0.3868446350097656
органоид,кишка,91,ACH-003333,Pyroptosis initiators,6.651620864868164
органоид,кишка,92,ACH-003334,Pyroptosis initiators,1.4856014251708984
органоид,кишка,93,ACH-003335,Pyroptosis initiators,-0.1920795440673828
органоид,кишка,94,ACH-003336,Pyroptosis initiators,0.6729526519775391
органоид,кишка,95,ACH-003337,Pyroptosis initiators,-0.6259422302246094
органоид,кишка,98,ACH-003345,Pyroptosis initiators,-3.6266937255859375
органоид,кишка,99,ACH-003346,Pyroptosis initiators,-3.521921157836914
органоид,кишка,100,ACH-003348,Pyroptosis initiators,0.0
органоид,кишка,104,ACH-003363,Pyroptosis initiators,8.991508483886719
органоид,кишка,105,ACH-003364,Pyroptosis initiators,-0.3008880615234375
органоид,кишка,106,ACH-003365,Pyroptosis initiators,-0.18804931640625
органоид,кишка,107,ACH-003366,Pyroptosis initiators,0.37744903564453125
органоид,кишка,108,ACH-003367,Pyroptosis initiators,-0.48087310791015625
органоид,кишка,118,ACH-003386,Pyroptosis initiators,7.059963226318359
органоид,кишка,119,ACH-003387,Pyroptosis initiators,3.0114974975585938
органоид,кишка,120,ACH-003388,Pyroptosis initiators,19.46324920654297
органоид,кишка,121,ACH-003389,Pyroptosis initiators,-4.169353485107422
органоид,кишка,122,ACH-003390,Pyroptosis initiators,-2.5198822021484375
органоид,кишка,123,ACH-003391,Pyroptosis initiators,1.1041259765625
органоид,кишка,124,ACH-003399,Pyroptosis initiators,5.1687164306640625
органоид,кишка,125,ACH-003400,Pyroptosis initiators,-3.5998268127441406
органоид,кишка,126,ACH-003401,Pyroptosis initiators,-0.2793903350830078
органоид,кишка,127,ACH-003402,Pyroptosis initiators,2.8704586029052734
органоид,кишка,145,ACH-003705,Pyroptosis initiators,2.8341941833496094
органоид,кишка,146,ACH-003707,Pyroptosis initiators,4.878574371337891
2D,кишка,2,ACH-000708,Apoptosis executioners,5.859123229980469
2D,кишка,7,ACH-000421,Apoptosis executioners,-1.2357559204101562
2D,кишка,15,ACH-000999,Apoptosis executioners,5.0316925048828125
2D,кишка,31,ACH-000552,Apoptosis executioners,-1.9799041748046875
2D,кишка,33,ACH-000798,Apoptosis executioners,2.9577713012695312
2D,кишка,36,ACH-000501,Apoptosis executioners,0.2471466064453125
2D,кишка,43,ACH-000998,Apoptosis executioners,0.7065353393554688
2D,кишка,44,ACH-001456,Apoptosis executioners,3.245208740234375
2D,кишка,45,ACH-000971,Apoptosis executioners,-6.4823760986328125
2D,кишка,46,ACH-001454,Apoptosis executioners,5.3030242919921875
2D,кишка,47,ACH-000926,Apoptosis executioners,3.696533203125
2D,кишка,64,ACH-000991,Apoptosis executioners,2.9900054931640625
2D,кишка,67,ACH-002024,Apoptosis executioners,-1.727386474609375
2D,кишка,71,ACH-000009,Apoptosis executioners,1.7166366577148438
2D,кишка,77,ACH-000963,Apoptosis executioners,7.771873474121094
2D,кишка,81,ACH-000342,Apoptosis executioners,-2.675689697265625
2D,кишка,82,ACH-000249,Apoptosis executioners,-7.368896484375
2D,кишка,88,ACH-000943,Apoptosis executioners,-2.9604644775390625
2D,кишка,100,ACH-002886,Apoptosis executioners,-6.2674560546875
2D,кишка,102,ACH-002654,Apoptosis executioners,0.4190826416015625
2D,кишка,105,ACH-002664,Apoptosis executioners,3.6320724487304688
2D,кишка,111,ACH-000842,Apoptosis executioners,-5.2009429931640625
2D,кишка,120,ACH-000997,Apoptosis executioners,-1.65216064453125
2D,кишка,128,ACH-002662,Apoptosis executioners,-1.3700790405273438
2D,кишка,130,ACH-000982,Apoptosis executioners,6.455513000488281
2D,кишка,138,ACH-001459,Apoptosis executioners,12.419403076171875
2D,кишка,145,ACH-000467,Apoptosis executioners,4.631416320800781
2D,кишка,149,ACH-000565,Apoptosis executioners,-13.445629119873047
2D,кишка,151,ACH-002539,Apoptosis executioners,12.080909729003906
2D,кишка,158,ACH-001461,Apoptosis executioners,2.2780990600585938
2D,кишка,171,ACH-000381,Apoptosis executioners,-4.7845458984375
2D,кишка,172,ACH-000403,Apoptosis executioners,-13.964115142822266
2D,кишка,173,ACH-000400,Apoptosis executioners,-4.0404052734375
2D,кишка,182,ACH-002532,Apoptosis executioners,-0.6662368774414062
2D,кишка,186,ACH-000296,Apoptosis executioners,-11.420051574707031
2D,кишка,217,ACH-000286,Apoptosis executioners,-10.246086120605469
2D,кишка,221,ACH-002025,Apoptosis executioners,2.5816726684570312
2D,кишка,222,ACH-001345,Apoptosis executioners,9.053298950195312
2D,кишка,239,ACH-000955,Apoptosis executioners,-5.3688507080078125
2D,кишка,241,ACH-001061,Apoptosis executioners,0.9751739501953125
2D,кишка,248,ACH-000895,Apoptosis executioners,0.5641555786132812
2D,кишка,249,ACH-000683,Apoptosis executioners,-5.646888732910156
2D,кишка,253,ACH-000412,Apoptosis executioners,-5.595855712890625
2D,кишка,258,ACH-001786,Apoptosis executioners,1.3324737548828125
2D,кишка,261,ACH-000470,Apoptosis executioners,-7.417259216308594
2D,кишка,271,ACH-000089,Apoptosis executioners,6.922950744628906
2D,кишка,288,ACH-002667,Apoptosis executioners,7.6939544677734375
2D,кишка,290,ACH-000252,Apoptosis executioners,0.8972702026367188
2D,кишка,293,ACH-000007,Apoptosis executioners,0.8838424682617188
2D,кишка,298,ACH-000489,Apoptosis executioners,-7.565010070800781
2D,кишка,304,ACH-002660,Apoptosis executioners,-1.1444244384765625
2D,кишка,305,ACH-000986,Apoptosis executioners,-0.295501708984375
2D,кишка,311,ACH-000985,Apoptosis executioners,2.952392578125
2D,кишка,313,ACH-001399,Apoptosis executioners,0.9778671264648438
2D,кишка,317,ACH-000350,Apoptosis executioners,-2.9658203125
2D,кишка,321,ACH-001458,Apoptosis executioners,9.072097778320312
2D,кишка,323,ACH-000970,Apoptosis executioners,-6.9954833984375
2D,кишка,325,ACH-000003,Apoptosis executioners,-2.20556640625
2D,кишка,329,ACH-002659,Apoptosis executioners,3.9423446655273438
2D,кишка,332,ACH-000950,Apoptosis executioners,-0.1504364013671875
2D,кишка,338,ACH-000959,Apoptosis executioners,5.434669494628906
2D,кишка,339,ACH-000820,Apoptosis executioners,3.9087753295898438
2D,кишка,342,ACH-000967,Apoptosis executioners,-6.3802947998046875
2D,кишка,345,ACH-002538,Apoptosis executioners,-13.827102661132812
2D,кишка,348,ACH-000957,Apoptosis executioners,2.5870361328125
2D,кишка,350,ACH-002535,Apoptosis executioners,3.1323928833007812
2D,кишка,360,ACH-000935,Apoptosis executioners,-6.178810119628906
2D,кишка,390,ACH-000202,Apoptosis executioners,-5.896728515625
2D,кишка,394,ACH-000532,Apoptosis executioners,5.045127868652344
2D,кишка,400,ACH-002669,Apoptosis executioners,-1.2653121948242188
2D,кишка,2,ACH-000708,Apoptosis initiators,0.7132492065429688
2D,кишка,7,ACH-000421,Apoptosis initiators,-0.5547504425048828
2D,кишка,15,ACH-000999,Apoptosis initiators,-1.8442459106445312
2D,кишка,31,ACH-000552,Apoptosis initiators,-0.4137153625488281
2D,кишка,33,ACH-000798,Apoptosis initiators,4.392326354980469
2D,кишка,36,ACH-000501,Apoptosis initiators,-0.6675815582275391
2D,кишка,43,ACH-000998,Apoptosis initiators,0.2296905517578125
2D,кишка,44,ACH-001456,Apoptosis initiators,2.652860641479492
2D,кишка,45,ACH-000971,Apoptosis initiators,-2.8422489166259766
2D,кишка,46,ACH-001454,Apoptosis initiators,3.0195579528808594
2D,кишка,47,ACH-000926,Apoptosis initiators,0.04163932800292969
2D,кишка,64,ACH-000991,Apoptosis initiators,-0.9362258911132812
2D,кишка,67,ACH-002024,Apoptosis initiators,3.8416099548339844
2D,кишка,71,ACH-000009,Apoptosis initiators,-0.5681838989257812
2D,кишка,77,ACH-000963,Apoptosis initiators,-1.9167709350585938
2D,кишка,81,ACH-000342,Apoptosis initiators,1.4358978271484375
2D,кишка,82,ACH-000249,Apoptosis initiators,-0.9362239837646484
2D,кишка,88,ACH-000943,Apoptosis initiators,0.7401084899902344
2D,кишка,100,ACH-002886,Apoptosis initiators,-0.24177932739257812
2D,кишка,102,ACH-002654,Apoptosis initiators,2.490327835083008
2D,кишка,105,ACH-002664,Apoptosis initiators,0.11148452758789062
2D,кишка,111,ACH-000842,Apoptosis initiators,-0.4069976806640625
2D,кишка,120,ACH-000997,Apoptosis initiators,-2.5977859497070312
2D,кишка,128,ACH-002662,Apoptosis initiators,2.544057846069336
2D,кишка,130,ACH-000982,Apoptosis initiators,-2.4916763305664062
2D,кишка,138,ACH-001459,Apoptosis initiators,1.7166366577148438
2D,кишка,145,ACH-000467,Apoptosis initiators,-0.02686309814453125
2D,кишка,149,ACH-000565,Apoptosis initiators,-2.0376663208007812
2D,кишка,151,ACH-002539,Apoptosis initiators,1.9899787902832031
2D,кишка,158,ACH-001461,Apoptosis initiators,1.376800537109375
2D,кишка,171,ACH-000381,Apoptosis initiators,0.3196868896484375
2D,кишка,172,ACH-000403,Apoptosis initiators,-1.3190345764160156
2D,кишка,173,ACH-000400,Apoptosis initiators,-2.818073272705078
2D,кишка,182,ACH-002532,Apoptosis initiators,1.0772647857666016
2D,кишка,186,ACH-000296,Apoptosis initiators,1.931549072265625
2D,кишка,217,ACH-000286,Apoptosis initiators,-0.28409576416015625
2D,кишка,221,ACH-002025,Apoptosis initiators,0.4231109619140625
2D,кишка,222,ACH-001345,Apoptosis initiators,0.5708656311035156
2D,кишка,239,ACH-000955,Apoptosis initiators,0.4620647430419922
2D,кишка,241,ACH-001061,Apoptosis initiators,-0.29416656494140625
2D,кишка,248,ACH-000895,Apoptosis initiators,-0.6622085571289062
2D,кишка,249,ACH-000683,Apoptosis initiators,-1.3606834411621094
2D,кишка,253,ACH-000412,Apoptosis initiators,1.3136672973632812
2D,кишка,258,ACH-001786,Apoptosis initiators,3.9947338104248047
2D,кишка,261,ACH-000470,Apoptosis initiators,1.6226081848144531
2D,кишка,271,ACH-000089,Apoptosis initiators,1.360677719116211
2D,кишка,288,ACH-002667,Apoptosis initiators,0.9684600830078125
2D,кишка,290,ACH-000252,Apoptosis initiators,-2.2942161560058594
2D,кишка,293,ACH-000007,Apoptosis initiators,0.9751758575439453
2D,кишка,298,ACH-000489,Apoptosis initiators,-1.4580650329589844
2D,кишка,304,ACH-002660,Apoptosis initiators,1.0893516540527344
2D,кишка,305,ACH-000986,Apoptosis initiators,1.312326431274414
2D,кишка,311,ACH-000985,Apoptosis initiators,-3.704601287841797
2D,кишка,313,ACH-001399,Apoptosis initiators,-0.4593830108642578
2D,кишка,317,ACH-000350,Apoptosis initiators,-7.751720428466797
2D,кишка,321,ACH-001458,Apoptosis initiators,0.094024658203125
2D,кишка,323,ACH-000970,Apoptosis initiators,-3.1391029357910156
2D,кишка,325,ACH-000003,Apoptosis initiators,-0.1289520263671875
2D,кишка,329,ACH-002659,Apoptosis initiators,-0.14506149291992188
2D,кишка,332,ACH-000950,Apoptosis initiators,-0.11282730102539062
2D,кишка,338,ACH-000959,Apoptosis initiators,-1.2196426391601562
2D,кишка,339,ACH-000820,Apoptosis initiators,-0.087310791015625
2D,кишка,342,ACH-000967,Apoptosis initiators,-1.0678558349609375
2D,кишка,345,ACH-002538,Apoptosis initiators,-0.2713298797607422
2D,кишка,348,ACH-000957,Apoptosis initiators,-1.6441001892089844
2D,кишка,350,ACH-002535,Apoptosis initiators,1.566192626953125
2D,кишка,360,ACH-000935,Apoptosis initiators,0.9415988922119141
2D,кишка,390,ACH-000202,Apoptosis initiators,-0.3559532165527344
2D,кишка,394,ACH-000532,Apoptosis initiators,0.026866912841796875
2D,кишка,400,ACH-002669,Apoptosis initiators,-0.3559532165527344
2D,кишка,2,ACH-000708,BRAKES,-1.1095008850097656
2D,кишка,7,ACH-000421,BRAKES,1.3069534301757812
2D,кишка,15,ACH-000999,BRAKES,-9.914300918579102
2D,кишка,31,ACH-000552,BRAKES,-3.253284454345703
2D,кишка,33,ACH-000798,BRAKES,1.8764801025390625
2D,кишка,36,ACH-000501,BRAKES,7.554264068603516
2D,кишка,43,ACH-000998,BRAKES,-7.4965057373046875
2D,кишка,44,ACH-001456,BRAKES,-1.0786056518554688
2D,кишка,45,ACH-000971,BRAKES,-3.192829132080078
2D,кишка,46,ACH-001454,BRAKES,4.334568023681641
2D,кишка,47,ACH-000926,BRAKES,-1.6723098754882812
2D,кишка,64,ACH-000991,BRAKES,2.76434326171875
2D,кишка,67,ACH-002024,BRAKES,-0.2699871063232422
2D,кишка,71,ACH-000009,BRAKES,4.244575500488281
2D,кишка,77,ACH-000963,BRAKES,-9.049274444580078
2D,кишка,81,ACH-000342,BRAKES,4.452770233154297
2D,кишка,82,ACH-000249,BRAKES,-0.8153324127197266
2D,кишка,88,ACH-000943,BRAKES,0.5883331298828125
2D,кишка,100,ACH-002886,BRAKES,-0.8892135620117188
2D,кишка,102,ACH-002654,BRAKES,4.330539703369141
2D,кишка,105,ACH-002664,BRAKES,1.899312973022461
2D,кишка,111,ACH-000842,BRAKES,-2.663604736328125
2D,кишка,120,ACH-000997,BRAKES,-0.2646141052246094
2D,кишка,128,ACH-002662,BRAKES,2.8086700439453125
2D,кишка,130,ACH-000982,BRAKES,-8.19632339477539
2D,кишка,138,ACH-001459,BRAKES,-3.9436874389648438
2D,кишка,145,ACH-000467,BRAKES,-0.9738330841064453
2D,кишка,149,ACH-000565,BRAKES,6.181491851806641
2D,кишка,151,ACH-002539,BRAKES,6.792659759521484
2D,кишка,158,ACH-001461,BRAKES,-5.69659423828125
2D,кишка,171,ACH-000381,BRAKES,4.499782562255859
2D,кишка,172,ACH-000403,BRAKES,9.863262176513672
2D,кишка,173,ACH-000400,BRAKES,-1.4318695068359375
2D,кишка,182,ACH-002532,BRAKES,1.4291877746582031
2D,кишка,186,ACH-000296,BRAKES,-2.7038955688476562
2D,кишка,217,ACH-000286,BRAKES,1.5044059753417969
2D,кишка,221,ACH-002025,BRAKES,5.2842254638671875
2D,кишка,222,ACH-001345,BRAKES,-8.529443740844727
2D,кишка,239,ACH-000955,BRAKES,-0.5131111145019531
2D,кишка,241,ACH-001061,BRAKES,-1.505075454711914
2D,кишка,248,ACH-000895,BRAKES,-4.575006484985352
2D,кишка,249,ACH-000683,BRAKES,-7.924993515014648
2D,кишка,253,ACH-000412,BRAKES,7.2157745361328125
2D,кишка,258,ACH-001786,BRAKES,1.7233505249023438
2D,кишка,261,ACH-000470,BRAKES,-0.3089447021484375
2D,кишка,271,ACH-000089,BRAKES,-0.11014556884765625
2D,кишка,288,ACH-002667,BRAKES,-1.0315933227539062
2D,кишка,290,ACH-000252,BRAKES,1.184722900390625
2D,кишка,293,ACH-000007,BRAKES,-1.4614295959472656
2D,кишка,298,ACH-000489,BRAKES,3.5111732482910156
2D,кишка,304,ACH-002660,BRAKES,3.581024169921875
2D,кишка,305,ACH-000986,BRAKES,0.6178779602050781
2D,кишка,311,ACH-000985,BRAKES,-5.7489776611328125
2D,кишка,313,ACH-001399,BRAKES,1.7958831787109375
2D,кишка,317,ACH-000350,BRAKES,0.7092208862304688
2D,кишка,321,ACH-001458,BRAKES,0.4096832275390625
2D,кишка,323,ACH-000970,BRAKES,4.497097015380859
2D,кишка,325,ACH-000003,BRAKES,4.663661956787109
2D,кишка,329,ACH-002659,BRAKES,-2.321077346801758
2D,кишка,332,ACH-000950,BRAKES,-4.760372161865234
2D,кишка,338,ACH-000959,BRAKES,-3.669675827026367
2D,кишка,339,ACH-000820,BRAKES,-1.1780052185058594
2D,кишка,342,ACH-000967,BRAKES,2.855682373046875
2D,кишка,345,ACH-002538,BRAKES,3.6535587310791016
2D,кишка,348,ACH-000957,BRAKES,-4.213674545288086
2D,кишка,350,ACH-002535,BRAKES,-0.8274250030517578
2D,кишка,360,ACH-000935,BRAKES,6.8450469970703125
2D,кишка,390,ACH-000202,BRAKES,-8.8262939453125
2D,кишка,394,ACH-000532,BRAKES,0.1437244415283203
2D,кишка,400,ACH-002669,BRAKES,3.524608612060547
2D,кишка,2,ACH-000708,ENTRY adaptors,2.3372039794921875
2D,кишка,7,ACH-000421,ENTRY adaptors,0.16387176513671875
2D,кишка,15,ACH-000999,ENTRY adaptors,-2.5870437622070312
2D,кишка,31,ACH-000552,ENTRY adaptors,0.3250579833984375
2D,кишка,33,ACH-000798,ENTRY adaptors,3.0598526000976562
2D,кишка,36,ACH-000501,ENTRY adaptors,-0.7226486206054688
2D,кишка,43,ACH-000998,ENTRY adaptors,0.24043655395507812
2D,кишка,44,ACH-001456,ENTRY adaptors,-3.2828292846679688
2D,кишка,45,ACH-000971,ENTRY adaptors,-7.076080322265625
2D,кишка,46,ACH-001454,ENTRY adaptors,2.2781028747558594
2D,кишка,47,ACH-000926,ENTRY adaptors,-1.6064872741699219
2D,кишка,64,ACH-000991,ENTRY adaptors,1.375457763671875
2D,кишка,67,ACH-002024,ENTRY adaptors,-8.25543212890625
2D,кишка,71,ACH-000009,ENTRY adaptors,-1.010101318359375
2D,кишка,77,ACH-000963,ENTRY adaptors,-7.2265167236328125
2D,кишка,81,ACH-000342,ENTRY adaptors,-1.5124626159667969
2D,кишка,82,ACH-000249,ENTRY adaptors,-0.11014556884765625
2D,кишка,88,ACH-000943,ENTRY adaptors,-2.6031570434570312
2D,кишка,100,ACH-002886,ENTRY adaptors,-0.5346031188964844
2D,кишка,102,ACH-002654,ENTRY adaptors,5.32989501953125
2D,кишка,105,ACH-002664,ENTRY adaptors,1.8563308715820312
2D,кишка,111,ACH-000842,ENTRY adaptors,0.9268226623535156
2D,кишка,120,ACH-000997,ENTRY adaptors,1.8482742309570312
2D,кишка,128,ACH-002662,ENTRY adaptors,-3.575653076171875
2D,кишка,130,ACH-000982,ENTRY adaptors,-8.099617004394531
2D,кишка,138,ACH-001459,ENTRY adaptors,-4.6179962158203125
2D,кишка,145,ACH-000467,ENTRY adaptors,1.1444244384765625
2D,кишка,149,ACH-000565,ENTRY adaptors,1.29754638671875
2D,кишка,151,ACH-002539,ENTRY adaptors,8.037826538085938
2D,кишка,158,ACH-001461,ENTRY adaptors,0.4969902038574219
2D,кишка,171,ACH-000381,ENTRY adaptors,0.20954132080078125
2D,кишка,172,ACH-000403,ENTRY adaptors,4.360084533691406
2D,кишка,173,ACH-000400,ENTRY adaptors,1.6736526489257812
2D,кишка,182,ACH-002532,ENTRY adaptors,2.2190017700195312
2D,кишка,186,ACH-000296,ENTRY adaptors,-11.323341369628906
2D,кишка,217,ACH-000286,ENTRY adaptors,-1.200836181640625
2D,кишка,221,ACH-002025,ENTRY adaptors,2.2539291381835938
2D,кишка,222,ACH-001345,ENTRY adaptors,-4.158607482910156
2D,кишка,239,ACH-000955,ENTRY adaptors,-7.812164306640625
2D,кишка,241,ACH-001061,ENTRY adaptors,1.2357635498046875
2D,кишка,248,ACH-000895,ENTRY adaptors,-3.3768539428710938
2D,кишка,249,ACH-000683,ENTRY adaptors,-3.8819046020507812
2D,кишка,253,ACH-000412,ENTRY adaptors,4.271446228027344
2D,кишка,258,ACH-001786,ENTRY adaptors,1.4023208618164062
2D,кишка,261,ACH-000470,ENTRY adaptors,2.5843505859375
2D,кишка,271,ACH-000089,ENTRY adaptors,1.6682815551757812
2D,кишка,288,ACH-002667,ENTRY adaptors,3.6132583618164062
2D,кишка,290,ACH-000252,ENTRY adaptors,0.8542938232421875
2D,кишка,293,ACH-000007,ENTRY adaptors,-3.0544815063476562
2D,кишка,298,ACH-000489,ENTRY adaptors,1.8375244140625
2D,кишка,304,ACH-002660,ENTRY adaptors,5.190193176269531
2D,кишка,305,ACH-000986,ENTRY adaptors,-0.11014556884765625
2D,кишка,311,ACH-000985,ENTRY adaptors,-7.465614318847656
2D,кишка,313,ACH-001399,ENTRY adaptors,-8.354827880859375
2D,кишка,317,ACH-000350,ENTRY adaptors,0.91607666015625
2D,кишка,321,ACH-001458,ENTRY adaptors,0.6904144287109375
2D,кишка,323,ACH-000970,ENTRY adaptors,-6.888031005859375
2D,кишка,325,ACH-000003,ENTRY adaptors,-1.3566474914550781
2D,кишка,329,ACH-002659,ENTRY adaptors,3.0249290466308594
2D,кишка,332,ACH-000950,ENTRY adaptors,-0.4110260009765625
2D,кишка,338,ACH-000959,ENTRY adaptors,-3.041046142578125
2D,кишка,339,ACH-000820,ENTRY adaptors,7.0304107666015625
2D,кишка,342,ACH-000967,ENTRY adaptors,-9.821624755859375
2D,кишка,345,ACH-002538,ENTRY adaptors,-6.323875427246094
2D,кишка,348,ACH-000957,ENTRY adaptors,0.4002838134765625
2D,кишка,350,ACH-002535,ENTRY adaptors,1.6870803833007812
2D,кишка,360,ACH-000935,ENTRY adaptors,3.50042724609375
2D,кишка,390,ACH-000202,ENTRY adaptors,-13.039974212646484
2D,кишка,394,ACH-000532,ENTRY adaptors,3.5353469848632812
2D,кишка,400,ACH-002669,ENTRY adaptors,5.601226806640625
2D,кишка,2,ACH-000708,ENTRY receptors,-4.667686462402344
2D,кишка,7,ACH-000421,ENTRY receptors,-3.2008934020996094
2D,кишка,15,ACH-000999,ENTRY receptors,-1.7770805358886719
2D,кишка,31,ACH-000552,ENTRY receptors,-12.007038116455078
2D,кишка,33,ACH-000798,ENTRY receptors,8.336021423339844
2D,кишка,36,ACH-000501,ENTRY receptors,-5.575704574584961
2D,кишка,43,ACH-000998,ENTRY receptors,5.9249420166015625
2D,кишка,44,ACH-001456,ENTRY receptors,-11.563770294189453
2D,кишка,45,ACH-000971,ENTRY receptors,5.076026916503906
2D,кишка,46,ACH-001454,ENTRY receptors,7.822910308837891
2D,кишка,47,ACH-000926,ENTRY receptors,-2.2552642822265625
2D,кишка,64,ACH-000991,ENTRY receptors,-0.2404327392578125
2D,кишка,67,ACH-002024,ENTRY receptors,-20.840045928955078
2D,кишка,71,ACH-000009,ENTRY receptors,-3.121641159057617
2D,кишка,77,ACH-000963,ENTRY receptors,-2.5440597534179688
2D,кишка,81,ACH-000342,ENTRY receptors,-1.3673954010009766
2D,кишка,82,ACH-000249,ENTRY receptors,7.059963226318359
2D,кишка,88,ACH-000943,ENTRY receptors,7.062648773193359
2D,кишка,100,ACH-002886,ENTRY receptors,4.389640808105469
2D,кишка,102,ACH-002654,ENTRY receptors,-2.9591121673583984
2D,кишка,105,ACH-002664,ENTRY receptors,-5.1996002197265625
2D,кишка,111,ACH-000842,ENTRY receptors,1.3553047180175781
2D,кишка,120,ACH-000997,ENTRY receptors,6.280891418457031
2D,кишка,128,ACH-002662,ENTRY receptors,-4.1854705810546875
2D,кишка,130,ACH-000982,ENTRY receptors,-1.6064910888671875
2D,кишка,138,ACH-001459,ENTRY receptors,-7.648292541503906
2D,кишка,145,ACH-000467,ENTRY receptors,-6.95384407043457
2D,кишка,149,ACH-000565,ENTRY receptors,-0.8059349060058594
2D,кишка,151,ACH-002539,ENTRY receptors,-6.10896110534668
2D,кишка,158,ACH-001461,ENTRY receptors,1.8146896362304688
2D,кишка,171,ACH-000381,ENTRY receptors,4.0901031494140625
2D,кишка,172,ACH-000403,ENTRY receptors,1.0047264099121094
2D,кишка,173,ACH-000400,ENTRY receptors,-3.049104690551758
2D,кишка,182,ACH-002532,ENTRY receptors,-6.538785934448242
2D,кишка,186,ACH-000296,ENTRY receptors,-19.33026885986328
2D,кишка,217,ACH-000286,ENTRY receptors,2.2001953125
2D,кишка,221,ACH-002025,ENTRY receptors,-8.90957260131836
2D,кишка,222,ACH-001345,ENTRY receptors,0.9818954467773438
2D,кишка,239,ACH-000955,ENTRY receptors,0.5829544067382812
2D,кишка,241,ACH-001061,ENTRY receptors,4.405757904052734
2D,кишка,248,ACH-000895,ENTRY receptors,6.07269287109375
2D,кишка,249,ACH-000683,ENTRY receptors,-0.30625152587890625
2D,кишка,253,ACH-000412,ENTRY receptors,2.827472686767578
2D,кишка,258,ACH-001786,ENTRY receptors,4.686489105224609
2D,кишка,261,ACH-000470,ENTRY receptors,-7.7208251953125
2D,кишка,271,ACH-000089,ENTRY receptors,-0.3008842468261719
2D,кишка,288,ACH-002667,ENTRY receptors,-6.922950744628906
2D,кишка,290,ACH-000252,ENTRY receptors,7.100257873535156
2D,кишка,293,ACH-000007,ENTRY receptors,7.0223541259765625
2D,кишка,298,ACH-000489,ENTRY receptors,-3.6159496307373047
2D,кишка,304,ACH-002660,ENTRY receptors,2.846281051635742
2D,кишка,305,ACH-000986,ENTRY receptors,8.636903762817383
2D,кишка,311,ACH-000985,ENTRY receptors,-2.0175132751464844
2D,кишка,313,ACH-001399,ENTRY receptors,0.6017646789550781
2D,кишка,317,ACH-000350,ENTRY receptors,5.763751983642578
2D,кишка,321,ACH-001458,ENTRY receptors,-5.675102233886719
2D,кишка,323,ACH-000970,ENTRY receptors,10.532180786132812
2D,кишка,325,ACH-000003,ENTRY receptors,-0.11954879760742188
2D,кишка,329,ACH-002659,ENTRY receptors,-2.267354965209961
2D,кишка,332,ACH-000950,ENTRY receptors,3.0020980834960938
2D,кишка,338,ACH-000959,ENTRY receptors,2.3694381713867188
2D,кишка,339,ACH-000820,ENTRY receptors,-8.708089828491211
2D,кишка,342,ACH-000967,ENTRY receptors,6.588489532470703
2D,кишка,345,ACH-002538,ENTRY receptors,7.284275054931641
2D,кишка,348,ACH-000957,ENTRY receptors,1.3539657592773438
2D,кишка,350,ACH-002535,ENTRY receptors,-1.1068115234375
2D,кишка,360,ACH-000935,ENTRY receptors,7.613368988037109
2D,кишка,390,ACH-000202,ENTRY receptors,-10.256820678710938
2D,кишка,394,ACH-000532,ENTRY receptors,-6.702665328979492
2D,кишка,400,ACH-002669,ENTRY receptors,4.224422454833984
2D,кишка,2,ACH-000708,Inhibitory signals,2.8624019622802734
2D,кишка,7,ACH-000421,Inhibitory signals,0.2699851989746094
2D,кишка,15,ACH-000999,Inhibitory signals,-8.224533081054688
2D,кишка,31,ACH-000552,Inhibitory signals,-4.507846832275391
2D,кишка,33,ACH-000798,Inhibitory signals,5.620029449462891
2D,кишка,36,ACH-000501,Inhibitory signals,12.671930313110352
2D,кишка,43,ACH-000998,Inhibitory signals,-2.597784996032715
2D,кишка,44,ACH-001456,Inhibitory signals,0.7468299865722656
2D,кишка,45,ACH-000971,Inhibitory signals,-11.899581909179688
2D,кишка,46,ACH-001454,Inhibitory signals,11.390499114990234
2D,кишка,47,ACH-000926,Inhibitory signals,-3.671018600463867
2D,кишка,64,ACH-000991,Inhibitory signals,-1.7334251403808594
2D,кишка,67,ACH-002024,Inhibitory signals,-7.9706645011901855
2D,кишка,71,ACH-000009,Inhibitory signals,-8.42198657989502
2D,кишка,77,ACH-000963,Inhibitory signals,-10.420695304870605
2D,кишка,81,ACH-000342,Inhibitory signals,-1.8321514129638672
2D,кишка,82,ACH-000249,Inhibitory signals,-6.385662078857422
2D,кишка,88,ACH-000943,Inhibitory signals,-5.362129211425781
2D,кишка,100,ACH-002886,Inhibitory signals,1.6790237426757812
2D,кишка,102,ACH-002654,Inhibitory signals,3.7542972564697266
2D,кишка,105,ACH-002664,Inhibitory signals,4.45948600769043
2D,кишка,111,ACH-000842,Inhibitory signals,-3.6038589477539062
2D,кишка,120,ACH-000997,Inhibitory signals,-4.56022834777832
2D,кишка,128,ACH-002662,Inhibitory signals,1.5003776550292969
2D,кишка,130,ACH-000982,Inhibitory signals,-6.605950355529785
2D,кишка,138,ACH-001459,Inhibitory signals,0.23775100708007812
2D,кишка,145,ACH-000467,Inhibitory signals,3.3352127075195312
2D,кишка,149,ACH-000565,Inhibitory signals,4.585746765136719
2D,кишка,151,ACH-002539,Inhibitory signals,2.8006134033203125
2D,кишка,158,ACH-001461,Inhibitory signals,2.3748092651367188
2D,кишка,171,ACH-000381,Inhibitory signals,4.024288177490234
2D,кишка,172,ACH-000403,Inhibitory signals,10.787395477294922
2D,кишка,173,ACH-000400,Inhibitory signals,1.110173225402832
2D,кишка,182,ACH-002532,Inhibitory signals,1.3176994323730469
2D,кишка,186,ACH-000296,Inhibitory signals,-3.8134002685546875
2D,кишка,217,ACH-000286,Inhibitory signals,2.846281051635742
2D,кишка,221,ACH-002025,Inhibitory signals,1.2196426391601562
2D,кишка,222,ACH-001345,Inhibitory signals,-6.100902557373047
2D,кишка,239,ACH-000955,Inhibitory signals,-1.8321533203125
2D,кишка,241,ACH-001061,Inhibitory signals,-0.24580764770507812
2D,кишка,248,ACH-000895,Inhibitory signals,-1.8952817916870117
2D,кишка,249,ACH-000683,Inhibitory signals,-1.28411865234375
2D,кишка,253,ACH-000412,Inhibitory signals,12.728347778320312
2D,кишка,258,ACH-001786,Inhibitory signals,5.328548431396484
2D,кишка,261,ACH-000470,Inhibitory signals,-2.558835983276367
2D,кишка,271,ACH-000089,Inhibitory signals,2.8140487670898438
2D,кишка,288,ACH-002667,Inhibitory signals,2.0403480529785156
2D,кишка,290,ACH-000252,Inhibitory signals,1.9315509796142578
2D,кишка,293,ACH-000007,Inhibitory signals,2.7240447998046875
2D,кишка,298,ACH-000489,Inhibitory signals,1.1444225311279297
2D,кишка,304,ACH-002660,Inhibitory signals,2.424510955810547
2D,кишка,305,ACH-000986,Inhibitory signals,0.47818756103515625
2D,кишка,311,ACH-000985,Inhibitory signals,-2.3143672943115234
2D,кишка,313,ACH-001399,Inhibitory signals,-1.3418769836425781
2D,кишка,317,ACH-000350,Inhibitory signals,-0.4056549072265625
2D,кишка,321,ACH-001458,Inhibitory signals,3.5098323822021484
2D,кишка,323,ACH-000970,Inhibitory signals,-0.43520164489746094
2D,кишка,325,ACH-000003,Inhibitory signals,-2.4285430908203125
2D,кишка,329,ACH-002659,Inhibitory signals,-3.714672088623047
2D,кишка,332,ACH-000950,Inhibitory signals,-4.847679138183594
2D,кишка,338,ACH-000959,Inhibitory signals,0.8334665298461914
2D,кишка,339,ACH-000820,Inhibitory signals,2.1531801223754883
2D,кишка,342,ACH-000967,Inhibitory signals,-0.8475742340087891
2D,кишка,345,ACH-002538,Inhibitory signals,-6.215076446533203
2D,кишка,348,ACH-000957,Inhibitory signals,1.5044059753417969
2D,кишка,350,ACH-002535,Inhibitory signals,9.120460510253906
2D,кишка,360,ACH-000935,Inhibitory signals,0.272674560546875
2D,кишка,390,ACH-000202,Inhibitory signals,-23.431119918823242
2D,кишка,394,ACH-000532,Inhibitory signals,0.6877288818359375
2D,кишка,400,ACH-002669,Inhibitory signals,7.410545349121094
2D,кишка,2,ACH-000708,MHC-I presentation,2.791210174560547
2D,кишка,7,ACH-000421,MHC-I presentation,1.5863418579101562
2D,кишка,15,ACH-000999,MHC-I presentation,-7.174135208129883
2D,кишка,31,ACH-000552,MHC-I presentation,-17.013887405395508
2D,кишка,33,ACH-000798,MHC-I presentation,3.2384986877441406
2D,кишка,36,ACH-000501,MHC-I presentation,7.715450286865234
2D,кишка,43,ACH-000998,MHC-I presentation,-0.1517791748046875
2D,кишка,44,ACH-001456,MHC-I presentation,0.4177398681640625
2D,кишка,45,ACH-000971,MHC-I presentation,-6.059261322021484
2D,кишка,46,ACH-001454,MHC-I presentation,2.922840118408203
2D,кишка,47,ACH-000926,MHC-I presentation,-0.8596572875976562
2D,кишка,64,ACH-000991,MHC-I presentation,5.235866546630859
2D,кишка,67,ACH-002024,MHC-I presentation,7.188907623291016
2D,кишка,71,ACH-000009,MHC-I presentation,-19.69562530517578
2D,кишка,77,ACH-000963,MHC-I presentation,-5.8430023193359375
2D,кишка,81,ACH-000342,MHC-I presentation,-4.6435089111328125
2D,кишка,82,ACH-000249,MHC-I presentation,-8.397806167602539
2D,кишка,88,ACH-000943,MHC-I presentation,-5.5179443359375
2D,кишка,100,ACH-002886,MHC-I presentation,0.1450653076171875
2D,кишка,102,ACH-002654,MHC-I presentation,-1.2599411010742188
2D,кишка,105,ACH-002664,MHC-I presentation,1.5017204284667969
2D,кишка,111,ACH-000842,MHC-I presentation,0.03491973876953125
2D,кишка,120,ACH-000997,MHC-I presentation,-6.135826110839844
2D,кишка,128,ACH-002662,MHC-I presentation,1.5917167663574219
2D,кишка,130,ACH-000982,MHC-I presentation,-11.100364685058594
2D,кишка,138,ACH-001459,MHC-I presentation,0.5292282104492188
2D,кишка,145,ACH-000467,MHC-I presentation,3.8738441467285156
2D,кишка,149,ACH-000565,MHC-I presentation,6.485065460205078
2D,кишка,151,ACH-002539,MHC-I presentation,3.1229820251464844
2D,кишка,158,ACH-001461,MHC-I presentation,-1.1121826171875
2D,кишка,171,ACH-000381,MHC-I presentation,5.445411682128906
2D,кишка,172,ACH-000403,MHC-I presentation,4.94976806640625
2D,кишка,173,ACH-000400,MHC-I presentation,-4.768428802490234
2D,кишка,182,ACH-002532,MHC-I presentation,-5.904796600341797
2D,кишка,186,ACH-000296,MHC-I presentation,-36.33139419555664
2D,кишка,217,ACH-000286,MHC-I presentation,-9.226577758789062
2D,кишка,221,ACH-002025,MHC-I presentation,1.2572555541992188
2D,кишка,222,ACH-001345,MHC-I presentation,-3.6011734008789062
2D,кишка,239,ACH-000955,MHC-I presentation,-3.957120895385742
2D,кишка,241,ACH-001061,MHC-I presentation,-2.967174530029297
2D,кишка,248,ACH-000895,MHC-I presentation,2.3183975219726562
2D,кишка,249,ACH-000683,MHC-I presentation,-8.982105255126953
2D,кишка,253,ACH-000412,MHC-I presentation,6.869224548339844
2D,кишка,258,ACH-001786,MHC-I presentation,2.9631385803222656
2D,кишка,261,ACH-000470,MHC-I presentation,4.820812225341797
2D,кишка,271,ACH-000089,MHC-I presentation,4.552165985107422
2D,кишка,288,ACH-002667,MHC-I presentation,2.9174728393554688
2D,кишка,290,ACH-000252,MHC-I presentation,5.593170166015625
2D,кишка,293,ACH-000007,MHC-I presentation,3.6226577758789062
2D,кишка,298,ACH-000489,MHC-I presentation,2.0363197326660156
2D,кишка,304,ACH-002660,MHC-I presentation,6.561626434326172
2D,кишка,305,ACH-000986,MHC-I presentation,1.5258979797363281
2D,кишка,311,ACH-000985,MHC-I presentation,-8.999568939208984
2D,кишка,313,ACH-001399,MHC-I presentation,0.1349945068359375
2D,кишка,317,ACH-000350,MHC-I presentation,-8.502578735351562
2D,кишка,321,ACH-001458,MHC-I presentation,0.7105636596679688
2D,кишка,323,ACH-000970,MHC-I presentation,-3.9074249267578125
2D,кишка,325,ACH-000003,MHC-I presentation,-10.713521957397461
2D,кишка,329,ACH-002659,MHC-I presentation,-17.576025009155273
2D,кишка,332,ACH-000950,MHC-I presentation,-0.3411827087402344
2D,кишка,338,ACH-000959,MHC-I presentation,-6.561626434326172
2D,кишка,339,ACH-000820,MHC-I presentation,8.009620666503906
2D,кишка,342,ACH-000967,MHC-I presentation,-1.6521568298339844
2D,кишка,345,ACH-002538,MHC-I presentation,-13.947988510131836
2D,кишка,348,ACH-000957,MHC-I presentation,-1.1444206237792969
2D,кишка,350,ACH-002535,MHC-I presentation,0.5184783935546875
2D,кишка,360,ACH-000935,MHC-I presentation,1.8670768737792969
2D,кишка,390,ACH-000202,MHC-I presentation,-18.235546112060547
2D,кишка,394,ACH-000532,MHC-I presentation,0.287445068359375
2D,кишка,400,ACH-002669,MHC-I presentation,3.1055259704589844
2D,кишка,2,ACH-000708,NK activating ligands,-5.7516632080078125
2D,кишка,7,ACH-000421,NK activating ligands,0.40564918518066406
2D,кишка,15,ACH-000999,NK activating ligands,3.9598121643066406
2D,кишка,31,ACH-000552,NK activating ligands,2.973886489868164
2D,кишка,33,ACH-000798,NK activating ligands,2.380186080932617
2D,кишка,36,ACH-000501,NK activating ligands,9.546262741088867
2D,кишка,43,ACH-000998,NK activating ligands,0.4607219696044922
2D,кишка,44,ACH-001456,NK activating ligands,-3.0477638244628906
2D,кишка,45,ACH-000971,NK activating ligands,6.413875579833984
2D,кишка,46,ACH-001454,NK activating ligands,0.10880279541015625
2D,кишка,47,ACH-000926,NK activating ligands,-3.3311805725097656
2D,кишка,64,ACH-000991,NK activating ligands,7.213085174560547
2D,кишка,67,ACH-002024,NK activating ligands,-2.514507293701172
2D,кишка,71,ACH-000009,NK activating ligands,5.696592330932617
2D,кишка,77,ACH-000963,NK activating ligands,-4.22576904296875
2D,кишка,81,ACH-000342,NK activating ligands,4.059209823608398
2D,кишка,82,ACH-000249,NK activating ligands,-0.6554965972900391
2D,кишка,88,ACH-000943,NK activating ligands,4.1935272216796875
2D,кишка,100,ACH-002886,NK activating ligands,3.9987640380859375
2D,кишка,102,ACH-002654,NK activating ligands,3.614604949951172
2D,кишка,105,ACH-002664,NK activating ligands,6.299701690673828
2D,кишка,111,ACH-000842,NK activating ligands,7.763811111450195
2D,кишка,120,ACH-000997,NK activating ligands,4.587093353271484
2D,кишка,128,ACH-002662,NK activating ligands,2.7495689392089844
2D,кишка,130,ACH-000982,NK activating ligands,-4.208309173583984
2D,кишка,138,ACH-001459,NK activating ligands,-8.450193405151367
2D,кишка,145,ACH-000467,NK activating ligands,-4.448742866516113
2D,кишка,149,ACH-000565,NK activating ligands,0.12223243713378906
2D,кишка,151,ACH-002539,NK activating ligands,-5.501827239990234
2D,кишка,158,ACH-001461,NK activating ligands,-4.64350700378418
2D,кишка,171,ACH-000381,NK activating ligands,3.0800018310546875
2D,кишка,172,ACH-000403,NK activating ligands,-1.9705047607421875
2D,кишка,173,ACH-000400,NK activating ligands,-13.018482208251953
2D,кишка,182,ACH-002532,NK activating ligands,5.458843231201172
2D,кишка,186,ACH-000296,NK activating ligands,-12.756555557250977
2D,кишка,217,ACH-000286,NK activating ligands,1.1242733001708984
2D,кишка,221,ACH-002025,NK activating ligands,3.7516117095947266
2D,кишка,222,ACH-001345,NK activating ligands,-2.03228759765625
2D,кишка,239,ACH-000955,NK activating ligands,-9.632225036621094
2D,кишка,241,ACH-001061,NK activating ligands,8.722869873046875
2D,кишка,248,ACH-000895,NK activating ligands,-1.748870849609375
2D,кишка,249,ACH-000683,NK activating ligands,-2.349292755126953
2D,кишка,253,ACH-000412,NK activating ligands,5.519289016723633
2D,кишка,258,ACH-001786,NK activating ligands,5.136468887329102
2D,кишка,261,ACH-000470,NK activating ligands,-2.8986663818359375
2D,кишка,271,ACH-000089,NK activating ligands,-3.133729934692383
2D,кишка,288,ACH-002667,NK activating ligands,-2.5453996658325195
2D,кишка,290,ACH-000252,NK activating ligands,-1.218301773071289
2D,кишка,293,ACH-000007,NK activating ligands,-5.761068344116211
2D,кишка,298,ACH-000489,NK activating ligands,-4.231142044067383
2D,кишка,304,ACH-002660,NK activating ligands,-2.46614933013916
2D,кишка,305,ACH-000986,NK activating ligands,1.379486083984375
2D,кишка,311,ACH-000985,NK activating ligands,-4.260695457458496
2D,кишка,313,ACH-001399,NK activating ligands,6.850419998168945
2D,кишка,317,ACH-000350,NK activating ligands,-6.501181602478027
2D,кишка,321,ACH-001458,NK activating ligands,-4.681119918823242
2D,кишка,323,ACH-000970,NK activating ligands,6.244626998901367
2D,кишка,325,ACH-000003,NK activating ligands,8.289005279541016
2D,кишка,329,ACH-002659,NK activating ligands,0.8032455444335938
2D,кишка,332,ACH-000950,NK activating ligands,-0.24849510192871094
2D,кишка,338,ACH-000959,NK activating ligands,-0.3143138885498047
2D,кишка,339,ACH-000820,NK activating ligands,-3.086719512939453
2D,кишка,342,ACH-000967,NK activating ligands,1.1135311126708984
2D,кишка,345,ACH-002538,NK activating ligands,4.691860198974609
2D,кишка,348,ACH-000957,NK activating ligands,-1.4076919555664062
2D,кишка,350,ACH-002535,NK activating ligands,5.023639678955078
2D,кишка,360,ACH-000935,NK activating ligands,-0.9012985229492188
2D,кишка,390,ACH-000202,NK activating ligands,-13.31801986694336
2D,кишка,394,ACH-000532,NK activating ligands,-0.18939590454101562
2D,кишка,400,ACH-002669,NK activating ligands,9.524772644042969
2D,кишка,2,ACH-000708,Necroptosis executioners,0.20819854736328125
2D,кишка,7,ACH-000421,Necroptosis executioners,-1.9248313903808594
2D,кишка,15,ACH-000999,Necroptosis executioners,3.140451431274414
2D,кишка,31,ACH-000552,Necroptosis executioners,3.073284149169922
2D,кишка,33,ACH-000798,Necroptosis executioners,1.8334941864013672
2D,кишка,36,ACH-000501,Necroptosis executioners,-5.206319808959961
2D,кишка,43,ACH-000998,Necroptosis executioners,6.360145568847656
2D,кишка,44,ACH-001456,Necroptosis executioners,-0.5937042236328125
2D,кишка,45,ACH-000971,Necroptosis executioners,2.202882766723633
2D,кишка,46,ACH-001454,Necroptosis executioners,-7.929023742675781
2D,кишка,47,ACH-000926,Necroptosis executioners,3.011495590209961
2D,кишка,64,ACH-000991,Necroptosis executioners,1.1524810791015625
2D,кишка,67,ACH-002024,Necroptosis executioners,-13.899633407592773
2D,кишка,71,ACH-000009,Necroptosis executioners,2.1800460815429688
2D,кишка,77,ACH-000963,Necroptosis executioners,8.062004089355469
2D,кишка,81,ACH-000342,Necroptosis executioners,-5.350044250488281
2D,кишка,82,ACH-000249,Necroptosis executioners,1.3606815338134766
2D,кишка,88,ACH-000943,Necroptosis executioners,7.511283874511719
2D,кишка,100,ACH-002886,Necroptosis executioners,-2.8086719512939453
2D,кишка,102,ACH-002654,Necroptosis executioners,1.3452339172363281
2D,кишка,105,ACH-002664,Necroptosis executioners,-6.224477767944336
2D,кишка,111,ACH-000842,Necroptosis executioners,-5.499143600463867
2D,кишка,120,ACH-000997,Necroptosis executioners,3.127016067504883
2D,кишка,128,ACH-002662,Necroptosis executioners,-3.471548080444336
2D,кишка,130,ACH-000982,Necroptosis executioners,1.9100589752197266
2D,кишка,138,ACH-001459,Necroptosis executioners,3.6790771484375
2D,кишка,145,ACH-000467,Necroptosis executioners,4.849020004272461
2D,кишка,149,ACH-000565,Necroptosis executioners,-4.0833892822265625
2D,кишка,151,ACH-002539,Necroptosis executioners,4.3668060302734375
2D,кишка,158,ACH-001461,Necroptosis executioners,7.329277038574219
2D,кишка,171,ACH-000381,Necroptosis executioners,8.334676742553711
2D,кишка,172,ACH-000403,Necroptosis executioners,-1.2988929748535156
2D,кишка,173,ACH-000400,Necroptosis executioners,-3.6011734008789062
2D,кишка,182,ACH-002532,Necroptosis executioners,1.0826377868652344
2D,кишка,186,ACH-000296,Necroptosis executioners,-25.065820693969727
2D,кишка,217,ACH-000286,Necroptosis executioners,-0.6823577880859375
2D,кишка,221,ACH-002025,Necroptosis executioners,-4.596498489379883
2D,кишка,222,ACH-001345,Necroptosis executioners,6.032398223876953
2D,кишка,239,ACH-000955,Necroptosis executioners,3.6105728149414062
2D,кишка,241,ACH-001061,Necroptosis executioners,-4.262035369873047
2D,кишка,248,ACH-000895,Necroptosis executioners,4.3567352294921875
2D,кишка,249,ACH-000683,Necroptosis executioners,-3.4648303985595703
2D,кишка,253,ACH-000412,Necroptosis executioners,-1.219644546508789
2D,кишка,258,ACH-001786,Necroptosis executioners,1.3862037658691406
2D,кишка,261,ACH-000470,Necroptosis executioners,5.652263641357422
2D,кишка,271,ACH-000089,Necroptosis executioners,6.446109771728516
2D,кишка,288,ACH-002667,Necroptosis executioners,3.063884735107422
2D,кишка,290,ACH-000252,Necroptosis executioners,2.335857391357422
2D,кишка,293,ACH-000007,Necroptosis executioners,4.2714385986328125
2D,кишка,298,ACH-000489,Necroptosis executioners,-2.523906707763672
2D,кишка,304,ACH-002660,Necroptosis executioners,-4.615303039550781
2D,кишка,305,ACH-000986,Necroptosis executioners,4.462177276611328
2D,кишка,311,ACH-000985,Necroptosis executioners,-0.4768409729003906
2D,кишка,313,ACH-001399,Necroptosis executioners,-13.617563247680664
2D,кишка,317,ACH-000350,Necroptosis executioners,-10.127874374389648
2D,кишка,321,ACH-001458,Necroptosis executioners,2.5655441284179688
2D,кишка,323,ACH-000970,Necroptosis executioners,-0.7401142120361328
2D,кишка,325,ACH-000003,Necroptosis executioners,0.8072719573974609
2D,кишка,329,ACH-002659,Necroptosis executioners,-8.013643264770508
2D,кишка,332,ACH-000950,Necroptosis executioners,8.141252517700195
2D,кишка,338,ACH-000959,Necroptosis executioners,9.167469024658203
2D,кишка,339,ACH-000820,Necroptosis executioners,8.331989288330078
2D,кишка,342,ACH-000967,Necroptosis executioners,-6.424615859985352
2D,кишка,345,ACH-002538,Necroptosis executioners,-11.453632354736328
2D,кишка,348,ACH-000957,Necroptosis executioners,4.797979354858398
2D,кишка,350,ACH-002535,Necroptosis executioners,-5.993442535400391
2D,кишка,360,ACH-000935,Necroptosis executioners,-7.02638053894043
2D,кишка,390,ACH-000202,Necroptosis executioners,-7.990810394287109
2D,кишка,394,ACH-000532,Necroptosis executioners,7.441434860229492
2D,кишка,400,ACH-002669,Necroptosis executioners,1.7703609466552734
2D,кишка,2,ACH-000708,Necroptosis initiators,6.5790863037109375
2D,кишка,7,ACH-000421,Necroptosis initiators,0.4056510925292969
2D,кишка,15,ACH-000999,Necroptosis initiators,1.6091766357421875
2D,кишка,31,ACH-000552,Necroptosis initiators,2.4527206420898438
2D,кишка,33,ACH-000798,Necroptosis initiators,1.1283035278320312
2D,кишка,36,ACH-000501,Necroptosis initiators,2.261981964111328
2D,кишка,43,ACH-000998,Necroptosis initiators,0.8945846557617188
2D,кишка,44,ACH-001456,Necroptosis initiators,5.585102081298828
2D,кишка,45,ACH-000971,Necroptosis initiators,-25.3599853515625
2D,кишка,46,ACH-001454,Necroptosis initiators,7.693960189819336
2D,кишка,47,ACH-000926,Necroptosis initiators,7.632171630859375
2D,кишка,64,ACH-000991,Necroptosis initiators,7.191596984863281
2D,кишка,67,ACH-002024,Necroptosis initiators,-1.7985725402832031
2D,кишка,71,ACH-000009,Necroptosis initiators,-19.02804946899414
2D,кишка,77,ACH-000963,Necroptosis initiators,2.2619781494140625
2D,кишка,81,ACH-000342,Necroptosis initiators,-3.333873748779297
2D,кишка,82,ACH-000249,Necroptosis initiators,-7.1217498779296875
2D,кишка,88,ACH-000943,Necroptosis initiators,-22.58489227294922
2D,кишка,100,ACH-002886,Necroptosis initiators,1.4130668640136719
2D,кишка,102,ACH-002654,Necroptosis initiators,1.3378486633300781
2D,кишка,105,ACH-002664,Necroptosis initiators,-4.824848175048828
2D,кишка,111,ACH-000842,Necroptosis initiators,-2.4661483764648438
2D,кишка,120,ACH-000997,Necroptosis initiators,-13.851280212402344
2D,кишка,128,ACH-002662,Necroptosis initiators,-0.8113021850585938
2D,кишка,130,ACH-000982,Necroptosis initiators,-4.266063690185547
2D,кишка,138,ACH-001459,Necroptosis initiators,7.2211456298828125
2D,кишка,145,ACH-000467,Necroptosis initiators,13.956047058105469
2D,кишка,149,ACH-000565,Necroptosis initiators,6.4904327392578125
2D,кишка,151,ACH-002539,Necroptosis initiators,5.813449859619141
2D,кишка,158,ACH-001461,Necroptosis initiators,1.7918510437011719
2D,кишка,171,ACH-000381,Necroptosis initiators,2.1384048461914062
2D,кишка,172,ACH-000403,Necroptosis initiators,-0.9939804077148438
2D,кишка,173,ACH-000400,Necroptosis initiators,-2.240489959716797
2D,кишка,182,ACH-002532,Necroptosis initiators,4.0430908203125
2D,кишка,186,ACH-000296,Necroptosis initiators,-10.334732055664062
2D,кишка,217,ACH-000286,Necroptosis initiators,-0.037609100341796875
2D,кишка,221,ACH-002025,Necroptosis initiators,5.2895965576171875
2D,кишка,222,ACH-001345,Necroptosis initiators,-12.717601776123047
2D,кишка,239,ACH-000955,Necroptosis initiators,-0.03491973876953125
2D,кишка,241,ACH-001061,Necroptosis initiators,-6.831613540649414
2D,кишка,248,ACH-000895,Necroptosis initiators,-3.962495803833008
2D,кишка,249,ACH-000683,Necroptosis initiators,-25.499679565429688
2D,кишка,253,ACH-000412,Necroptosis initiators,7.460243225097656
2D,кишка,258,ACH-001786,Necroptosis initiators,2.4097366333007812
2D,кишка,261,ACH-000470,Necroptosis initiators,-0.5722122192382812
2D,кишка,271,ACH-000089,Necroptosis initiators,8.228565216064453
2D,кишка,288,ACH-002667,Necroptosis initiators,11.468408584594727
2D,кишка,290,ACH-000252,Necroptosis initiators,4.166667938232422
2D,кишка,293,ACH-000007,Necroptosis initiators,3.3553619384765625
2D,кишка,298,ACH-000489,Necroptosis initiators,11.073501586914062
2D,кишка,304,ACH-002660,Necroptosis initiators,8.687946319580078
2D,кишка,305,ACH-000986,Necroptosis initiators,1.2115821838378906
2D,кишка,311,ACH-000985,Necroptosis initiators,-1.0396499633789062
2D,кишка,313,ACH-001399,Necroptosis initiators,2.146465301513672
2D,кишка,317,ACH-000350,Necroptosis initiators,-1.2975502014160156
2D,кишка,321,ACH-001458,Necroptosis initiators,-1.8858795166015625
2D,кишка,323,ACH-000970,Necroptosis initiators,-2.691814422607422
2D,кишка,325,ACH-000003,Necroptosis initiators,-6.074039459228516
2D,кишка,329,ACH-002659,Necroptosis initiators,-2.8368759155273438
2D,кишка,332,ACH-000950,Necroptosis initiators,-7.830970764160156
2D,кишка,338,ACH-000959,Necroptosis initiators,1.2774009704589844
2D,кишка,339,ACH-000820,Necroptosis initiators,3.2344741821289062
2D,кишка,342,ACH-000967,Necroptosis initiators,-11.98689079284668
2D,кишка,345,ACH-002538,Necroptosis initiators,-4.857082366943359
2D,кишка,348,ACH-000957,Necroptosis initiators,-2.409740447998047
2D,кишка,350,ACH-002535,Necroptosis initiators,-1.192779541015625
2D,кишка,360,ACH-000935,Necroptosis initiators,-24.629268646240234
2D,кишка,390,ACH-000202,Necroptosis initiators,-27.705245971679688
2D,кишка,394,ACH-000532,Necroptosis initiators,-1.7945404052734375
2D,кишка,400,ACH-002669,Necroptosis initiators,5.69525146484375
2D,кишка,2,ACH-000708,Pyroptosis executioners,5.778526306152344
2D,кишка,7,ACH-000421,Pyroptosis executioners,4.6448516845703125
2D,кишка,15,ACH-000999,Pyroptosis executioners,-2.796581268310547
2D,кишка,31,ACH-000552,Pyroptosis executioners,-2.8879241943359375
2D,кишка,33,ACH-000798,Pyroptosis executioners,-2.248546600341797
2D,кишка,36,ACH-000501,Pyroptosis executioners,11.94390869140625
2D,кишка,43,ACH-000998,Pyroptosis executioners,-3.5111732482910156
2D,кишка,44,ACH-001456,Pyroptosis executioners,-1.5124664306640625
2D,кишка,45,ACH-000971,Pyroptosis executioners,-3.3875961303710938
2D,кишка,46,ACH-001454,Pyroptosis executioners,9.405220031738281
2D,кишка,47,ACH-000926,Pyroptosis executioners,-1.0799407958984375
2D,кишка,64,ACH-000991,Pyroptosis executioners,0.20954513549804688
2D,кишка,67,ACH-002024,Pyroptosis executioners,-21.915966033935547
2D,кишка,71,ACH-000009,Pyroptosis executioners,-9.843116760253906
2D,кишка,77,ACH-000963,Pyroptosis executioners,1.0692062377929688
2D,кишка,81,ACH-000342,Pyroptosis executioners,-2.6515121459960938
2D,кишка,82,ACH-000249,Pyroptosis executioners,-3.7905731201171875
2D,кишка,88,ACH-000943,Pyroptosis executioners,4.419193267822266
2D,кишка,100,ACH-002886,Pyroptosis executioners,-0.3868408203125
2D,кишка,102,ACH-002654,Pyroptosis executioners,-4.389640808105469
2D,кишка,105,ACH-002664,Pyroptosis executioners,-1.9933395385742188
2D,кишка,111,ACH-000842,Pyroptosis executioners,-3.4681930541992188
2D,кишка,120,ACH-000997,Pyroptosis executioners,-2.8153839111328125
2D,кишка,128,ACH-002662,Pyroptosis executioners,-7.470985412597656
2D,кишка,130,ACH-000982,Pyroptosis executioners,6.858482360839844
2D,кишка,138,ACH-001459,Pyroptosis executioners,-1.5742530822753906
2D,кишка,145,ACH-000467,Pyroptosis executioners,-1.1793441772460938
2D,кишка,149,ACH-000565,Pyroptosis executioners,9.711479187011719
2D,кишка,151,ACH-002539,Pyroptosis executioners,6.44476318359375
2D,кишка,158,ACH-001461,Pyroptosis executioners,-2.40972900390625
2D,кишка,171,ACH-000381,Pyroptosis executioners,1.5393295288085938
2D,кишка,172,ACH-000403,Pyroptosis executioners,4.628730773925781
2D,кишка,173,ACH-000400,Pyroptosis executioners,5.4561614990234375
2D,кишка,182,ACH-002532,Pyroptosis executioners,-3.65625
2D,кишка,186,ACH-000296,Pyroptosis executioners,5.673759460449219
2D,кишка,217,ACH-000286,Pyroptosis executioners,6.764453887939453
2D,кишка,221,ACH-002025,Pyroptosis executioners,1.0557708740234375
2D,кишка,222,ACH-001345,Pyroptosis executioners,12.40865707397461
2D,кишка,239,ACH-000955,Pyroptosis executioners,7.434722900390625
2D,кишка,241,ACH-001061,Pyroptosis executioners,-9.571779251098633
2D,кишка,248,ACH-000895,Pyroptosis executioners,0.19879913330078125
2D,кишка,249,ACH-000683,Pyroptosis executioners,-6.8396759033203125
2D,кишка,253,ACH-000412,Pyroptosis executioners,11.93853759765625
2D,кишка,258,ACH-001786,Pyroptosis executioners,4.953792572021484
2D,кишка,261,ACH-000470,Pyroptosis executioners,6.280891418457031
2D,кишка,271,ACH-000089,Pyroptosis executioners,10.270256042480469
2D,кишка,288,ACH-002667,Pyroptosis executioners,7.070716857910156
2D,кишка,290,ACH-000252,Pyroptosis executioners,-1.7596206665039062
2D,кишка,293,ACH-000007,Pyroptosis executioners,-0.9187583923339844
2D,кишка,298,ACH-000489,Pyroptosis executioners,3.6643028259277344
2D,кишка,304,ACH-002660,Pyroptosis executioners,7.4091949462890625
2D,кишка,305,ACH-000986,Pyroptosis executioners,6.374916076660156
2D,кишка,311,ACH-000985,Pyroptosis executioners,4.1908416748046875
2D,кишка,313,ACH-001399,Pyroptosis executioners,-1.7676773071289062
2D,кишка,317,ACH-000350,Pyroptosis executioners,1.200836181640625
2D,кишка,321,ACH-001458,Pyroptosis executioners,-3.1055221557617188
2D,кишка,323,ACH-000970,Pyroptosis executioners,5.601219177246094
2D,кишка,325,ACH-000003,Pyroptosis executioners,-5.496452331542969
2D,кишка,329,ACH-002659,Pyroptosis executioners,-14.25961685180664
2D,кишка,332,ACH-000950,Pyroptosis executioners,1.2115859985351562
2D,кишка,338,ACH-000959,Pyroptosis executioners,0.3626708984375
2D,кишка,339,ACH-000820,Pyroptosis executioners,10.291740417480469
2D,кишка,342,ACH-000967,Pyroptosis executioners,-6.681171417236328
2D,кишка,345,ACH-002538,Pyroptosis executioners,-14.861377716064453
2D,кишка,348,ACH-000957,Pyroptosis executioners,2.5924148559570312
2D,кишка,350,ACH-002535,Pyroptosis executioners,-5.4481048583984375
2D,кишка,360,ACH-000935,Pyroptosis executioners,2.9550857543945312
2D,кишка,390,ACH-000202,Pyroptosis executioners,-14.372447967529297
2D,кишка,394,ACH-000532,Pyroptosis executioners,3.3231277465820312
2D,кишка,400,ACH-002669,Pyroptosis executioners,-1.7811088562011719
2D,кишка,2,ACH-000708,Pyroptosis initiators,4.381580352783203
2D,кишка,7,ACH-000421,Pyroptosis initiators,2.8932952880859375
2D,кишка,15,ACH-000999,Pyroptosis initiators,-3.898021697998047
2D,кишка,31,ACH-000552,Pyroptosis initiators,-1.0020427703857422
2D,кишка,33,ACH-000798,Pyroptosis initiators,2.079303741455078
2D,кишка,36,ACH-000501,Pyroptosis initiators,1.3190383911132812
2D,кишка,43,ACH-000998,Pyroptosis initiators,-1.4856033325195312
2D,кишка,44,ACH-001456,Pyroptosis initiators,-4.153234481811523
2D,кишка,45,ACH-000971,Pyroptosis initiators,-17.147544860839844
2D,кишка,46,ACH-001454,Pyroptosis initiators,0.0
2D,кишка,47,ACH-000926,Pyroptosis initiators,0.19342422485351562
2D,кишка,64,ACH-000991,Pyroptosis initiators,0.24983978271484375
2D,кишка,67,ACH-002024,Pyroptosis initiators,-14.18171215057373
2D,кишка,71,ACH-000009,Pyroptosis initiators,-3.9007110595703125
2D,кишка,77,ACH-000963,Pyroptosis initiators,-4.969913482666016
2D,кишка,81,ACH-000342,Pyroptosis initiators,-3.1377601623535156
2D,кишка,82,ACH-000249,Pyroptosis initiators,-3.739521026611328
2D,кишка,88,ACH-000943,Pyroptosis initiators,2.470182418823242
2D,кишка,100,ACH-002886,Pyroptosis initiators,1.1712875366210938
2D,кишка,102,ACH-002654,Pyroptosis initiators,4.690521240234375
2D,кишка,105,ACH-002664,Pyroptosis initiators,1.4667892456054688
2D,кишка,111,ACH-000842,Pyroptosis initiators,-3.4977455139160156
2D,кишка,120,ACH-000997,Pyroptosis initiators,-11.460348129272461
2D,кишка,128,ACH-002662,Pyroptosis initiators,-0.5856437683105469
2D,кишка,130,ACH-000982,Pyroptosis initiators,-10.595314025878906
2D,кишка,138,ACH-001459,Pyroptosis initiators,1.6118621826171875
2D,кишка,145,ACH-000467,Pyroptosis initiators,-1.7354393005371094
2D,кишка,149,ACH-000565,Pyroptosis initiators,-4.032342910766602
2D,кишка,151,ACH-002539,Pyroptosis initiators,0.3143119812011719
2D,кишка,158,ACH-001461,Pyroptosis initiators,4.247261047363281
2D,кишка,171,ACH-000381,Pyroptosis initiators,-0.4969902038574219
2D,кишка,172,ACH-000403,Pyroptosis initiators,7.035789489746094
2D,кишка,173,ACH-000400,Pyroptosis initiators,-2.2861557006835938
2D,кишка,182,ACH-002532,Pyroptosis initiators,-14.189773559570312
2D,кишка,186,ACH-000296,Pyroptosis initiators,-29.951107025146484
2D,кишка,217,ACH-000286,Pyroptosis initiators,-3.9705581665039062
2D,кишка,221,ACH-002025,Pyroptosis initiators,7.374275207519531
2D,кишка,222,ACH-001345,Pyroptosis initiators,2.3506336212158203
2D,кишка,239,ACH-000955,Pyroptosis initiators,1.9073486328125e-06
2D,кишка,241,ACH-001061,Pyroptosis initiators,6.06597900390625
2D,кишка,248,ACH-000895,Pyroptosis initiators,3.3204383850097656
2D,кишка,249,ACH-000683,Pyroptosis initiators,-7.444122314453125
2D,кишка,253,ACH-000412,Pyroptosis initiators,6.0955352783203125
2D,кишка,258,ACH-001786,Pyroptosis initiators,8.392436981201172
2D,кишка,261,ACH-000470,Pyroptosis initiators,1.1874046325683594
2D,кишка,271,ACH-000089,Pyroptosis initiators,2.9738922119140625
2D,кишка,288,ACH-002667,Pyroptosis initiators,4.102191925048828
2D,кишка,290,ACH-000252,Pyroptosis initiators,1.1578598022460938
2D,кишка,293,ACH-000007,Pyroptosis initiators,3.9114532470703125
2D,кишка,298,ACH-000489,Pyroptosis initiators,3.6481857299804688
2D,кишка,304,ACH-002660,Pyroptosis initiators,6.960563659667969
2D,кишка,305,ACH-000986,Pyroptosis initiators,5.542121887207031
2D,кишка,311,ACH-000985,Pyroptosis initiators,-1.8482685089111328
2D,кишка,313,ACH-001399,Pyroptosis initiators,-5.399742126464844
2D,кишка,317,ACH-000350,Pyroptosis initiators,-2.5736083984375
2D,кишка,321,ACH-001458,Pyroptosis initiators,1.8187179565429688
2D,кишка,323,ACH-000970,Pyroptosis initiators,-0.39221954345703125
2D,кишка,325,ACH-000003,Pyroptosis initiators,-1.0154743194580078
2D,кишка,329,ACH-002659,Pyroptosis initiators,0.4996795654296875
2D,кишка,332,ACH-000950,Pyroptosis initiators,-7.2130889892578125
2D,кишка,338,ACH-000959,Pyroptosis initiators,-2.334514617919922
2D,кишка,339,ACH-000820,Pyroptosis initiators,4.824840545654297
2D,кишка,342,ACH-000967,Pyroptosis initiators,-5.088115692138672
2D,кишка,345,ACH-002538,Pyroptosis initiators,-6.178806304931641
2D,кишка,348,ACH-000957,Pyroptosis initiators,2.459442138671875
2D,кишка,350,ACH-002535,Pyroptosis initiators,-13.61218547821045
2D,кишка,360,ACH-000935,Pyroptosis initiators,6.78594970703125
2D,кишка,390,ACH-000202,Pyroptosis initiators,-21.40285873413086
2D,кишка,394,ACH-000532,Pyroptosis initiators,7.379646301269531
2D,кишка,400,ACH-002669,Pyroptosis initiators,5.055877685546875
здоровая,лёгкое,5,TSP14||Epithelium,Apoptosis executioners,-7.030406951904297
здоровая,лёгкое,6,TSP1||Epithelium,Apoptosis executioners,-8.006927490234375
здоровая,лёгкое,7,TSP25||Epithelium,Apoptosis executioners,-2.7643508911132812
здоровая,лёгкое,8,TSP2||Epithelium,Apoptosis executioners,-3.6844482421875
здоровая,лёгкое,5,TSP14||Epithelium,Apoptosis initiators,-8.41459846496582
здоровая,лёгкое,6,TSP1||Epithelium,Apoptosis initiators,-1.836181640625
здоровая,лёгкое,7,TSP25||Epithelium,Apoptosis initiators,-1.4856014251708984
здоровая,лёгкое,8,TSP2||Epithelium,Apoptosis initiators,-9.765207290649414
здоровая,лёгкое,5,TSP14||Epithelium,BRAKES,20.034786224365234
здоровая,лёгкое,6,TSP1||Epithelium,BRAKES,15.492019653320312
здоровая,лёгкое,7,TSP25||Epithelium,BRAKES,18.709033966064453
здоровая,лёгкое,8,TSP2||Epithelium,BRAKES,13.861351013183594
здоровая,лёгкое,5,TSP14||Epithelium,ENTRY adaptors,-1.576934814453125
здоровая,лёгкое,6,TSP1||Epithelium,ENTRY adaptors,-1.3620223999023438
здоровая,лёгкое,7,TSP25||Epithelium,ENTRY adaptors,-1.9275283813476562
здоровая,лёгкое,8,TSP2||Epithelium,ENTRY adaptors,-7.282936096191406
здоровая,лёгкое,5,TSP14||Epithelium,ENTRY receptors,11.76995849609375
здоровая,лёгкое,6,TSP1||Epithelium,ENTRY receptors,1.8912582397460938
здоровая,лёгкое,7,TSP25||Epithelium,ENTRY receptors,3.6051979064941406
здоровая,лёгкое,8,TSP2||Epithelium,ENTRY receptors,-1.6756649017333984
здоровая,лёгкое,5,TSP14||Epithelium,Inhibitory signals,2.3217544555664062
здоровая,лёгкое,6,TSP1||Epithelium,Inhibitory signals,8.998226165771484
здоровая,лёгкое,7,TSP25||Epithelium,Inhibitory signals,8.098270416259766
здоровая,лёгкое,8,TSP2||Epithelium,Inhibitory signals,7.197641372680664
здоровая,лёгкое,5,TSP14||Epithelium,MHC-I presentation,4.251960754394531
здоровая,лёгкое,6,TSP1||Epithelium,MHC-I presentation,5.590473175048828
здоровая,лёгкое,7,TSP25||Epithelium,MHC-I presentation,3.1854515075683594
здоровая,лёгкое,8,TSP2||Epithelium,MHC-I presentation,5.227134704589844
здоровая,лёгкое,5,TSP14||Epithelium,NK activating ligands,-8.2648286819458
здоровая,лёгкое,6,TSP1||Epithelium,NK activating ligands,-17.639158248901367
здоровая,лёгкое,7,TSP25||Epithelium,NK activating ligands,-17.542444229125977
здоровая,лёгкое,8,TSP2||Epithelium,NK activating ligands,-20.698339462280273
здоровая,лёгкое,5,TSP14||Epithelium,Necroptosis executioners,-9.33201789855957
здоровая,лёгкое,6,TSP1||Epithelium,Necroptosis executioners,-21.748064041137695
здоровая,лёгкое,7,TSP25||Epithelium,Necroptosis executioners,-20.89914894104004
здоровая,лёгкое,8,TSP2||Epithelium,Necroptosis executioners,-21.955591201782227
здоровая,лёгкое,5,TSP14||Epithelium,Necroptosis initiators,9.996238708496094
здоровая,лёгкое,6,TSP1||Epithelium,Necroptosis initiators,6.9337005615234375
здоровая,лёгкое,7,TSP25||Epithelium,Necroptosis initiators,5.942401885986328
здоровая,лёгкое,8,TSP2||Epithelium,Necroptosis initiators,4.851709365844727
здоровая,лёгкое,5,TSP14||Epithelium,Pyroptosis executioners,1.3270988464355469
здоровая,лёгкое,6,TSP1||Epithelium,Pyroptosis executioners,3.0611953735351562
здоровая,лёгкое,7,TSP25||Epithelium,Pyroptosis executioners,3.212982177734375
здоровая,лёгкое,8,TSP2||Epithelium,Pyroptosis executioners,-5.32452392578125
здоровая,лёгкое,5,TSP14||Epithelium,Pyroptosis initiators,6.4823760986328125
здоровая,лёгкое,6,TSP1||Epithelium,Pyroptosis initiators,8.990167617797852
здоровая,лёгкое,7,TSP25||Epithelium,Pyroptosis initiators,-0.9563722610473633
здоровая,лёгкое,8,TSP2||Epithelium,Pyroptosis initiators,3.460132598876953
пациент,лёгкое,28,lu_HRA000154|lu_HRA000154_SSN05,Apoptosis executioners,-10.815597534179688
пациент,лёгкое,29,lu_HRA000154|lu_HRA000154_SSN11,Apoptosis executioners,8.902854919433594
пациент,лёгкое,30,lu_HRA000154|lu_HRA000154_SSN27,Apoptosis executioners,-3.3634185791015625
пациент,лёгкое,31,lu_HRA000154|lu_HRA000154_SSN28,Apoptosis executioners,1.8214111328125
пациент,лёгкое,32,lu_HRA000154|lu_HRA000154_SSN29,Apoptosis executioners,-10.305183410644531
пациент,лёгкое,33,lu_HRA000154|lu_HRA000154_SSN30,Apoptosis executioners,-7.5865020751953125
пациент,лёгкое,34,lu_adc_GSE123902|lu_adc_GSE123902_MSK_LX666,Apoptosis executioners,-4.666343688964844
пациент,лёгкое,35,lu_adc_GSE123902|lu_adc_GSE123902_MSK_LX255B,Apoptosis executioners,-1.6467819213867188
пациент,лёгкое,36,lu_adc_GSE123902|lu_adc_GSE123902_MSK_LX680,Apoptosis executioners,11.476463317871094
пациент,лёгкое,37,lu_adc_GSE123902|lu_adc_GSE123902_MSK_LX681,Apoptosis executioners,-3.3499832153320312
пациент,лёгкое,38,lu_adc_GSE131907|lu_adc_GSE131907_P1011,Apoptosis executioners,10.941864013671875
пациент,лёгкое,39,lu_adc_GSE131907|lu_adc_GSE131907_P1058,Apoptosis executioners,0.54266357421875
пациент,лёгкое,40,lu_adc_GSE131907|lu_adc_GSE131907_P1006,Apoptosis executioners,4.3815765380859375
пациент,лёгкое,41,lu_adc_GSE131907|lu_adc_GSE131907_P1012,Apoptosis executioners,0.42177581787109375
пациент,лёгкое,42,lu_adc_GSE131907|lu_adc_GSE131907_P1013,Apoptosis executioners,-4.258003234863281
пациент,лёгкое,43,lu_adc_GSE131907|lu_adc_GSE131907_P1015,Apoptosis executioners,2.2566070556640625
пациент,лёгкое,44,lu_adc_GSE131907|lu_adc_GSE131907_P1028,Apoptosis executioners,0.5722122192382812
пациент,лёгкое,45,lu_adc_GSE131907|lu_adc_GSE131907_P1049,Apoptosis executioners,-6.904151916503906
пациент,лёгкое,46,lu_adc_GSE131907|lu_adc_GSE131907_P1051,Apoptosis executioners,3.5810165405273438
пациент,лёгкое,47,lu_adc_GSE131907|lu_adc_GSE131907_P0018,Apoptosis executioners,4.521278381347656
пациент,лёгкое,48,lu_adc_GSE131907|lu_adc_GSE131907_P0019,Apoptosis executioners,-2.03363037109375
пациент,лёгкое,49,lu_adc_GSE131907|lu_adc_GSE131907_P0020,Apoptosis executioners,-5.550178527832031
пациент,лёгкое,50,lu_adc_GSE131907|lu_adc_GSE131907_P0028,Apoptosis executioners,-3.7932510375976562
пациент,лёгкое,51,lu_adc_GSE131907|lu_adc_GSE131907_P0031,Apoptosis executioners,-8.610034942626953
пациент,лёгкое,52,lu_adc_GSE131907|lu_adc_GSE131907_P3002,Apoptosis executioners,2.2834701538085938
пациент,лёгкое,53,lu_adc_GSE131907|lu_adc_GSE131907_P3003,Apoptosis executioners,0.01343536376953125
пациент,лёгкое,54,lu_adc_GSE131907|lu_adc_GSE131907_P3004,Apoptosis executioners,1.8993148803710938
пациент,лёгкое,55,lu_adc_GSE131907|lu_adc_GSE131907_P3007,Apoptosis executioners,-1.1739730834960938
пациент,лёгкое,56,lu_adc_GSE131907|lu_adc_GSE131907_P3012,Apoptosis executioners,-4.309051513671875
пациент,лёгкое,57,lu_adc_GSE131907|lu_adc_GSE131907_P3013,Apoptosis executioners,2.9685134887695312
пациент,лёгкое,58,lu_adc_GSE131907|lu_adc_GSE131907_P3016,Apoptosis executioners,-9.794750213623047
пациент,лёгкое,59,lu_adc_GSE131907|lu_adc_GSE131907_P3017,Apoptosis executioners,5.34332275390625
пациент,лёгкое,60,lu_adc_GSE131907|lu_adc_GSE131907_P3019,Apoptosis executioners,0.3680419921875
пациент,лёгкое,61,lu_adc_GSE146100|lu_adc_GSE146100_lung_immuno,Apoptosis executioners,4.118309020996094
пациент,лёгкое,62,lu_adc_codeocean|lu_adc_codeocean_p018,Apoptosis executioners,0.112823486328125
пациент,лёгкое,63,lu_adc_codeocean|lu_adc_codeocean_p019,Apoptosis executioners,0.17462158203125
пациент,лёгкое,64,lu_adc_codeocean|lu_adc_codeocean_p023,Apoptosis executioners,3.742218017578125
пациент,лёгкое,65,lu_adc_codeocean|lu_adc_codeocean_p024,Apoptosis executioners,2.1679534912109375
пациент,лёгкое,66,lu_adc_codeocean|lu_adc_codeocean_p027,Apoptosis executioners,-0.18537139892578125
пациент,лёгкое,67,lu_adc_codeocean|lu_adc_codeocean_p031,Apoptosis executioners,6.702659606933594
пациент,лёгкое,68,lu_adc_codeocean|lu_adc_codeocean_p032,Apoptosis executioners,0.644744873046875
пациент,лёгкое,69,lu_adc_codeocean|lu_adc_codeocean_p034,Apoptosis executioners,0.7468338012695312
пациент,лёгкое,70,lu_nsclc_pan_blueprint_lung|pan_bluprint_lung_2,Apoptosis executioners,8.172149658203125
пациент,лёгкое,71,lu_nsclc_pan_blueprint_lung|pan_bluprint_lung_2,Apoptosis executioners,6.8450469970703125
пациент,лёгкое,72,lu_nsclc_pan_blueprint_lung|pan_bluprint_lung_3,Apoptosis executioners,1.1793441772460938
пациент,лёгкое,73,lu_nsclc_pan_blueprint_lung|pan_bluprint_lung_3,Apoptosis executioners,-0.31967926025390625
пациент,лёгкое,74,lu_nsclc_pan_blueprint_lung|pan_bluprint_lung_3,Apoptosis executioners,-5.1042327880859375
пациент,лёгкое,75,lu_nsclc_pan_blueprint_lung|pan_bluprint_lung_4,Apoptosis executioners,14.627662658691406
пациент,лёгкое,76,lu_nsclc_pan_blueprint_lung|pan_bluprint_lung_4,Apoptosis executioners,14.410057067871094
пациент,лёгкое,77,lu_nsclc_pan_blueprint_lung|pan_bluprint_lung_4,Apoptosis executioners,13.563827514648438
пациент,лёгкое,78,lu_nsclc_pan_blueprint_lung|pan_bluprint_lung_5,Apoptosis executioners,10.48248291015625
пациент,лёгкое,79,lu_nsclc_pan_blueprint_lung|pan_bluprint_lung_5,Apoptosis executioners,8.671829223632812
пациент,лёгкое,80,lu_nsclc_pan_blueprint_lung|pan_bluprint_lung_5,Apoptosis executioners,11.506011962890625
пациент,лёгкое,81,lu_nsclc_pan_blueprint_lung|pan_bluprint_lung_7,Apoptosis executioners,10.383079528808594
пациент,лёгкое,82,lu_nsclc_pan_blueprint_lung|pan_bluprint_lung_8,Apoptosis executioners,1.6118698120117188
пациент,лёгкое,83,lu_sclc_GSE150766|lu_sclc_GSE150766_GSM4558305,Apoptosis executioners,-16.784870147705078
пациент,лёгкое,84,pan_GSE140819|pan_GSE140819_NSCLC14,Apoptosis executioners,-4.585746765136719
пациент,лёгкое,85,pan_GSE140819|pan_GSE140819_NSCLC14,Apoptosis executioners,-5.300346374511719
пациент,лёгкое,86,pan_GSE140819|pan_GSE140819_NSCLC14,Apoptosis executioners,2.2270660400390625
пациент,лёгкое,28,lu_HRA000154|lu_HRA000154_SSN05,Apoptosis initiators,-0.9966678619384766
пациент,лёгкое,29,lu_HRA000154|lu_HRA000154_SSN11,Apoptosis initiators,-1.186065673828125
пациент,лёгкое,30,lu_HRA000154|lu_HRA000154_SSN27,Apoptosis initiators,-1.4063491821289062
пациент,лёгкое,31,lu_HRA000154|lu_HRA000154_SSN28,Apoptosis initiators,-6.726842880249023
пациент,лёгкое,32,lu_HRA000154|lu_HRA000154_SSN29,Apoptosis initiators,-0.8851795196533203
пациент,лёгкое,33,lu_HRA000154|lu_HRA000154_SSN30,Apoptosis initiators,-3.86444091796875
пациент,лёгкое,34,lu_adc_GSE123902|lu_adc_GSE123902_MSK_LX666,Apoptosis initiators,-9.233287811279297
пациент,лёгкое,35,lu_adc_GSE123902|lu_adc_GSE123902_MSK_LX255B,Apoptosis initiators,-0.91741943359375
пациент,лёгкое,36,lu_adc_GSE123902|lu_adc_GSE123902_MSK_LX680,Apoptosis initiators,-0.6192226409912109
пациент,лёгкое,37,lu_adc_GSE123902|lu_adc_GSE123902_MSK_LX681,Apoptosis initiators,-0.6823539733886719
пациент,лёгкое,38,lu_adc_GSE131907|lu_adc_GSE131907_P1011,Apoptosis initiators,1.4587364196777344
пациент,лёгкое,39,lu_adc_GSE131907|lu_adc_GSE131907_P1058,Apoptosis initiators,-7.6670989990234375
пациент,лёгкое,40,lu_adc_GSE131907|lu_adc_GSE131907_P1006,Apoptosis initiators,3.2962589263916016
пациент,лёгкое,41,lu_adc_GSE131907|lu_adc_GSE131907_P1012,Apoptosis initiators,1.2129268646240234
пациент,лёгкое,42,lu_adc_GSE131907|lu_adc_GSE131907_P1013,Apoptosis initiators,1.3297863006591797
пациент,лёгкое,43,lu_adc_GSE131907|lu_adc_GSE131907_P1015,Apoptosis initiators,-1.2129268646240234
пациент,лёгкое,44,lu_adc_GSE131907|lu_adc_GSE131907_P1028,Apoptosis initiators,-6.180149078369141
пациент,лёгкое,45,lu_adc_GSE131907|lu_adc_GSE131907_P1049,Apoptosis initiators,-0.6944427490234375
пациент,лёгкое,46,lu_adc_GSE131907|lu_adc_GSE131907_P1051,Apoptosis initiators,-2.9685134887695312
пациент,лёгкое,47,lu_adc_GSE131907|lu_adc_GSE131907_P0018,Apoptosis initiators,1.1068153381347656
пациент,лёгкое,48,lu_adc_GSE131907|lu_adc_GSE131907_P0019,Apoptosis initiators,-9.485816955566406
пациент,лёгкое,49,lu_adc_GSE131907|lu_adc_GSE131907_P0020,Apoptosis initiators,-1.8428993225097656
пациент,лёгкое,50,lu_adc_GSE131907|lu_adc_GSE131907_P0028,Apoptosis initiators,-1.5997734069824219
пациент,лёгкое,51,lu_adc_GSE131907|lu_adc_GSE131907_P0031,Apoptosis initiators,-3.7798213958740234
пациент,лёгкое,52,lu_adc_GSE131907|lu_adc_GSE131907_P3002,Apoptosis initiators,-10.841123580932617
пациент,лёгкое,53,lu_adc_GSE131907|lu_adc_GSE131907_P3003,Apoptosis initiators,-6.301042556762695
пациент,лёгкое,54,lu_adc_GSE131907|lu_adc_GSE131907_P3004,Apoptosis initiators,-1.7609615325927734
пациент,лёгкое,55,lu_adc_GSE131907|lu_adc_GSE131907_P3007,Apoptosis initiators,-1.4533653259277344
пациент,лёгкое,56,lu_adc_GSE131907|lu_adc_GSE131907_P3012,Apoptosis initiators,-5.077367782592773
пациент,лёгкое,57,lu_adc_GSE131907|lu_adc_GSE131907_P3013,Apoptosis initiators,-0.9375648498535156
пациент,лёгкое,58,lu_adc_GSE131907|lu_adc_GSE131907_P3016,Apoptosis initiators,0.54937744140625
пациент,лёгкое,59,lu_adc_GSE131907|lu_adc_GSE131907_P3017,Apoptosis initiators,-0.91204833984375
пациент,лёгкое,60,lu_adc_GSE131907|lu_adc_GSE131907_P3019,Apoptosis initiators,-3.1095542907714844
пациент,лёгкое,61,lu_adc_GSE146100|lu_adc_GSE146100_lung_immuno,Apoptosis initiators,-3.9665279388427734
пациент,лёгкое,62,lu_adc_codeocean|lu_adc_codeocean_p018,Apoptosis initiators,-5.074682235717773
пациент,лёгкое,63,lu_adc_codeocean|lu_adc_codeocean_p019,Apoptosis initiators,-5.812108993530273
пациент,лёгкое,64,lu_adc_codeocean|lu_adc_codeocean_p023,Apoptosis initiators,-1.5567893981933594
пациент,лёгкое,65,lu_adc_codeocean|lu_adc_codeocean_p024,Apoptosis initiators,-6.458194732666016
пациент,лёгкое,66,lu_adc_codeocean|lu_adc_codeocean_p027,Apoptosis initiators,-2.628681182861328
пациент,лёгкое,67,lu_adc_codeocean|lu_adc_codeocean_p031,Apoptosis initiators,-9.59461784362793
пациент,лёгкое,68,lu_adc_codeocean|lu_adc_codeocean_p032,Apoptosis initiators,-7.429346084594727
пациент,лёгкое,69,lu_adc_codeocean|lu_adc_codeocean_p034,Apoptosis initiators,-6.126424789428711
пациент,лёгкое,70,lu_nsclc_pan_blueprint_lung|pan_bluprint_lung_2,Apoptosis initiators,-1.0624885559082031
пациент,лёгкое,71,lu_nsclc_pan_blueprint_lung|pan_bluprint_lung_2,Apoptosis initiators,0.4110221862792969
пациент,лёгкое,72,lu_nsclc_pan_blueprint_lung|pan_bluprint_lung_3,Apoptosis initiators,-4.607244491577148
пациент,лёгкое,73,lu_nsclc_pan_blueprint_lung|pan_bluprint_lung_3,Apoptosis initiators,-1.5084381103515625
пациент,лёгкое,74,lu_nsclc_pan_blueprint_lung|pan_bluprint_lung_3,Apoptosis initiators,-2.9443359375
пациент,лёгкое,75,lu_nsclc_pan_blueprint_lung|pan_bluprint_lung_4,Apoptosis initiators,0.4204292297363281
пациент,лёгкое,76,lu_nsclc_pan_blueprint_lung|pan_bluprint_lung_4,Apoptosis initiators,3.963836669921875
пациент,лёгкое,77,lu_nsclc_pan_blueprint_lung|pan_bluprint_lung_4,Apoptosis initiators,0.9039840698242188
пациент,лёгкое,78,lu_nsclc_pan_blueprint_lung|pan_bluprint_lung_5,Apoptosis initiators,-6.748331069946289
пациент,лёгкое,79,lu_nsclc_pan_blueprint_lung|pan_bluprint_lung_5,Apoptosis initiators,-4.314420700073242
пациент,лёгкое,80,lu_nsclc_pan_blueprint_lung|pan_bluprint_lung_5,Apoptosis initiators,-4.096822738647461
пациент,лёгкое,81,lu_nsclc_pan_blueprint_lung|pan_bluprint_lung_7,Apoptosis initiators,-0.8764476776123047
пациент,лёгкое,82,lu_nsclc_pan_blueprint_lung|pan_bluprint_lung_8,Apoptosis initiators,-4.302330017089844
пациент,лёгкое,83,lu_sclc_GSE150766|lu_sclc_GSE150766_GSM4558305,Apoptosis initiators,-4.878568649291992
пациент,лёгкое,84,pan_GSE140819|pan_GSE140819_NSCLC14,Apoptosis initiators,-2.2069091796875
пациент,лёгкое,85,pan_GSE140819|pan_GSE140819_NSCLC14,Apoptosis initiators,-5.4749603271484375
пациент,лёгкое,86,pan_GSE140819|pan_GSE140819_NSCLC14,Apoptosis initiators,-2.2109413146972656
пациент,лёгкое,28,lu_HRA000154|lu_HRA000154_SSN05,BRAKES,14.307973861694336
пациент,лёгкое,29,lu_HRA000154|lu_HRA000154_SSN11,BRAKES,12.939231872558594
пациент,лёгкое,30,lu_HRA000154|lu_HRA000154_SSN27,BRAKES,9.081504821777344
пациент,лёгкое,31,lu_HRA000154|lu_HRA000154_SSN28,BRAKES,13.83112907409668
пациент,лёгкое,32,lu_HRA000154|lu_HRA000154_SSN29,BRAKES,15.659248352050781
пациент,лёгкое,33,lu_HRA000154|lu_HRA000154_SSN30,BRAKES,14.948692321777344
пациент,лёгкое,34,lu_adc_GSE123902|lu_adc_GSE123902_MSK_LX666,BRAKES,8.691970825195312
пациент,лёгкое,35,lu_adc_GSE123902|lu_adc_GSE123902_MSK_LX255B,BRAKES,15.515522003173828
пациент,лёгкое,36,lu_adc_GSE123902|lu_adc_GSE123902_MSK_LX680,BRAKES,7.598594665527344
пациент,лёгкое,37,lu_adc_GSE123902|lu_adc_GSE123902_MSK_LX681,BRAKES,7.360843658447266
пациент,лёгкое,38,lu_adc_GSE131907|lu_adc_GSE131907_P1011,BRAKES,12.39925765991211
пациент,лёгкое,39,lu_adc_GSE131907|lu_adc_GSE131907_P1058,BRAKES,6.991462707519531
пациент,лёгкое,40,lu_adc_GSE131907|lu_adc_GSE131907_P1006,BRAKES,1.9584159851074219
пациент,лёгкое,41,lu_adc_GSE131907|lu_adc_GSE131907_P1012,BRAKES,7.132495880126953
пациент,лёгкое,42,lu_adc_GSE131907|lu_adc_GSE131907_P1013,BRAKES,0.7616062164306641
пациент,лёгкое,43,lu_adc_GSE131907|lu_adc_GSE131907_P1015,BRAKES,10.309207916259766
пациент,лёгкое,44,lu_adc_GSE131907|lu_adc_GSE131907_P1028,BRAKES,12.525524139404297
пациент,лёгкое,45,lu_adc_GSE131907|lu_adc_GSE131907_P1049,BRAKES,3.970561981201172
пациент,лёгкое,46,lu_adc_GSE131907|lu_adc_GSE131907_P1051,BRAKES,11.10573959350586
пациент,лёгкое,47,lu_adc_GSE131907|lu_adc_GSE131907_P0018,BRAKES,8.56839370727539
пациент,лёгкое,48,lu_adc_GSE131907|lu_adc_GSE131907_P0019,BRAKES,5.415859222412109
пациент,лёгкое,49,lu_adc_GSE131907|lu_adc_GSE131907_P0020,BRAKES,13.245487213134766
пациент,лёгкое,50,lu_adc_GSE131907|lu_adc_GSE131907_P0028,BRAKES,10.364280700683594
пациент,лёгкое,51,lu_adc_GSE131907|lu_adc_GSE131907_P0031,BRAKES,12.04867935180664
пациент,лёгкое,52,lu_adc_GSE131907|lu_adc_GSE131907_P3002,BRAKES,8.720176696777344
пациент,лёгкое,53,lu_adc_GSE131907|lu_adc_GSE131907_P3003,BRAKES,0.2793922424316406
пациент,лёгкое,54,lu_adc_GSE131907|lu_adc_GSE131907_P3004,BRAKES,11.393184661865234
пациент,лёгкое,55,lu_adc_GSE131907|lu_adc_GSE131907_P3007,BRAKES,-2.112884521484375
пациент,лёгкое,56,lu_adc_GSE131907|lu_adc_GSE131907_P3012,BRAKES,-0.28610801696777344
пациент,лёгкое,57,lu_adc_GSE131907|lu_adc_GSE131907_P3013,BRAKES,5.680473327636719
пациент,лёгкое,58,lu_adc_GSE131907|lu_adc_GSE131907_P3016,BRAKES,13.15414810180664
пациент,лёгкое,59,lu_adc_GSE131907|lu_adc_GSE131907_P3017,BRAKES,5.235870361328125
пациент,лёгкое,60,lu_adc_GSE131907|lu_adc_GSE131907_P3019,BRAKES,8.982109069824219
пациент,лёгкое,61,lu_adc_GSE146100|lu_adc_GSE146100_lung_immuno,BRAKES,12.277023315429688
пациент,лёгкое,62,lu_adc_codeocean|lu_adc_codeocean_p018,BRAKES,19.037446975708008
пациент,лёгкое,63,lu_adc_codeocean|lu_adc_codeocean_p019,BRAKES,5.705997467041016
пациент,лёгкое,64,lu_adc_codeocean|lu_adc_codeocean_p023,BRAKES,12.352249145507812
пациент,лёгкое,65,lu_adc_codeocean|lu_adc_codeocean_p024,BRAKES,9.127174377441406
пациент,лёгкое,66,lu_adc_codeocean|lu_adc_codeocean_p027,BRAKES,16.314743041992188
пациент,лёгкое,67,lu_adc_codeocean|lu_adc_codeocean_p031,BRAKES,9.291053771972656
пациент,лёгкое,68,lu_adc_codeocean|lu_adc_codeocean_p032,BRAKES,14.846599578857422
пациент,лёгкое,69,lu_adc_codeocean|lu_adc_codeocean_p034,BRAKES,12.657157897949219
пациент,лёгкое,70,lu_nsclc_pan_blueprint_lung|pan_bluprint_lung_2,BRAKES,-5.024986267089844
пациент,лёгкое,71,lu_nsclc_pan_blueprint_lung|pan_bluprint_lung_2,BRAKES,-5.043792724609375
пациент,лёгкое,72,lu_nsclc_pan_blueprint_lung|pan_bluprint_lung_3,BRAKES,6.80206298828125
пациент,лёгкое,73,lu_nsclc_pan_blueprint_lung|pan_bluprint_lung_3,BRAKES,6.694604873657227
пациент,лёгкое,74,lu_nsclc_pan_blueprint_lung|pan_bluprint_lung_3,BRAKES,7.558296203613281
пациент,лёгкое,75,lu_nsclc_pan_blueprint_lung|pan_bluprint_lung_4,BRAKES,3.2102890014648438
пациент,лёгкое,76,lu_nsclc_pan_blueprint_lung|pan_bluprint_lung_4,BRAKES,4.74424934387207
пациент,лёгкое,77,lu_nsclc_pan_blueprint_lung|pan_bluprint_lung_4,BRAKES,6.662364959716797
пациент,лёгкое,78,lu_nsclc_pan_blueprint_lung|pan_bluprint_lung_5,BRAKES,7.109661102294922
пациент,лёгкое,79,lu_nsclc_pan_blueprint_lung|pan_bluprint_lung_5,BRAKES,8.902854919433594
пациент,лёгкое,80,lu_nsclc_pan_blueprint_lung|pan_bluprint_lung_5,BRAKES,6.976680755615234
пациент,лёгкое,81,lu_nsclc_pan_blueprint_lung|pan_bluprint_lung_7,BRAKES,9.825645446777344
пациент,лёгкое,82,lu_nsclc_pan_blueprint_lung|pan_bluprint_lung_8,BRAKES,12.247474670410156
пациент,лёгкое,83,lu_sclc_GSE150766|lu_sclc_GSE150766_GSM4558305,BRAKES,-6.519987106323242
пациент,лёгкое,84,pan_GSE140819|pan_GSE140819_NSCLC14,BRAKES,6.869224548339844
пациент,лёгкое,85,pan_GSE140819|pan_GSE140819_NSCLC14,BRAKES,4.667686462402344
пациент,лёгкое,86,pan_GSE140819|pan_GSE140819_NSCLC14,BRAKES,6.42596435546875
пациент,лёгкое,28,lu_HRA000154|lu_HRA000154_SSN05,ENTRY adaptors,5.431976318359375
пациент,лёгкое,29,lu_HRA000154|lu_HRA000154_SSN11,ENTRY adaptors,-4.0968170166015625
пациент,лёгкое,30,lu_HRA000154|lu_HRA000154_SSN27,ENTRY adaptors,-2.111541748046875
пациент,лёгкое,31,lu_HRA000154|lu_HRA000154_SSN28,ENTRY adaptors,-4.612617492675781
пациент,лёгкое,32,lu_HRA000154|lu_HRA000154_SSN29,ENTRY adaptors,1.2868118286132812
пациент,лёгкое,33,lu_HRA000154|lu_HRA000154_SSN30,ENTRY adaptors,-4.8355865478515625
пациент,лёгкое,34,lu_adc_GSE123902|lu_adc_GSE123902_MSK_LX666,ENTRY adaptors,0.6984710693359375
пациент,лёгкое,35,lu_adc_GSE123902|lu_adc_GSE123902_MSK_LX255B,ENTRY adaptors,8.904205322265625
пациент,лёгкое,36,lu_adc_GSE123902|lu_adc_GSE123902_MSK_LX680,ENTRY adaptors,-4.892005920410156
пациент,лёгкое,37,lu_adc_GSE123902|lu_adc_GSE123902_MSK_LX681,ENTRY adaptors,13.330101013183594
пациент,лёгкое,38,lu_adc_GSE131907|lu_adc_GSE131907_P1011,ENTRY adaptors,11.401252746582031
пациент,лёгкое,39,lu_adc_GSE131907|lu_adc_GSE131907_P1058,ENTRY adaptors,3.4628219604492188
пациент,лёгкое,40,lu_adc_GSE131907|lu_adc_GSE131907_P1006,ENTRY adaptors,-2.8288192749023438
пациент,лёгкое,41,lu_adc_GSE131907|lu_adc_GSE131907_P1012,ENTRY adaptors,12.352249145507812
пациент,лёгкое,42,lu_adc_GSE131907|lu_adc_GSE131907_P1013,ENTRY adaptors,-10.11175537109375
пациент,лёгкое,43,lu_adc_GSE131907|lu_adc_GSE131907_P1015,ENTRY adaptors,4.900062561035156
пациент,лёгкое,44,lu_adc_GSE131907|lu_adc_GSE131907_P1028,ENTRY adaptors,10.974098205566406
пациент,лёгкое,45,lu_adc_GSE131907|lu_adc_GSE131907_P1049,ENTRY adaptors,-2.428539276123047
пациент,лёгкое,46,lu_adc_GSE131907|lu_adc_GSE131907_P1051,ENTRY adaptors,5.4776458740234375
пациент,лёгкое,47,lu_adc_GSE131907|lu_adc_GSE131907_P0018,ENTRY adaptors,11.366325378417969
пациент,лёгкое,48,lu_adc_GSE131907|lu_adc_GSE131907_P0019,ENTRY adaptors,8.835693359375
пациент,лёгкое,49,lu_adc_GSE131907|lu_adc_GSE131907_P0020,ENTRY adaptors,12.792823791503906
пациент,лёгкое,50,lu_adc_GSE131907|lu_adc_GSE131907_P0028,ENTRY adaptors,16.169673919677734
пациент,лёгкое,51,lu_adc_GSE131907|lu_adc_GSE131907_P0031,ENTRY adaptors,10.48516845703125
пациент,лёгкое,52,lu_adc_GSE131907|lu_adc_GSE131907_P3002,ENTRY adaptors,5.114982604980469
пациент,лёгкое,53,lu_adc_GSE131907|lu_adc_GSE131907_P3003,ENTRY adaptors,8.322586059570312
пациент,лёгкое,54,lu_adc_GSE131907|lu_adc_GSE131907_P3004,ENTRY adaptors,15.823127746582031
пациент,лёгкое,55,lu_adc_GSE131907|lu_adc_GSE131907_P3007,ENTRY adaptors,0.9778594970703125
пациент,лёгкое,56,lu_adc_GSE131907|lu_adc_GSE131907_P3012,ENTRY adaptors,6.119712829589844
пациент,лёгкое,57,lu_adc_GSE131907|lu_adc_GSE131907_P3013,ENTRY adaptors,4.507843017578125
пациент,лёгкое,58,lu_adc_GSE131907|lu_adc_GSE131907_P3016,ENTRY adaptors,4.435302734375
пациент,лёгкое,59,lu_adc_GSE131907|lu_adc_GSE131907_P3017,ENTRY adaptors,9.424034118652344
пациент,лёгкое,60,lu_adc_GSE131907|lu_adc_GSE131907_P3019,ENTRY adaptors,11.715560913085938
пациент,лёгкое,61,lu_adc_GSE146100|lu_adc_GSE146100_lung_immuno,ENTRY adaptors,-2.4312286376953125
пациент,лёгкое,62,lu_adc_codeocean|lu_adc_codeocean_p018,ENTRY adaptors,-0.9483108520507812
пациент,лёгкое,63,lu_adc_codeocean|lu_adc_codeocean_p019,ENTRY adaptors,11.084243774414062
пациент,лёгкое,64,lu_adc_codeocean|lu_adc_codeocean_p023,ENTRY adaptors,6.9524993896484375
пациент,лёгкое,65,lu_adc_codeocean|lu_adc_codeocean_p024,ENTRY adaptors,12.69073486328125
пациент,лёгкое,66,lu_adc_codeocean|lu_adc_codeocean_p027,ENTRY adaptors,-11.723613739013672
пациент,лёгкое,67,lu_adc_codeocean|lu_adc_codeocean_p031,ENTRY adaptors,3.5004310607910156
пациент,лёгкое,68,lu_adc_codeocean|lu_adc_codeocean_p032,ENTRY adaptors,-2.5762939453125
пациент,лёгкое,69,lu_adc_codeocean|lu_adc_codeocean_p034,ENTRY adaptors,-2.3291397094726562
пациент,лёгкое,70,lu_nsclc_pan_blueprint_lung|pan_bluprint_lung_2,ENTRY adaptors,9.249412536621094
пациент,лёгкое,71,lu_nsclc_pan_blueprint_lung|pan_bluprint_lung_2,ENTRY adaptors,4.7791748046875
пациент,лёгкое,72,lu_nsclc_pan_blueprint_lung|pan_bluprint_lung_3,ENTRY adaptors,15.046745300292969
пациент,лёгкое,73,lu_nsclc_pan_blueprint_lung|pan_bluprint_lung_3,ENTRY adaptors,13.072212219238281
пациент,лёгкое,74,lu_nsclc_pan_blueprint_lung|pan_bluprint_lung_3,ENTRY adaptors,14.598106384277344
пациент,лёгкое,75,lu_nsclc_pan_blueprint_lung|pan_bluprint_lung_4,ENTRY adaptors,7.691276550292969
пациент,лёгкое,76,lu_nsclc_pan_blueprint_lung|pan_bluprint_lung_4,ENTRY adaptors,9.509994506835938
пациент,лёгкое,77,lu_nsclc_pan_blueprint_lung|pan_bluprint_lung_4,ENTRY adaptors,8.875999450683594
пациент,лёгкое,78,lu_nsclc_pan_blueprint_lung|pan_bluprint_lung_5,ENTRY adaptors,0.7736968994140625
пациент,лёгкое,79,lu_nsclc_pan_blueprint_lung|pan_bluprint_lung_5,ENTRY adaptors,3.9517478942871094
пациент,лёгкое,80,lu_nsclc_pan_blueprint_lung|pan_bluprint_lung_5,ENTRY adaptors,0.8596649169921875
пациент,лёгкое,81,lu_nsclc_pan_blueprint_lung|pan_bluprint_lung_7,ENTRY adaptors,12.5
пациент,лёгкое,82,lu_nsclc_pan_blueprint_lung|pan_bluprint_lung_8,ENTRY adaptors,3.5702743530273438
пациент,лёгкое,83,lu_sclc_GSE150766|lu_sclc_GSE150766_GSM4558305,ENTRY adaptors,-18.168386459350586
пациент,лёгкое,84,pan_GSE140819|pan_GSE140819_NSCLC14,ENTRY adaptors,4.583061218261719
пациент,лёгкое,85,pan_GSE140819|pan_GSE140819_NSCLC14,ENTRY adaptors,-6.681175231933594
пациент,лёгкое,86,pan_GSE140819|pan_GSE140819_NSCLC14,ENTRY adaptors,-6.1035919189453125
пациент,лёгкое,28,lu_HRA000154|lu_HRA000154_SSN05,ENTRY receptors,-5.329898834228516
пациент,лёгкое,29,lu_HRA000154|lu_HRA000154_SSN11,ENTRY receptors,-11.589296340942383
пациент,лёгкое,30,lu_HRA000154|lu_HRA000154_SSN27,ENTRY receptors,-3.1095542907714844
пациент,лёгкое,31,lu_HRA000154|lu_HRA000154_SSN28,ENTRY receptors,-14.422143936157227
пациент,лёгкое,32,lu_HRA000154|lu_HRA000154_SSN29,ENTRY receptors,-4.706642150878906
пациент,лёгкое,33,lu_HRA000154|lu_HRA000154_SSN30,ENTRY receptors,3.590423583984375
пациент,лёгкое,34,lu_adc_GSE123902|lu_adc_GSE123902_MSK_LX666,ENTRY receptors,-3.0638809204101562
пациент,лёгкое,35,lu_adc_GSE123902|lu_adc_GSE123902_MSK_LX255B,ENTRY receptors,-4.2687530517578125
пациент,лёгкое,36,lu_adc_GSE123902|lu_adc_GSE123902_MSK_LX680,ENTRY receptors,-11.457662582397461
пациент,лёгкое,37,lu_adc_GSE123902|lu_adc_GSE123902_MSK_LX681,ENTRY receptors,-9.581182479858398
пациент,лёгкое,38,lu_adc_GSE131907|lu_adc_GSE131907_P1011,ENTRY receptors,-15.737157821655273
пациент,лёгкое,39,lu_adc_GSE131907|lu_adc_GSE131907_P1058,ENTRY receptors,2.6488265991210938
пациент,лёгкое,40,lu_adc_GSE131907|lu_adc_GSE131907_P1006,ENTRY receptors,-23.34515380859375
пациент,лёгкое,41,lu_adc_GSE131907|lu_adc_GSE131907_P1012,ENTRY receptors,-5.233188629150391
пациент,лёгкое,42,lu_adc_GSE131907|lu_adc_GSE131907_P1013,ENTRY receptors,-11.953306198120117
пациент,лёгкое,43,lu_adc_GSE131907|lu_adc_GSE131907_P1015,ENTRY receptors,3.5178909301757812
пациент,лёгкое,44,lu_adc_GSE131907|lu_adc_GSE131907_P1028,ENTRY receptors,5.88330078125
пациент,лёгкое,45,lu_adc_GSE131907|lu_adc_GSE131907_P1049,ENTRY receptors,-24.233020782470703
пациент,лёгкое,46,lu_adc_GSE131907|lu_adc_GSE131907_P1051,ENTRY receptors,7.252042770385742
пациент,лёгкое,47,lu_adc_GSE131907|lu_adc_GSE131907_P0018,ENTRY receptors,-9.492534637451172
пациент,лёгкое,48,lu_adc_GSE131907|lu_adc_GSE131907_P0019,ENTRY receptors,-0.17864608764648438
пациент,лёгкое,49,lu_adc_GSE131907|lu_adc_GSE131907_P0020,ENTRY receptors,1.65081787109375
пациент,лёгкое,50,lu_adc_GSE131907|lu_adc_GSE131907_P0028,ENTRY receptors,1.7233524322509766
пациент,лёгкое,51,lu_adc_GSE131907|lu_adc_GSE131907_P0031,ENTRY receptors,-10.369651794433594
пациент,лёгкое,52,lu_adc_GSE131907|lu_adc_GSE131907_P3002,ENTRY receptors,-0.4177436828613281
пациент,лёгкое,53,lu_adc_GSE131907|lu_adc_GSE131907_P3003,ENTRY receptors,-13.406673431396484
пациент,лёгкое,54,lu_adc_GSE131907|lu_adc_GSE131907_P3004,ENTRY receptors,-5.724803924560547
пациент,лёгкое,55,lu_adc_GSE131907|lu_adc_GSE131907_P3007,ENTRY receptors,6.518646240234375
пациент,лёгкое,56,lu_adc_GSE131907|lu_adc_GSE131907_P3012,ENTRY receptors,-5.238555908203125
пациент,лёгкое,57,lu_adc_GSE131907|lu_adc_GSE131907_P3013,ENTRY receptors,-2.0779590606689453
пациент,лёгкое,58,lu_adc_GSE131907|lu_adc_GSE131907_P3016,ENTRY receptors,-5.020956039428711
пациент,лёгкое,59,lu_adc_GSE131907|lu_adc_GSE131907_P3017,ENTRY receptors,-6.325222015380859
пациент,лёгкое,60,lu_adc_GSE131907|lu_adc_GSE131907_P3019,ENTRY receptors,-8.631525039672852
пациент,лёгкое,61,lu_adc_GSE146100|lu_adc_GSE146100_lung_immuno,ENTRY receptors,-16.547119140625
пациент,лёгкое,62,lu_adc_codeocean|lu_adc_codeocean_p018,ENTRY receptors,-17.00246810913086
пациент,лёгкое,63,lu_adc_codeocean|lu_adc_codeocean_p019,ENTRY receptors,-11.401243209838867
пациент,лёгкое,64,lu_adc_codeocean|lu_adc_codeocean_p023,ENTRY receptors,-3.2788009643554688
пациент,лёгкое,65,lu_adc_codeocean|lu_adc_codeocean_p024,ENTRY receptors,10.873361587524414
пациент,лёгкое,66,lu_adc_codeocean|lu_adc_codeocean_p027,ENTRY receptors,-9.784008026123047
пациент,лёгкое,67,lu_adc_codeocean|lu_adc_codeocean_p031,ENTRY receptors,-13.472490310668945
пациент,лёгкое,68,lu_adc_codeocean|lu_adc_codeocean_p032,ENTRY receptors,-2.6488265991210938
пациент,лёгкое,69,lu_adc_codeocean|lu_adc_codeocean_p034,ENTRY receptors,6.349403381347656
пациент,лёгкое,70,lu_nsclc_pan_blueprint_lung|pan_bluprint_lung_2,ENTRY receptors,3.1941757202148438
пациент,лёгкое,71,lu_nsclc_pan_blueprint_lung|pan_bluprint_lung_2,ENTRY receptors,0.16655921936035156
пациент,лёгкое,72,lu_nsclc_pan_blueprint_lung|pan_bluprint_lung_3,ENTRY receptors,5.681819915771484
пациент,лёгкое,73,lu_nsclc_pan_blueprint_lung|pan_bluprint_lung_3,ENTRY receptors,1.1780014038085938
пациент,лёгкое,74,lu_nsclc_pan_blueprint_lung|pan_bluprint_lung_3,ENTRY receptors,1.0503997802734375
пациент,лёгкое,75,lu_nsclc_pan_blueprint_lung|pan_bluprint_lung_4,ENTRY receptors,-4.306358337402344
пациент,лёгкое,76,lu_nsclc_pan_blueprint_lung|pan_bluprint_lung_4,ENTRY receptors,-8.029767990112305
пациент,лёгкое,77,lu_nsclc_pan_blueprint_lung|pan_bluprint_lung_4,ENTRY receptors,-7.076080322265625
пациент,лёгкое,78,lu_nsclc_pan_blueprint_lung|pan_bluprint_lung_5,ENTRY receptors,0.16924285888671875
пациент,лёгкое,79,lu_nsclc_pan_blueprint_lung|pan_bluprint_lung_5,ENTRY receptors,-0.051044464111328125
пациент,лёгкое,80,lu_nsclc_pan_blueprint_lung|pan_bluprint_lung_5,ENTRY receptors,1.6038055419921875
пациент,лёгкое,81,lu_nsclc_pan_blueprint_lung|pan_bluprint_lung_7,ENTRY receptors,-5.241914749145508
пациент,лёгкое,82,lu_nsclc_pan_blueprint_lung|pan_bluprint_lung_8,ENTRY receptors,-2.064525604248047
пациент,лёгкое,83,lu_sclc_GSE150766|lu_sclc_GSE150766_GSM4558305,ENTRY receptors,-55.46421813964844
пациент,лёгкое,84,pan_GSE140819|pan_GSE140819_NSCLC14,ENTRY receptors,-6.635503768920898
пациент,лёгкое,85,pan_GSE140819|pan_GSE140819_NSCLC14,ENTRY receptors,-6.11298942565918
пациент,лёгкое,86,pan_GSE140819|pan_GSE140819_NSCLC14,ENTRY receptors,-5.332576751708984
пациент,лёгкое,28,lu_HRA000154|lu_HRA000154_SSN05,Inhibitory signals,5.010211944580078
пациент,лёгкое,29,lu_HRA000154|lu_HRA000154_SSN11,Inhibitory signals,2.9913482666015625
пациент,лёгкое,30,lu_HRA000154|lu_HRA000154_SSN27,Inhibitory signals,10.643672943115234
пациент,лёгкое,31,lu_HRA000154|lu_HRA000154_SSN28,Inhibitory signals,5.007518768310547
пациент,лёгкое,32,lu_HRA000154|lu_HRA000154_SSN29,Inhibitory signals,12.700138092041016
пациент,лёгкое,33,lu_HRA000154|lu_HRA000154_SSN30,Inhibitory signals,9.719537734985352
пациент,лёгкое,34,lu_adc_GSE123902|lu_adc_GSE123902_MSK_LX666,Inhibitory signals,6.502525329589844
пациент,лёгкое,35,lu_adc_GSE123902|lu_adc_GSE123902_MSK_LX255B,Inhibitory signals,13.070869445800781
пациент,лёгкое,36,lu_adc_GSE123902|lu_adc_GSE123902_MSK_LX680,Inhibitory signals,5.114978790283203
пациент,лёгкое,37,lu_adc_GSE123902|lu_adc_GSE123902_MSK_LX681,Inhibitory signals,10.271602630615234
пациент,лёгкое,38,lu_adc_GSE131907|lu_adc_GSE131907_P1011,Inhibitory signals,14.850631713867188
пациент,лёгкое,39,lu_adc_GSE131907|lu_adc_GSE131907_P1058,Inhibitory signals,22.490863800048828
пациент,лёгкое,40,lu_adc_GSE131907|lu_adc_GSE131907_P1006,Inhibitory signals,2.9013519287109375
пациент,лёгкое,41,lu_adc_GSE131907|lu_adc_GSE131907_P1012,Inhibitory signals,11.172897338867188
пациент,лёгкое,42,lu_adc_GSE131907|lu_adc_GSE131907_P1013,Inhibitory signals,-4.435311317443848
пациент,лёгкое,43,lu_adc_GSE131907|lu_adc_GSE131907_P1015,Inhibitory signals,15.561193466186523
пациент,лёгкое,44,lu_adc_GSE131907|lu_adc_GSE131907_P1028,Inhibitory signals,12.387168884277344
пациент,лёгкое,45,lu_adc_GSE131907|lu_adc_GSE131907_P1049,Inhibitory signals,-3.7247467041015625
пациент,лёгкое,46,lu_adc_GSE131907|lu_adc_GSE131907_P1051,Inhibitory signals,12.795509338378906
пациент,лёгкое,47,lu_adc_GSE131907|lu_adc_GSE131907_P0018,Inhibitory signals,11.613471984863281
пациент,лёгкое,48,lu_adc_GSE131907|lu_adc_GSE131907_P0019,Inhibitory signals,10.058021545410156
пациент,лёгкое,49,lu_adc_GSE131907|lu_adc_GSE131907_P0020,Inhibitory signals,24.551366806030273
пациент,лёгкое,50,lu_adc_GSE131907|lu_adc_GSE131907_P0028,Inhibitory signals,11.089618682861328
пациент,лёгкое,51,lu_adc_GSE131907|lu_adc_GSE131907_P0031,Inhibitory signals,12.389854431152344
пациент,лёгкое,52,lu_adc_GSE131907|lu_adc_GSE131907_P3002,Inhibitory signals,9.131202697753906
пациент,лёгкое,53,lu_adc_GSE131907|lu_adc_GSE131907_P3003,Inhibitory signals,12.94729232788086
пациент,лёгкое,54,lu_adc_GSE131907|lu_adc_GSE131907_P3004,Inhibitory signals,6.213733673095703
пациент,лёгкое,55,lu_adc_GSE131907|lu_adc_GSE131907_P3007,Inhibitory signals,-2.0887069702148438
пациент,лёгкое,56,lu_adc_GSE131907|lu_adc_GSE131907_P3012,Inhibitory signals,10.593975067138672
пациент,лёгкое,57,lu_adc_GSE131907|lu_adc_GSE131907_P3013,Inhibitory signals,11.970771789550781
пациент,лёгкое,58,lu_adc_GSE131907|lu_adc_GSE131907_P3016,Inhibitory signals,5.681819915771484
пациент,лёгкое,59,lu_adc_GSE131907|lu_adc_GSE131907_P3017,Inhibitory signals,8.990169525146484
пациент,лёгкое,60,lu_adc_GSE131907|lu_adc_GSE131907_P3019,Inhibitory signals,10.36831283569336
пациент,лёгкое,61,lu_adc_GSE146100|lu_adc_GSE146100_lung_immuno,Inhibitory signals,4.26203727722168
пациент,лёгкое,62,lu_adc_codeocean|lu_adc_codeocean_p018,Inhibitory signals,4.342624664306641
пациент,лёгкое,63,lu_adc_codeocean|lu_adc_codeocean_p019,Inhibitory signals,12.160163879394531
пациент,лёгкое,64,lu_adc_codeocean|lu_adc_codeocean_p023,Inhibitory signals,23.122180938720703
пациент,лёгкое,65,lu_adc_codeocean|lu_adc_codeocean_p024,Inhibitory signals,13.34756851196289
пациент,лёгкое,66,lu_adc_codeocean|lu_adc_codeocean_p027,Inhibitory signals,19.56264877319336
пациент,лёгкое,67,lu_adc_codeocean|lu_adc_codeocean_p031,Inhibitory signals,5.362804412841797
пациент,лёгкое,68,lu_adc_codeocean|lu_adc_codeocean_p032,Inhibitory signals,16.76068878173828
пациент,лёгкое,69,lu_adc_codeocean|lu_adc_codeocean_p034,Inhibitory signals,10.725608825683594
пациент,лёгкое,70,lu_nsclc_pan_blueprint_lung|pan_bluprint_lung_2,Inhibitory signals,8.768539428710938
пациент,лёгкое,71,lu_nsclc_pan_blueprint_lung|pan_bluprint_lung_2,Inhibitory signals,9.722225189208984
пациент,лёгкое,72,lu_nsclc_pan_blueprint_lung|pan_bluprint_lung_3,Inhibitory signals,9.058670043945312
пациент,лёгкое,73,lu_nsclc_pan_blueprint_lung|pan_bluprint_lung_3,Inhibitory signals,9.120460510253906
пациент,лёгкое,74,lu_nsclc_pan_blueprint_lung|pan_bluprint_lung_3,Inhibitory signals,10.011009216308594
пациент,лёгкое,75,lu_nsclc_pan_blueprint_lung|pan_bluprint_lung_4,Inhibitory signals,22.284008026123047
пациент,лёгкое,76,lu_nsclc_pan_blueprint_lung|pan_bluprint_lung_4,Inhibitory signals,14.540353775024414
пациент,лёгкое,77,lu_nsclc_pan_blueprint_lung|pan_bluprint_lung_4,Inhibitory signals,14.278427124023438
пациент,лёгкое,78,lu_nsclc_pan_blueprint_lung|pan_bluprint_lung_5,Inhibitory signals,5.505855560302734
пациент,лёгкое,79,lu_nsclc_pan_blueprint_lung|pan_bluprint_lung_5,Inhibitory signals,6.049858093261719
пациент,лёгкое,80,lu_nsclc_pan_blueprint_lung|pan_bluprint_lung_5,Inhibitory signals,5.69525146484375
пациент,лёгкое,81,lu_nsclc_pan_blueprint_lung|pan_bluprint_lung_7,Inhibitory signals,6.056571960449219
пациент,лёгкое,82,lu_nsclc_pan_blueprint_lung|pan_bluprint_lung_8,Inhibitory signals,7.376287460327148
пациент,лёгкое,83,lu_sclc_GSE150766|lu_sclc_GSE150766_GSM4558305,Inhibitory signals,-9.683271408081055
пациент,лёгкое,84,pan_GSE140819|pan_GSE140819_NSCLC14,Inhibitory signals,12.732376098632812
пациент,лёгкое,85,pan_GSE140819|pan_GSE140819_NSCLC14,Inhibitory signals,12.987586975097656
пациент,лёгкое,86,pan_GSE140819|pan_GSE140819_NSCLC14,Inhibitory signals,13.600090026855469
пациент,лёгкое,28,lu_HRA000154|lu_HRA000154_SSN05,MHC-I presentation,8.646299362182617
пациент,лёгкое,29,lu_HRA000154|lu_HRA000154_SSN11,MHC-I presentation,4.424560546875
пациент,лёгкое,30,lu_HRA000154|lu_HRA000154_SSN27,MHC-I presentation,4.775142669677734
пациент,лёгкое,31,lu_HRA000154|lu_HRA000154_SSN28,MHC-I presentation,6.209697723388672
пациент,лёгкое,32,lu_HRA000154|lu_HRA000154_SSN29,MHC-I presentation,11.906299591064453
пациент,лёгкое,33,lu_HRA000154|lu_HRA000154_SSN30,MHC-I presentation,4.279499053955078
пациент,лёгкое,34,lu_adc_GSE123902|lu_adc_GSE123902_MSK_LX666,MHC-I presentation,10.2957763671875
пациент,лёгкое,35,lu_adc_GSE123902|lu_adc_GSE123902_MSK_LX255B,MHC-I presentation,11.256175994873047
пациент,лёгкое,36,lu_adc_GSE123902|lu_adc_GSE123902_MSK_LX680,MHC-I presentation,5.466907501220703
пациент,лёгкое,37,lu_adc_GSE123902|lu_adc_GSE123902_MSK_LX681,MHC-I presentation,0.5722122192382812
пациент,лёгкое,38,lu_adc_GSE131907|lu_adc_GSE131907_P1011,MHC-I presentation,6.810123443603516
пациент,лёгкое,39,lu_adc_GSE131907|lu_adc_GSE131907_P1058,MHC-I presentation,12.376422882080078
пациент,лёгкое,40,lu_adc_GSE131907|lu_adc_GSE131907_P1006,MHC-I presentation,-7.411884307861328
пациент,лёгкое,41,lu_adc_GSE131907|lu_adc_GSE131907_P1012,MHC-I presentation,12.044647216796875
пациент,лёгкое,42,lu_adc_GSE131907|lu_adc_GSE131907_P1013,MHC-I presentation,5.460186004638672
пациент,лёгкое,43,lu_adc_GSE131907|lu_adc_GSE131907_P1015,MHC-I presentation,11.50870132446289
пациент,лёгкое,44,lu_adc_GSE131907|lu_adc_GSE131907_P1028,MHC-I presentation,10.603370666503906
пациент,лёгкое,45,lu_adc_GSE131907|lu_adc_GSE131907_P1049,MHC-I presentation,-0.016117095947265625
пациент,лёгкое,46,lu_adc_GSE131907|lu_adc_GSE131907_P1051,MHC-I presentation,9.168819427490234
пациент,лёгкое,47,lu_adc_GSE131907|lu_adc_GSE131907_P0018,MHC-I presentation,10.75717544555664
пациент,лёгкое,48,lu_adc_GSE131907|lu_adc_GSE131907_P0019,MHC-I presentation,4.342632293701172
пациент,лёгкое,49,lu_adc_GSE131907|lu_adc_GSE131907_P0020,MHC-I presentation,12.765960693359375
пациент,лёгкое,50,lu_adc_GSE131907|lu_adc_GSE131907_P0028,MHC-I presentation,8.237968444824219
пациент,лёгкое,51,lu_adc_GSE131907|lu_adc_GSE131907_P0031,MHC-I presentation,6.818180084228516
пациент,лёгкое,52,lu_adc_GSE131907|lu_adc_GSE131907_P3002,MHC-I presentation,5.071998596191406
пациент,лёгкое,53,lu_adc_GSE131907|lu_adc_GSE131907_P3003,MHC-I presentation,7.9599151611328125
пациент,лёгкое,54,lu_adc_GSE131907|lu_adc_GSE131907_P3004,MHC-I presentation,9.782669067382812
пациент,лёгкое,55,lu_adc_GSE131907|lu_adc_GSE131907_P3007,MHC-I presentation,-1.9731903076171875
пациент,лёгкое,56,lu_adc_GSE131907|lu_adc_GSE131907_P3012,MHC-I presentation,7.540836334228516
пациент,лёгкое,57,lu_adc_GSE131907|lu_adc_GSE131907_P3013,MHC-I presentation,3.6978797912597656
пациент,лёгкое,58,lu_adc_GSE131907|lu_adc_GSE131907_P3016,MHC-I presentation,12.397911071777344
пациент,лёгкое,59,lu_adc_GSE131907|lu_adc_GSE131907_P3017,MHC-I presentation,5.809429168701172
пациент,лёгкое,60,lu_adc_GSE131907|lu_adc_GSE131907_P3019,MHC-I presentation,10.344135284423828
пациент,лёгкое,61,lu_adc_GSE146100|lu_adc_GSE146100_lung_immuno,MHC-I presentation,7.667095184326172
пациент,лёгкое,62,lu_adc_codeocean|lu_adc_codeocean_p018,MHC-I presentation,7.458896636962891
пациент,лёгкое,63,lu_adc_codeocean|lu_adc_codeocean_p019,MHC-I presentation,2.6985321044921875
пациент,лёгкое,64,lu_adc_codeocean|lu_adc_codeocean_p023,MHC-I presentation,11.000968933105469
пациент,лёгкое,65,lu_adc_codeocean|lu_adc_codeocean_p024,MHC-I presentation,5.355415344238281
пациент,лёгкое,66,lu_adc_codeocean|lu_adc_codeocean_p027,MHC-I presentation,10.544273376464844
пациент,лёгкое,67,lu_adc_codeocean|lu_adc_codeocean_p031,MHC-I presentation,8.673168182373047
пациент,лёгкое,68,lu_adc_codeocean|lu_adc_codeocean_p032,MHC-I presentation,1.7596168518066406
пациент,лёгкое,69,lu_adc_codeocean|lu_adc_codeocean_p034,MHC-I presentation,13.832473754882812
пациент,лёгкое,70,lu_nsclc_pan_blueprint_lung|pan_bluprint_lung_2,MHC-I presentation,9.64969253540039
пациент,лёгкое,71,lu_nsclc_pan_blueprint_lung|pan_bluprint_lung_2,MHC-I presentation,9.616111755371094
пациент,лёгкое,72,lu_nsclc_pan_blueprint_lung|pan_bluprint_lung_3,MHC-I presentation,7.6858978271484375
пациент,лёгкое,73,lu_nsclc_pan_blueprint_lung|pan_bluprint_lung_3,MHC-I presentation,8.428703308105469
пациент,лёгкое,74,lu_nsclc_pan_blueprint_lung|pan_bluprint_lung_3,MHC-I presentation,8.438102722167969
пациент,лёгкое,75,lu_nsclc_pan_blueprint_lung|pan_bluprint_lung_4,MHC-I presentation,11.49258804321289
пациент,лёгкое,76,lu_nsclc_pan_blueprint_lung|pan_bluprint_lung_4,MHC-I presentation,11.449604034423828
пациент,лёгкое,77,lu_nsclc_pan_blueprint_lung|pan_bluprint_lung_4,MHC-I presentation,13.002365112304688
пациент,лёгкое,78,lu_nsclc_pan_blueprint_lung|pan_bluprint_lung_5,MHC-I presentation,5.368846893310547
пациент,лёгкое,79,lu_nsclc_pan_blueprint_lung|pan_bluprint_lung_5,MHC-I presentation,9.027782440185547
пациент,лёгкое,80,lu_nsclc_pan_blueprint_lung|pan_bluprint_lung_5,MHC-I presentation,5.994792938232422
пациент,лёгкое,81,lu_nsclc_pan_blueprint_lung|pan_bluprint_lung_7,MHC-I presentation,4.206960678100586
пациент,лёгкое,82,lu_nsclc_pan_blueprint_lung|pan_bluprint_lung_8,MHC-I presentation,8.228557586669922
пациент,лёгкое,83,lu_sclc_GSE150766|lu_sclc_GSE150766_GSM4558305,MHC-I presentation,-26.936922073364258
пациент,лёгкое,84,pan_GSE140819|pan_GSE140819_NSCLC14,MHC-I presentation,10.250110626220703
пациент,лёгкое,85,pan_GSE140819|pan_GSE140819_NSCLC14,MHC-I presentation,9.530143737792969
пациент,лёгкое,86,pan_GSE140819|pan_GSE140819_NSCLC14,MHC-I presentation,11.190357208251953
пациент,лёгкое,28,lu_HRA000154|lu_HRA000154_SSN05,NK activating ligands,-25.026195526123047
пациент,лёгкое,29,lu_HRA000154|lu_HRA000154_SSN11,NK activating ligands,-17.79094123840332
пациент,лёгкое,30,lu_HRA000154|lu_HRA000154_SSN27,NK activating ligands,-21.609712600708008
пациент,лёгкое,31,lu_HRA000154|lu_HRA000154_SSN28,NK activating ligands,-21.920669555664062
пациент,лёгкое,32,lu_HRA000154|lu_HRA000154_SSN29,NK activating ligands,-20.991830825805664
пациент,лёгкое,33,lu_HRA000154|lu_HRA000154_SSN30,NK activating ligands,-21.594938278198242
пациент,лёгкое,34,lu_adc_GSE123902|lu_adc_GSE123902_MSK_LX666,NK activating ligands,-11.085592269897461
пациент,лёгкое,35,lu_adc_GSE123902|lu_adc_GSE123902_MSK_LX255B,NK activating ligands,-0.16991806030273438
пациент,лёгкое,36,lu_adc_GSE123902|lu_adc_GSE123902_MSK_LX680,NK activating ligands,-8.056631088256836
пациент,лёгкое,37,lu_adc_GSE123902|lu_adc_GSE123902_MSK_LX681,NK activating ligands,-14.528260231018066
пациент,лёгкое,38,lu_adc_GSE131907|lu_adc_GSE131907_P1011,NK activating ligands,-9.771921157836914
пациент,лёгкое,39,lu_adc_GSE131907|lu_adc_GSE131907_P1058,NK activating ligands,0.6890697479248047
пациент,лёгкое,40,lu_adc_GSE131907|lu_adc_GSE131907_P1006,NK activating ligands,-24.2706298828125
пациент,лёгкое,41,lu_adc_GSE131907|lu_adc_GSE131907_P1012,NK activating ligands,-3.468191146850586
пациент,лёгкое,42,lu_adc_GSE131907|lu_adc_GSE131907_P1013,NK activating ligands,-10.200407028198242
пациент,лёгкое,43,lu_adc_GSE131907|lu_adc_GSE131907_P1015,NK activating ligands,-1.5178375244140625
пациент,лёгкое,44,lu_adc_GSE131907|lu_adc_GSE131907_P1028,NK activating ligands,-15.179719924926758
пациент,лёгкое,45,lu_adc_GSE131907|lu_adc_GSE131907_P1049,NK activating ligands,-16.255645751953125
пациент,лёгкое,46,lu_adc_GSE131907|lu_adc_GSE131907_P1051,NK activating ligands,-14.048731803894043
пациент,лёгкое,47,lu_adc_GSE131907|lu_adc_GSE131907_P0018,NK activating ligands,-12.517461776733398
пациент,лёгкое,48,lu_adc_GSE131907|lu_adc_GSE131907_P0019,NK activating ligands,-4.334571838378906
пациент,лёгкое,49,lu_adc_GSE131907|lu_adc_GSE131907_P0020,NK activating ligands,-0.1356658935546875
пациент,лёгкое,50,lu_adc_GSE131907|lu_adc_GSE131907_P0028,NK activating ligands,-17.413497924804688
пациент,лёгкое,51,lu_adc_GSE131907|lu_adc_GSE131907_P0031,NK activating ligands,-19.991134643554688
пациент,лёгкое,52,lu_adc_GSE131907|lu_adc_GSE131907_P3002,NK activating ligands,-20.286640167236328
пациент,лёгкое,53,lu_adc_GSE131907|lu_adc_GSE131907_P3003,NK activating ligands,-2.4607810974121094
пациент,лёгкое,54,lu_adc_GSE131907|lu_adc_GSE131907_P3004,NK activating ligands,-4.26338005065918
пациент,лёгкое,55,lu_adc_GSE131907|lu_adc_GSE131907_P3007,NK activating ligands,-13.703523635864258
пациент,лёгкое,56,lu_adc_GSE131907|lu_adc_GSE131907_P3012,NK activating ligands,-9.81893253326416
пациент,лёгкое,57,lu_adc_GSE131907|lu_adc_GSE131907_P3013,NK activating ligands,-14.498712539672852
пациент,лёгкое,58,lu_adc_GSE131907|lu_adc_GSE131907_P3016,NK activating ligands,-10.11712646484375
пациент,лёгкое,59,lu_adc_GSE131907|lu_adc_GSE131907_P3017,NK activating ligands,-20.447830200195312
пациент,лёгкое,60,lu_adc_GSE131907|lu_adc_GSE131907_P3019,NK activating ligands,-6.318504333496094
пациент,лёгкое,61,lu_adc_GSE146100|lu_adc_GSE146100_lung_immuno,NK activating ligands,-13.770686149597168
пациент,лёгкое,62,lu_adc_codeocean|lu_adc_codeocean_p018,NK activating ligands,-19.679508209228516
пациент,лёгкое,63,lu_adc_codeocean|lu_adc_codeocean_p019,NK activating ligands,-10.049967765808105
пациент,лёгкое,64,lu_adc_codeocean|lu_adc_codeocean_p023,NK activating ligands,-9.824304580688477
пациент,лёгкое,65,lu_adc_codeocean|lu_adc_codeocean_p024,NK activating ligands,-17.018590927124023
пациент,лёгкое,66,lu_adc_codeocean|lu_adc_codeocean_p027,NK activating ligands,-7.843057632446289
пациент,лёгкое,67,lu_adc_codeocean|lu_adc_codeocean_p031,NK activating ligands,-23.564096450805664
пациент,лёгкое,68,lu_adc_codeocean|lu_adc_codeocean_p032,NK activating ligands,-9.136574745178223
пациент,лёгкое,69,lu_adc_codeocean|lu_adc_codeocean_p034,NK activating ligands,-11.442885398864746
пациент,лёгкое,70,lu_nsclc_pan_blueprint_lung|pan_bluprint_lung_2,NK activating ligands,-19.76950454711914
пациент,лёгкое,71,lu_nsclc_pan_blueprint_lung|pan_bluprint_lung_2,NK activating ligands,-24.07989501953125
пациент,лёгкое,72,lu_nsclc_pan_blueprint_lung|pan_bluprint_lung_3,NK activating ligands,-6.635505676269531
пациент,лёгкое,73,lu_nsclc_pan_blueprint_lung|pan_bluprint_lung_3,NK activating ligands,-5.44406795501709
пациент,лёгкое,74,lu_nsclc_pan_blueprint_lung|pan_bluprint_lung_3,NK activating ligands,-5.975982666015625
пациент,лёгкое,75,lu_nsclc_pan_blueprint_lung|pan_bluprint_lung_4,NK activating ligands,0.7199687957763672
пациент,лёгкое,76,lu_nsclc_pan_blueprint_lung|pan_bluprint_lung_4,NK activating ligands,2.357349395751953
пациент,лёгкое,77,lu_nsclc_pan_blueprint_lung|pan_bluprint_lung_4,NK activating ligands,2.8032989501953125
пациент,лёгкое,78,lu_nsclc_pan_blueprint_lung|pan_bluprint_lung_5,NK activating ligands,-21.303462982177734
пациент,лёгкое,79,lu_nsclc_pan_blueprint_lung|pan_bluprint_lung_5,NK activating ligands,-24.186006546020508
пациент,лёгкое,80,lu_nsclc_pan_blueprint_lung|pan_bluprint_lung_5,NK activating ligands,-14.361700057983398
пациент,лёгкое,81,lu_nsclc_pan_blueprint_lung|pan_bluprint_lung_7,NK activating ligands,-19.895092010498047
пациент,лёгкое,82,lu_nsclc_pan_blueprint_lung|pan_bluprint_lung_8,NK activating ligands,-2.8032989501953125
пациент,лёгкое,83,lu_sclc_GSE150766|lu_sclc_GSE150766_GSM4558305,NK activating ligands,-23.377389907836914
пациент,лёгкое,84,pan_GSE140819|pan_GSE140819_NSCLC14,NK activating ligands,-11.223942756652832
пациент,лёгкое,85,pan_GSE140819|pan_GSE140819_NSCLC14,NK activating ligands,-11.566461563110352
пациент,лёгкое,86,pan_GSE140819|pan_GSE140819_NSCLC14,NK activating ligands,-8.698691368103027
пациент,лёгкое,28,lu_HRA000154|lu_HRA000154_SSN05,Necroptosis executioners,-29.115625381469727
пациент,лёгкое,29,lu_HRA000154|lu_HRA000154_SSN11,Necroptosis executioners,-19.67547607421875
пациент,лёгкое,30,lu_HRA000154|lu_HRA000154_SSN27,Necroptosis executioners,-20.74871063232422
пациент,лёгкое,31,lu_HRA000154|lu_HRA000154_SSN28,Necroptosis executioners,-17.2926082611084
пациент,лёгкое,32,lu_HRA000154|lu_HRA000154_SSN29,Necroptosis executioners,-20.363204956054688
пациент,лёгкое,33,lu_HRA000154|lu_HRA000154_SSN30,Necroptosis executioners,-21.602998733520508
пациент,лёгкое,34,lu_adc_GSE123902|lu_adc_GSE123902_MSK_LX666,Necroptosis executioners,-8.912261962890625
пациент,лёгкое,35,lu_adc_GSE123902|lu_adc_GSE123902_MSK_LX255B,Necroptosis executioners,-7.994842529296875
пациент,лёгкое,36,lu_adc_GSE123902|lu_adc_GSE123902_MSK_LX680,Necroptosis executioners,-12.792825698852539
пациент,лёгкое,37,lu_adc_GSE123902|lu_adc_GSE123902_MSK_LX681,Necroptosis executioners,-5.042449951171875
пациент,лёгкое,38,lu_adc_GSE131907|lu_adc_GSE131907_P1011,Necroptosis executioners,-10.060714721679688
пациент,лёгкое,39,lu_adc_GSE131907|lu_adc_GSE131907_P1058,Necroptosis executioners,-7.782613754272461
пациент,лёгкое,40,lu_adc_GSE131907|lu_adc_GSE131907_P1006,Necroptosis executioners,-22.776968002319336
пациент,лёгкое,41,lu_adc_GSE131907|lu_adc_GSE131907_P1012,Necroptosis executioners,-2.9832935333251953
пациент,лёгкое,42,lu_adc_GSE131907|lu_adc_GSE131907_P1013,Necroptosis executioners,-10.542928695678711
пациент,лёгкое,43,lu_adc_GSE131907|lu_adc_GSE131907_P1015,Necroptosis executioners,-5.223777770996094
пациент,лёгкое,44,lu_adc_GSE131907|lu_adc_GSE131907_P1028,Necroptosis executioners,-2.159900665283203
пациент,лёгкое,45,lu_adc_GSE131907|lu_adc_GSE131907_P1049,Necroptosis executioners,-17.019933700561523
пациент,лёгкое,46,lu_adc_GSE131907|lu_adc_GSE131907_P1051,Necroptosis executioners,-14.102460861206055
пациент,лёгкое,47,lu_adc_GSE131907|lu_adc_GSE131907_P0018,Necroptosis executioners,-17.682138442993164
пациент,лёгкое,48,lu_adc_GSE131907|lu_adc_GSE131907_P0019,Necroptosis executioners,-18.825220108032227
пациент,лёгкое,49,lu_adc_GSE131907|lu_adc_GSE131907_P0020,Necroptosis executioners,-8.945844650268555
пациент,лёгкое,50,lu_adc_GSE131907|lu_adc_GSE131907_P0028,Necroptosis executioners,-10.188318252563477
пациент,лёгкое,51,lu_adc_GSE131907|lu_adc_GSE131907_P0031,Necroptosis executioners,-29.118310928344727
пациент,лёгкое,52,lu_adc_GSE131907|lu_adc_GSE131907_P3002,Necroptosis executioners,-18.25704002380371
пациент,лёгкое,53,lu_adc_GSE131907|lu_adc_GSE131907_P3003,Necroptosis executioners,-13.246828079223633
пациент,лёгкое,54,lu_adc_GSE131907|lu_adc_GSE131907_P3004,Necroptosis executioners,-6.651618957519531
пациент,лёгкое,55,lu_adc_GSE131907|lu_adc_GSE131907_P3007,Necroptosis executioners,-9.519397735595703
пациент,лёгкое,56,lu_adc_GSE131907|lu_adc_GSE131907_P3012,Necroptosis executioners,-10.536212921142578
пациент,лёгкое,57,lu_adc_GSE131907|lu_adc_GSE131907_P3013,Necroptosis executioners,-7.7288818359375
пациент,лёгкое,58,lu_adc_GSE131907|lu_adc_GSE131907_P3016,Necroptosis executioners,-6.646247863769531
пациент,лёгкое,59,lu_adc_GSE131907|lu_adc_GSE131907_P3017,Necroptosis executioners,-23.808563232421875
пациент,лёгкое,60,lu_adc_GSE131907|lu_adc_GSE131907_P3019,Necroptosis executioners,-15.792228698730469
пациент,лёгкое,61,lu_adc_GSE146100|lu_adc_GSE146100_lung_immuno,Necroptosis executioners,-22.30818748474121
пациент,лёгкое,62,lu_adc_codeocean|lu_adc_codeocean_p018,Necroptosis executioners,-17.898399353027344
пациент,лёгкое,63,lu_adc_codeocean|lu_adc_codeocean_p019,Necroptosis executioners,-28.734149932861328
пациент,лёгкое,64,lu_adc_codeocean|lu_adc_codeocean_p023,Necroptosis executioners,-3.2667102813720703
пациент,лёгкое,65,lu_adc_codeocean|lu_adc_codeocean_p024,Necroptosis executioners,-16.30399513244629
пациент,лёгкое,66,lu_adc_codeocean|lu_adc_codeocean_p027,Necroptosis executioners,-19.080434799194336
пациент,лёгкое,67,lu_adc_codeocean|lu_adc_codeocean_p031,Necroptosis executioners,-22.99860191345215
пациент,лёгкое,68,lu_adc_codeocean|lu_adc_codeocean_p032,Necroptosis executioners,-14.098432540893555
пациент,лёгкое,69,lu_adc_codeocean|lu_adc_codeocean_p034,Necroptosis executioners,-2.0430374145507812
пациент,лёгкое,70,lu_nsclc_pan_blueprint_lung|pan_bluprint_lung_2,Necroptosis executioners,-13.92918586730957
пациент,лёгкое,71,lu_nsclc_pan_blueprint_lung|pan_bluprint_lung_2,Necroptosis executioners,-19.512950897216797
пациент,лёгкое,72,lu_nsclc_pan_blueprint_lung|pan_bluprint_lung_3,Necroptosis executioners,-7.953205108642578
пациент,лёгкое,73,lu_nsclc_pan_blueprint_lung|pan_bluprint_lung_3,Necroptosis executioners,-11.374382019042969
пациент,лёгкое,74,lu_nsclc_pan_blueprint_lung|pan_bluprint_lung_3,Necroptosis executioners,-11.159469604492188
пациент,лёгкое,75,lu_nsclc_pan_blueprint_lung|pan_bluprint_lung_4,Necroptosis executioners,-6.783258438110352
пациент,лёгкое,76,lu_nsclc_pan_blueprint_lung|pan_bluprint_lung_4,Necroptosis executioners,-6.25
пациент,лёгкое,77,lu_nsclc_pan_blueprint_lung|pan_bluprint_lung_4,Necroptosis executioners,-11.879432678222656
пациент,лёгкое,78,lu_nsclc_pan_blueprint_lung|pan_bluprint_lung_5,Necroptosis executioners,-2.049755096435547
пациент,лёгкое,79,lu_nsclc_pan_blueprint_lung|pan_bluprint_lung_5,Necroptosis executioners,-6.018964767456055
пациент,лёгкое,80,lu_nsclc_pan_blueprint_lung|pan_bluprint_lung_5,Necroptosis executioners,-1.8791618347167969
пациент,лёгкое,81,lu_nsclc_pan_blueprint_lung|pan_bluprint_lung_7,Necroptosis executioners,-17.24022102355957
пациент,лёгкое,82,lu_nsclc_pan_blueprint_lung|pan_bluprint_lung_8,Necroptosis executioners,3.516551971435547
пациент,лёгкое,83,lu_sclc_GSE150766|lu_sclc_GSE150766_GSM4558305,Necroptosis executioners,-24.37002944946289
пациент,лёгкое,84,pan_GSE140819|pan_GSE140819_NSCLC14,Necroptosis executioners,-8.160058975219727
пациент,лёгкое,85,pan_GSE140819|pan_GSE140819_NSCLC14,Necroptosis executioners,-4.463518142700195
пациент,лёгкое,86,pan_GSE140819|pan_GSE140819_NSCLC14,Necroptosis executioners,-10.679935455322266
пациент,лёгкое,28,lu_HRA000154|lu_HRA000154_SSN05,Necroptosis initiators,24.438533782958984
пациент,лёгкое,29,lu_HRA000154|lu_HRA000154_SSN11,Necroptosis initiators,26.512466430664062
пациент,лёгкое,30,lu_HRA000154|lu_HRA000154_SSN27,Necroptosis initiators,18.412853240966797
пациент,лёгкое,31,lu_HRA000154|lu_HRA000154_SSN28,Necroptosis initiators,24.202129364013672
пациент,лёгкое,32,lu_HRA000154|lu_HRA000154_SSN29,Necroptosis initiators,16.05953025817871
пациент,лёгкое,33,lu_HRA000154|lu_HRA000154_SSN30,Necroptosis initiators,18.563291549682617
пациент,лёгкое,34,lu_adc_GSE123902|lu_adc_GSE123902_MSK_LX666,Necroptosis initiators,0.6205673217773438
пациент,лёгкое,35,lu_adc_GSE123902|lu_adc_GSE123902_MSK_LX255B,Necroptosis initiators,0.3250579833984375
пациент,лёгкое,36,lu_adc_GSE123902|lu_adc_GSE123902_MSK_LX680,Necroptosis initiators,18.754032135009766
пациент,лёгкое,37,lu_adc_GSE123902|lu_adc_GSE123902_MSK_LX681,Necroptosis initiators,13.97216796875
пациент,лёгкое,38,lu_adc_GSE131907|lu_adc_GSE131907_P1011,Necroptosis initiators,20.647968292236328
пациент,лёгкое,39,lu_adc_GSE131907|lu_adc_GSE131907_P1058,Necroptosis initiators,21.740009307861328
пациент,лёгкое,40,lu_adc_GSE131907|lu_adc_GSE131907_P1006,Necroptosis initiators,11.35557746887207
пациент,лёгкое,41,lu_adc_GSE131907|lu_adc_GSE131907_P1012,Necroptosis initiators,25.88517951965332
пациент,лёгкое,42,lu_adc_GSE131907|lu_adc_GSE131907_P1013,Necroptosis initiators,7.016975402832031
пациент,лёгкое,43,lu_adc_GSE131907|lu_adc_GSE131907_P1015,Necroptosis initiators,22.31893539428711
пациент,лёгкое,44,lu_adc_GSE131907|lu_adc_GSE131907_P1028,Necroptosis initiators,14.195144653320312
пациент,лёгкое,45,lu_adc_GSE131907|lu_adc_GSE131907_P1049,Necroptosis initiators,0.0
пациент,лёгкое,46,lu_adc_GSE131907|lu_adc_GSE131907_P1051,Necroptosis initiators,27.385555267333984
пациент,лёгкое,47,lu_adc_GSE131907|lu_adc_GSE131907_P0018,Necroptosis initiators,9.679237365722656
пациент,лёгкое,48,lu_adc_GSE131907|lu_adc_GSE131907_P0019,Necroptosis initiators,15.479260444641113
пациент,лёгкое,49,lu_adc_GSE131907|lu_adc_GSE131907_P0020,Necroptosis initiators,15.371803283691406
пациент,лёгкое,50,lu_adc_GSE131907|lu_adc_GSE131907_P0028,Necroptosis initiators,17.144851684570312
пациент,лёгкое,51,lu_adc_GSE131907|lu_adc_GSE131907_P0031,Necroptosis initiators,18.818504333496094
пациент,лёгкое,52,lu_adc_GSE131907|lu_adc_GSE131907_P3002,Necroptosis initiators,-4.607246398925781
пациент,лёгкое,53,lu_adc_GSE131907|lu_adc_GSE131907_P3003,Necroptosis initiators,15.584030151367188
пациент,лёгкое,54,lu_adc_GSE131907|lu_adc_GSE131907_P3004,Necroptosis initiators,9.56103515625
пациент,лёгкое,55,lu_adc_GSE131907|lu_adc_GSE131907_P3007,Necroptosis initiators,9.918331146240234
пациент,лёгкое,56,lu_adc_GSE131907|lu_adc_GSE131907_P3012,Necroptosis initiators,9.125833511352539
пациент,лёгкое,57,lu_adc_GSE131907|lu_adc_GSE131907_P3013,Necroptosis initiators,17.596176147460938
пациент,лёгкое,58,lu_adc_GSE131907|lu_adc_GSE131907_P3016,Necroptosis initiators,10.912315368652344
пациент,лёгкое,59,lu_adc_GSE131907|lu_adc_GSE131907_P3017,Necroptosis initiators,13.485922813415527
пациент,лёгкое,60,lu_adc_GSE131907|lu_adc_GSE131907_P3019,Necroptosis initiators,18.549861907958984
пациент,лёгкое,61,lu_adc_GSE146100|lu_adc_GSE146100_lung_immuno,Necroptosis initiators,17.62572479248047
пациент,лёгкое,62,lu_adc_codeocean|lu_adc_codeocean_p018,Necroptosis initiators,15.377176284790039
пациент,лёгкое,63,lu_adc_codeocean|lu_adc_codeocean_p019,Necroptosis initiators,14.356330871582031
пациент,лёгкое,64,lu_adc_codeocean|lu_adc_codeocean_p023,Necroptosis initiators,15.871482849121094
пациент,лёгкое,65,lu_adc_codeocean|lu_adc_codeocean_p024,Necroptosis initiators,13.827098846435547
пациент,лёгкое,66,lu_adc_codeocean|lu_adc_codeocean_p027,Necroptosis initiators,13.346229553222656
пациент,лёгкое,67,lu_adc_codeocean|lu_adc_codeocean_p031,Necroptosis initiators,0.0
пациент,лёгкое,68,lu_adc_codeocean|lu_adc_codeocean_p032,Necroptosis initiators,15.17837905883789
пациент,лёгкое,69,lu_adc_codeocean|lu_adc_codeocean_p034,Necroptosis initiators,2.4177932739257812
пациент,лёгкое,70,lu_nsclc_pan_blueprint_lung|pan_bluprint_lung_2,Necroptosis initiators,0.0
пациент,лёгкое,71,lu_nsclc_pan_blueprint_lung|pan_bluprint_lung_2,Necroptosis initiators,19.831289291381836
пациент,лёгкое,72,lu_nsclc_pan_blueprint_lung|pan_bluprint_lung_3,Necroptosis initiators,18.560604095458984
пациент,лёгкое,73,lu_nsclc_pan_blueprint_lung|pan_bluprint_lung_3,Necroptosis initiators,20.622447967529297
пациент,лёгкое,74,lu_nsclc_pan_blueprint_lung|pan_bluprint_lung_3,Necroptosis initiators,21.276596069335938
пациент,лёгкое,75,lu_nsclc_pan_blueprint_lung|pan_bluprint_lung_4,Necroptosis initiators,2.8207626342773438
пациент,лёгкое,76,lu_nsclc_pan_blueprint_lung|pan_bluprint_lung_4,Necroptosis initiators,1.7166366577148438
пациент,лёгкое,77,lu_nsclc_pan_blueprint_lung|pan_bluprint_lung_4,Necroptosis initiators,-1.1417350769042969
пациент,лёгкое,78,lu_nsclc_pan_blueprint_lung|pan_bluprint_lung_5,Necroptosis initiators,17.68751335144043
пациент,лёгкое,79,lu_nsclc_pan_blueprint_lung|pan_bluprint_lung_5,Necroptosis initiators,16.457122802734375
пациент,лёгкое,80,lu_nsclc_pan_blueprint_lung|pan_bluprint_lung_5,Necroptosis initiators,18.165699005126953
пациент,лёгкое,81,lu_nsclc_pan_blueprint_lung|pan_bluprint_lung_7,Necroptosis initiators,0.0
пациент,лёгкое,82,lu_nsclc_pan_blueprint_lung|pan_bluprint_lung_8,Necroptosis initiators,13.856651306152344
пациент,лёгкое,83,lu_sclc_GSE150766|lu_sclc_GSE150766_GSM4558305,Necroptosis initiators,-10.99425220489502
пациент,лёгкое,84,pan_GSE140819|pan_GSE140819_NSCLC14,Necroptosis initiators,24.231679916381836
пациент,лёгкое,85,pan_GSE140819|pan_GSE140819_NSCLC14,Necroptosis initiators,5.853748321533203
пациент,лёгкое,86,pan_GSE140819|pan_GSE140819_NSCLC14,Necroptosis initiators,17.159629821777344
пациент,лёгкое,28,lu_HRA000154|lu_HRA000154_SSN05,Pyroptosis executioners,-8.256767272949219
пациент,лёгкое,29,lu_HRA000154|lu_HRA000154_SSN11,Pyroptosis executioners,4.589778900146484
пациент,лёгкое,30,lu_HRA000154|lu_HRA000154_SSN27,Pyroptosis executioners,7.102943420410156
пациент,лёгкое,31,lu_HRA000154|lu_HRA000154_SSN28,Pyroptosis executioners,-3.828174591064453
пациент,лёгкое,32,lu_HRA000154|lu_HRA000154_SSN29,Pyroptosis executioners,9.348808288574219
пациент,лёгкое,33,lu_HRA000154|lu_HRA000154_SSN30,Pyroptosis executioners,9.064044952392578
пациент,лёгкое,34,lu_adc_GSE123902|lu_adc_GSE123902_MSK_LX666,Pyroptosis executioners,-7.1217498779296875
пациент,лёгкое,35,lu_adc_GSE123902|lu_adc_GSE123902_MSK_LX255B,Pyroptosis executioners,12.921768188476562
пациент,лёгкое,36,lu_adc_GSE123902|lu_adc_GSE123902_MSK_LX680,Pyroptosis executioners,-11.774658203125
пациент,лёгкое,37,lu_adc_GSE123902|lu_adc_GSE123902_MSK_LX681,Pyroptosis executioners,2.995380401611328
пациент,лёгкое,38,lu_adc_GSE131907|lu_adc_GSE131907_P1011,Pyroptosis executioners,-19.393402099609375
пациент,лёгкое,39,lu_adc_GSE131907|lu_adc_GSE131907_P1058,Pyroptosis executioners,1.926177978515625
пациент,лёгкое,40,lu_adc_GSE131907|lu_adc_GSE131907_P1006,Pyroptosis executioners,-5.209007263183594
пациент,лёгкое,41,lu_adc_GSE131907|lu_adc_GSE131907_P1012,Pyroptosis executioners,8.819580078125
пациент,лёгкое,42,lu_adc_GSE131907|lu_adc_GSE131907_P1013,Pyroptosis executioners,-18.506877899169922
пациент,лёгкое,43,lu_adc_GSE131907|lu_adc_GSE131907_P1015,Pyroptosis executioners,12.518802642822266
пациент,лёгкое,44,lu_adc_GSE131907|lu_adc_GSE131907_P1028,Pyroptosis executioners,13.271007537841797
пациент,лёгкое,45,lu_adc_GSE131907|lu_adc_GSE131907_P1049,Pyroptosis executioners,-8.71480941772461
пациент,лёгкое,46,lu_adc_GSE131907|lu_adc_GSE131907_P1051,Pyroptosis executioners,-2.8932952880859375
пациент,лёгкое,47,lu_adc_GSE131907|lu_adc_GSE131907_P0018,Pyroptosis executioners,5.222438812255859
пациент,лёгкое,48,lu_adc_GSE131907|lu_adc_GSE131907_P0019,Pyroptosis executioners,3.9302597045898438
пациент,лёгкое,49,lu_adc_GSE131907|lu_adc_GSE131907_P0020,Pyroptosis executioners,7.771869659423828
пациент,лёгкое,50,lu_adc_GSE131907|lu_adc_GSE131907_P0028,Pyroptosis executioners,10.753814697265625
пациент,лёгкое,51,lu_adc_GSE131907|lu_adc_GSE131907_P0031,Pyroptosis executioners,1.7972297668457031
пациент,лёгкое,52,lu_adc_GSE131907|lu_adc_GSE131907_P3002,Pyroptosis executioners,-12.376422882080078
пациент,лёгкое,53,lu_adc_GSE131907|lu_adc_GSE131907_P3003,Pyroptosis executioners,-3.817432403564453
пациент,лёгкое,54,lu_adc_GSE131907|lu_adc_GSE131907_P3004,Pyroptosis executioners,1.7703628540039062
пациент,лёгкое,55,lu_adc_GSE131907|lu_adc_GSE131907_P3007,Pyroptosis executioners,-16.040725708007812
пациент,лёгкое,56,lu_adc_GSE131907|lu_adc_GSE131907_P3012,Pyroptosis executioners,13.553085327148438
пациент,лёгкое,57,lu_adc_GSE131907|lu_adc_GSE131907_P3013,Pyroptosis executioners,8.956584930419922
пациент,лёгкое,58,lu_adc_GSE131907|lu_adc_GSE131907_P3016,Pyroptosis executioners,8.129165649414062
пациент,лёгкое,59,lu_adc_GSE131907|lu_adc_GSE131907_P3017,Pyroptosis executioners,10.305179595947266
пациент,лёгкое,60,lu_adc_GSE131907|lu_adc_GSE131907_P3019,Pyroptosis executioners,1.9825935363769531
пациент,лёгкое,61,lu_adc_GSE146100|lu_adc_GSE146100_lung_immuno,Pyroptosis executioners,-0.4083366394042969
пациент,лёгкое,62,lu_adc_codeocean|lu_adc_codeocean_p018,Pyroptosis executioners,5.260047912597656
пациент,лёгкое,63,lu_adc_codeocean|lu_adc_codeocean_p019,Pyroptosis executioners,11.500648498535156
пациент,лёгкое,64,lu_adc_codeocean|lu_adc_codeocean_p023,Pyroptosis executioners,11.363632202148438
пациент,лёгкое,65,lu_adc_codeocean|lu_adc_codeocean_p024,Pyroptosis executioners,9.467010498046875
пациент,лёгкое,66,lu_adc_codeocean|lu_adc_codeocean_p027,Pyroptosis executioners,-9.491188049316406
пациент,лёгкое,67,lu_adc_codeocean|lu_adc_codeocean_p031,Pyroptosis executioners,-4.161296844482422
пациент,лёгкое,68,lu_adc_codeocean|lu_adc_codeocean_p032,Pyroptosis executioners,-4.883945465087891
пациент,лёгкое,69,lu_adc_codeocean|lu_adc_codeocean_p034,Pyroptosis executioners,-8.217815399169922
пациент,лёгкое,70,lu_nsclc_pan_blueprint_lung|pan_bluprint_lung_2,Pyroptosis executioners,-11.237373352050781
пациент,лёгкое,71,lu_nsclc_pan_blueprint_lung|pan_bluprint_lung_2,Pyroptosis executioners,-0.6259422302246094
пациент,лёгкое,72,lu_nsclc_pan_blueprint_lung|pan_bluprint_lung_3,Pyroptosis executioners,18.058242797851562
пациент,лёгкое,73,lu_nsclc_pan_blueprint_lung|pan_bluprint_lung_3,Pyroptosis executioners,14.732429504394531
пациент,лёгкое,74,lu_nsclc_pan_blueprint_lung|pan_bluprint_lung_3,Pyroptosis executioners,12.8599853515625
пациент,лёгкое,75,lu_nsclc_pan_blueprint_lung|pan_bluprint_lung_4,Pyroptosis executioners,2.2324295043945312
пациент,лёгкое,76,lu_nsclc_pan_blueprint_lung|pan_bluprint_lung_4,Pyroptosis executioners,5.152591705322266
пациент,лёгкое,77,lu_nsclc_pan_blueprint_lung|pan_bluprint_lung_4,Pyroptosis executioners,-2.7186737060546875
пациент,лёгкое,78,lu_nsclc_pan_blueprint_lung|pan_bluprint_lung_5,Pyroptosis executioners,-1.4909820556640625
пациент,лёгкое,79,lu_nsclc_pan_blueprint_lung|pan_bluprint_lung_5,Pyroptosis executioners,-0.4996795654296875
пациент,лёгкое,80,lu_nsclc_pan_blueprint_lung|pan_bluprint_lung_5,Pyroptosis executioners,-4.725444793701172
пациент,лёгкое,81,lu_nsclc_pan_blueprint_lung|pan_bluprint_lung_7,Pyroptosis executioners,-4.522617340087891
пациент,лёгкое,82,lu_nsclc_pan_blueprint_lung|pan_bluprint_lung_8,Pyroptosis executioners,6.968620300292969
пациент,лёгкое,83,lu_sclc_GSE150766|lu_sclc_GSE150766_GSM4558305,Pyroptosis executioners,-5.402427673339844
пациент,лёгкое,84,pan_GSE140819|pan_GSE140819_NSCLC14,Pyroptosis executioners,11.610786437988281
пациент,лёгкое,85,pan_GSE140819|pan_GSE140819_NSCLC14,Pyroptosis executioners,8.172149658203125
пациент,лёгкое,86,pan_GSE140819|pan_GSE140819_NSCLC14,Pyroptosis executioners,5.1955718994140625
пациент,лёгкое,28,lu_HRA000154|lu_HRA000154_SSN05,Pyroptosis initiators,3.0679168701171875
пациент,лёгкое,29,lu_HRA000154|lu_HRA000154_SSN11,Pyroptosis initiators,0.0
пациент,лёгкое,30,lu_HRA000154|lu_HRA000154_SSN27,Pyroptosis initiators,12.384482383728027
пациент,лёгкое,31,lu_HRA000154|lu_HRA000154_SSN28,Pyroptosis initiators,0.0
пациент,лёгкое,32,lu_HRA000154|lu_HRA000154_SSN29,Pyroptosis initiators,10.635612487792969
пациент,лёгкое,33,lu_HRA000154|lu_HRA000154_SSN30,Pyroptosis initiators,8.626152038574219
пациент,лёгкое,34,lu_adc_GSE123902|lu_adc_GSE123902_MSK_LX666,Pyroptosis initiators,14.208575248718262
пациент,лёгкое,35,lu_adc_GSE123902|lu_adc_GSE123902_MSK_LX255B,Pyroptosis initiators,25.051042556762695
пациент,лёгкое,36,lu_adc_GSE123902|lu_adc_GSE123902_MSK_LX680,Pyroptosis initiators,-1.4641075134277344
пациент,лёгкое,37,lu_adc_GSE123902|lu_adc_GSE123902_MSK_LX681,Pyroptosis initiators,3.0491065979003906
пациент,лёгкое,38,lu_adc_GSE131907|lu_adc_GSE131907_P1011,Pyroptosis initiators,20.921985626220703
пациент,лёгкое,39,lu_adc_GSE131907|lu_adc_GSE131907_P1058,Pyroptosis initiators,17.816463470458984
пациент,лёгкое,40,lu_adc_GSE131907|lu_adc_GSE131907_P1006,Pyroptosis initiators,-4.392326354980469
пациент,лёгкое,41,lu_adc_GSE131907|lu_adc_GSE131907_P1012,Pyroptosis initiators,23.42574691772461
пациент,лёгкое,42,lu_adc_GSE131907|lu_adc_GSE131907_P1013,Pyroptosis initiators,0.0
пациент,лёгкое,43,lu_adc_GSE131907|lu_adc_GSE131907_P1015,Pyroptosis initiators,31.130447387695312
пациент,лёгкое,44,lu_adc_GSE131907|lu_adc_GSE131907_P1028,Pyroptosis initiators,10.434135437011719
пациент,лёгкое,45,lu_adc_GSE131907|lu_adc_GSE131907_P1049,Pyroptosis initiators,13.808296203613281
пациент,лёгкое,46,lu_adc_GSE131907|lu_adc_GSE131907_P1051,Pyroptosis initiators,13.993659973144531
пациент,лёгкое,47,lu_adc_GSE131907|lu_adc_GSE131907_P0018,Pyroptosis initiators,11.519447326660156
пациент,лёгкое,48,lu_adc_GSE131907|lu_adc_GSE131907_P0019,Pyroptosis initiators,7.342033386230469
пациент,лёгкое,49,lu_adc_GSE131907|lu_adc_GSE131907_P0020,Pyroptosis initiators,16.475929260253906
пациент,лёгкое,50,lu_adc_GSE131907|lu_adc_GSE131907_P0028,Pyroptosis initiators,11.53825569152832
пациент,лёгкое,51,lu_adc_GSE131907|lu_adc_GSE131907_P0031,Pyroptosis initiators,0.0
пациент,лёгкое,52,lu_adc_GSE131907|lu_adc_GSE131907_P3002,Pyroptosis initiators,9.552978515625
пациент,лёгкое,53,lu_adc_GSE131907|lu_adc_GSE131907_P3003,Pyroptosis initiators,10.235336303710938
пациент,лёгкое,54,lu_adc_GSE131907|lu_adc_GSE131907_P3004,Pyroptosis initiators,8.784652709960938
пациент,лёгкое,55,lu_adc_GSE131907|lu_adc_GSE131907_P3007,Pyroptosis initiators,-0.265960693359375
пациент,лёгкое,56,lu_adc_GSE131907|lu_adc_GSE131907_P3012,Pyroptosis initiators,6.549537658691406
пациент,лёгкое,57,lu_adc_GSE131907|lu_adc_GSE131907_P3013,Pyroptosis initiators,11.871373176574707
пациент,лёгкое,58,lu_adc_GSE131907|lu_adc_GSE131907_P3016,Pyroptosis initiators,16.5457763671875
пациент,лёгкое,59,lu_adc_GSE131907|lu_adc_GSE131907_P3017,Pyroptosis initiators,8.008277893066406
пациент,лёгкое,60,lu_adc_GSE131907|lu_adc_GSE131907_P3019,Pyroptosis initiators,8.322586059570312
пациент,лёгкое,61,lu_adc_GSE146100|lu_adc_GSE146100_lung_immuno,Pyroptosis initiators,4.0404052734375
пациент,лёгкое,62,lu_adc_codeocean|lu_adc_codeocean_p018,Pyroptosis initiators,18.85342788696289
пациент,лёгкое,63,lu_adc_codeocean|lu_adc_codeocean_p019,Pyroptosis initiators,-1.3271007537841797
пациент,лёгкое,64,lu_adc_codeocean|lu_adc_codeocean_p023,Pyroptosis initiators,15.54642105102539
пациент,лёгкое,65,lu_adc_codeocean|lu_adc_codeocean_p024,Pyroptosis initiators,10.939178466796875
пациент,лёгкое,66,lu_adc_codeocean|lu_adc_codeocean_p027,Pyroptosis initiators,0.13163375854492188
пациент,лёгкое,67,lu_adc_codeocean|lu_adc_codeocean_p031,Pyroptosis initiators,0.0
пациент,лёгкое,68,lu_adc_codeocean|lu_adc_codeocean_p032,Pyroptosis initiators,6.278205871582031
пациент,лёгкое,69,lu_adc_codeocean|lu_adc_codeocean_p034,Pyroptosis initiators,0.0
пациент,лёгкое,70,lu_nsclc_pan_blueprint_lung|pan_bluprint_lung_2,Pyroptosis initiators,25.16655731201172
пациент,лёгкое,71,lu_nsclc_pan_blueprint_lung|pan_bluprint_lung_2,Pyroptosis initiators,0.0
пациент,лёгкое,72,lu_nsclc_pan_blueprint_lung|pan_bluprint_lung_3,Pyroptosis initiators,18.415538787841797
пациент,лёгкое,73,lu_nsclc_pan_blueprint_lung|pan_bluprint_lung_3,Pyroptosis initiators,6.772514343261719
пациент,лёгкое,74,lu_nsclc_pan_blueprint_lung|pan_bluprint_lung_3,Pyroptosis initiators,8.029766082763672
пациент,лёгкое,75,lu_nsclc_pan_blueprint_lung|pan_bluprint_lung_4,Pyroptosis initiators,0.0
пациент,лёгкое,76,lu_nsclc_pan_blueprint_lung|pan_bluprint_lung_4,Pyroptosis initiators,0.0
пациент,лёгкое,77,lu_nsclc_pan_blueprint_lung|pan_bluprint_lung_4,Pyroptosis initiators,0.0
пациент,лёгкое,78,lu_nsclc_pan_blueprint_lung|pan_bluprint_lung_5,Pyroptosis initiators,5.4776458740234375
пациент,лёгкое,79,lu_nsclc_pan_blueprint_lung|pan_bluprint_lung_5,Pyroptosis initiators,5.5582427978515625
пациент,лёгкое,80,lu_nsclc_pan_blueprint_lung|pan_bluprint_lung_5,Pyroptosis initiators,7.624114990234375
пациент,лёгкое,81,lu_nsclc_pan_blueprint_lung|pan_bluprint_lung_7,Pyroptosis initiators,33.628841400146484
пациент,лёгкое,82,lu_nsclc_pan_blueprint_lung|pan_bluprint_lung_8,Pyroptosis initiators,25.131637573242188
пациент,лёгкое,83,lu_sclc_GSE150766|lu_sclc_GSE150766_GSM4558305,Pyroptosis initiators,-12.83714771270752
пациент,лёгкое,84,pan_GSE140819|pan_GSE140819_NSCLC14,Pyroptosis initiators,5.877927780151367
пациент,лёгкое,85,pan_GSE140819|pan_GSE140819_NSCLC14,Pyroptosis initiators,0.0
пациент,лёгкое,86,pan_GSE140819|pan_GSE140819_NSCLC14,Pyroptosis initiators,1.8187179565429688
органоид,лёгкое,147,ACH-003720,Apoptosis executioners,16.653236389160156
органоид,лёгкое,148,ACH-003721,Apoptosis executioners,11.148727416992188
органоид,лёгкое,147,ACH-003720,Apoptosis initiators,1.9006614685058594
органоид,лёгкое,148,ACH-003721,Apoptosis initiators,2.509136199951172
органоид,лёгкое,147,ACH-003720,BRAKES,1.7099189758300781
органоид,лёгкое,148,ACH-003721,BRAKES,0.7723541259765625
органоид,лёгкое,147,ACH-003720,ENTRY adaptors,8.021705627441406
органоид,лёгкое,148,ACH-003721,ENTRY adaptors,12.548347473144531
органоид,лёгкое,147,ACH-003720,ENTRY receptors,-6.055233001708984
органоид,лёгкое,148,ACH-003721,ENTRY receptors,9.394477844238281
органоид,лёгкое,147,ACH-003720,Inhibitory signals,8.53884506225586
органоид,лёгкое,148,ACH-003721,Inhibitory signals,8.984794616699219
органоид,лёгкое,147,ACH-003720,MHC-I presentation,6.589839935302734
органоид,лёгкое,148,ACH-003721,MHC-I presentation,5.14990234375
органоид,лёгкое,147,ACH-003720,NK activating ligands,2.091390609741211
органоид,лёгкое,148,ACH-003721,NK activating ligands,-3.8429508209228516
органоид,лёгкое,147,ACH-003720,Necroptosis executioners,0.3304328918457031
органоид,лёгкое,148,ACH-003721,Necroptosis executioners,-12.665214538574219
органоид,лёгкое,147,ACH-003720,Necroptosis initiators,19.51428985595703
органоид,лёгкое,148,ACH-003721,Necroptosis initiators,19.272512435913086
органоид,лёгкое,147,ACH-003720,Pyroptosis executioners,0.3868408203125
органоид,лёгкое,148,ACH-003721,Pyroptosis executioners,2.4957008361816406
органоид,лёгкое,147,ACH-003720,Pyroptosis initiators,10.47442626953125
органоид,лёгкое,148,ACH-003721,Pyroptosis initiators,11.637649536132812
2D,лёгкое,0,ACH-001113,Apoptosis executioners,7.2936859130859375
2D,лёгкое,3,ACH-000327,Apoptosis executioners,-14.976898193359375
2D,лёгкое,4,ACH-000769,Apoptosis executioners,4.4621734619140625
2D,лёгкое,5,ACH-000528,Apoptosis executioners,4.873199462890625
2D,лёгкое,9,ACH-000800,Apoptosis executioners,-16.959487915039062
2D,лёгкое,17,ACH-000585,Apoptosis executioners,1.8227462768554688
2D,лёгкое,19,ACH-000176,Apoptosis executioners,-10.028480529785156
2D,лёгкое,20,ACH-000587,Apoptosis executioners,-0.7172775268554688
2D,лёгкое,21,ACH-000785,Apoptosis executioners,-4.0995025634765625
2D,лёгкое,22,ACH-000627,Apoptosis executioners,-4.029655456542969
2D,лёгкое,28,ACH-000392,Apoptosis executioners,-1.4264907836914062
2D,лёгкое,29,ACH-000035,Apoptosis executioners,0.6178741455078125
2D,лёгкое,34,ACH-000894,Apoptosis executioners,5.5770416259765625
2D,лёгкое,40,ACH-000638,Apoptosis executioners,-1.3271026611328125
2D,лёгкое,41,ACH-000596,Apoptosis executioners,8.070068359375
2D,лёгкое,48,ACH-000578,Apoptosis executioners,0.9617462158203125
2D,лёгкое,49,ACH-000033,Apoptosis executioners,1.0450286865234375
2D,лёгкое,52,ACH-000481,Apoptosis executioners,0.9993515014648438
2D,лёгкое,55,ACH-000690,Apoptosis executioners,2.75091552734375
2D,лёгкое,57,ACH-000858,Apoptosis executioners,-0.6957855224609375
2D,лёгкое,59,ACH-000787,Apoptosis executioners,-5.042449951171875
2D,лёгкое,60,ACH-000749,Apoptosis executioners,-4.2606964111328125
2D,лёгкое,61,ACH-000868,Apoptosis executioners,-4.518585205078125
2D,лёгкое,65,ACH-000700,Apoptosis executioners,5.587791442871094
2D,лёгкое,66,ACH-000672,Apoptosis executioners,-8.056629180908203
2D,лёгкое,68,ACH-000186,Apoptosis executioners,-1.8858795166015625
2D,лёгкое,69,ACH-000677,Apoptosis executioners,-3.0598602294921875
2D,лёгкое,70,ACH-000021,Apoptosis executioners,5.125724792480469
2D,лёгкое,72,ACH-000980,Apoptosis executioners,4.96453857421875
2D,лёгкое,73,ACH-000845,Apoptosis executioners,-0.38147735595703125
2D,лёгкое,76,ACH-000012,Apoptosis executioners,5.1955718994140625
2D,лёгкое,79,ACH-000698,Apoptosis executioners,-2.7025604248046875
2D,лёгкое,80,ACH-003120,Apoptosis executioners,10.571136474609375
2D,лёгкое,83,ACH-000662,Apoptosis executioners,-4.886634826660156
2D,лёгкое,84,ACH-000867,Apoptosis executioners,-1.1927871704101562
2D,лёгкое,87,ACH-000261,Apoptosis executioners,-4.9108123779296875
2D,лёгкое,91,ACH-000766,Apoptosis executioners,-4.040397644042969
2D,лёгкое,92,ACH-000343,Apoptosis executioners,-3.3661041259765625
2D,лёгкое,96,ACH-000733,Apoptosis executioners,3.69384765625
2D,лёгкое,98,ACH-000774,Apoptosis executioners,1.7032089233398438
2D,лёгкое,104,ACH-000921,Apoptosis executioners,-3.0598526000976562
2D,лёгкое,113,ACH-000681,Apoptosis executioners,1.3512802124023438
2D,лёгкое,114,ACH-003012,Apoptosis executioners,-3.6374435424804688
2D,лёгкое,116,ACH-000482,Apoptosis executioners,0.7548904418945312
2D,лёгкое,121,ACH-000779,Apoptosis executioners,-4.7657470703125
2D,лёгкое,122,ACH-000866,Apoptosis executioners,17.48065185546875
2D,лёгкое,126,ACH-000586,Apoptosis executioners,6.9847412109375
2D,лёгкое,127,ACH-000451,Apoptosis executioners,-6.181495666503906
2D,лёгкое,129,ACH-000378,Apoptosis executioners,3.7126617431640625
2D,лёгкое,131,ACH-000575,Apoptosis executioners,3.384918212890625
2D,лёгкое,132,ACH-000379,Apoptosis executioners,4.806037902832031
2D,лёгкое,133,ACH-000454,Apoptosis executioners,-6.307762145996094
2D,лёгкое,134,ACH-000712,Apoptosis executioners,0.34117889404296875
2D,лёгкое,135,ACH-000161,Apoptosis executioners,3.1726837158203125
2D,лёгкое,136,ACH-000395,Apoptosis executioners,3.669677734375
2D,лёгкое,139,ACH-000511,Apoptosis executioners,-0.7119140625
2D,лёгкое,140,ACH-000916,Apoptosis executioners,0.1423797607421875
2D,лёгкое,142,ACH-000837,Apoptosis executioners,3.0168685913085938
2D,лёгкое,144,ACH-000463,Apoptosis executioners,3.664306640625
2D,лёгкое,148,ACH-000861,Apoptosis executioners,-2.0282516479492188
2D,лёгкое,150,ACH-000399,Apoptosis executioners,-7.452182769775391
2D,лёгкое,152,ACH-000066,Apoptosis executioners,1.7005233764648438
2D,лёгкое,161,ACH-000563,Apoptosis executioners,1.474853515625
2D,лёгкое,163,ACH-000562,Apoptosis executioners,3.2747650146484375
2D,лёгкое,164,ACH-000314,Apoptosis executioners,2.866424560546875
2D,лёгкое,169,ACH-002650,Apoptosis executioners,-1.4050140380859375
2D,лёгкое,174,ACH-000757,Apoptosis executioners,1.46142578125
2D,лёгкое,175,ACH-000893,Apoptosis executioners,3.8254928588867188
2D,лёгкое,181,ACH-000924,Apoptosis executioners,-6.815498352050781
2D,лёгкое,192,ACH-000892,Apoptosis executioners,3.50311279296875
2D,лёгкое,195,ACH-000447,Apoptosis executioners,-3.8819046020507812
2D,лёгкое,198,ACH-000590,Apoptosis executioners,-2.192138671875
2D,лёгкое,200,ACH-000339,Apoptosis executioners,-0.05373382568359375
2D,лёгкое,202,ACH-000553,Apoptosis executioners,6.839668273925781
2D,лёгкое,203,ACH-000789,Apoptosis executioners,2.91748046875
2D,лёгкое,205,ACH-002170,Apoptosis executioners,5.9155426025390625
2D,лёгкое,209,ACH-000416,Apoptosis executioners,1.6830596923828125
2D,лёгкое,211,ACH-000731,Apoptosis executioners,-3.12969970703125
2D,лёгкое,212,ACH-000670,Apoptosis executioners,-3.6938552856445312
2D,лёгкое,216,ACH-000442,Apoptosis executioners,3.1874542236328125
2D,лёгкое,218,ACH-000841,Apoptosis executioners,-5.526008605957031
2D,лёгкое,224,ACH-000860,Apoptosis executioners,0.8999557495117188
2D,лёгкое,227,ACH-000744,Apoptosis executioners,-6.041801452636719
2D,лёгкое,229,ACH-000853,Apoptosis executioners,-3.8308639526367188
2D,лёгкое,231,ACH-000929,Apoptosis executioners,-10.422042846679688
2D,лёгкое,233,ACH-000390,Apoptosis executioners,-0.06716156005859375
2D,лёгкое,234,ACH-002490,Apoptosis executioners,7.90081787109375
2D,лёгкое,238,ACH-000311,Apoptosis executioners,-0.472808837890625
2D,лёгкое,240,ACH-000675,Apoptosis executioners,-1.206207275390625
2D,лёгкое,242,ACH-000496,Apoptosis executioners,4.7845458984375
2D,лёгкое,244,ACH-000062,Apoptosis executioners,1.9100570678710938
2D,лёгкое,250,ACH-000878,Apoptosis executioners,1.2438278198242188
2D,лёгкое,252,ACH-000851,Apoptosis executioners,0.47013092041015625
2D,лёгкое,254,ACH-000891,Apoptosis executioners,8.096923828125
2D,лёгкое,255,ACH-003119,Apoptosis executioners,8.900169372558594
2D,лёгкое,256,ACH-000603,Apoptosis executioners,-7.089515686035156
2D,лёгкое,262,ACH-000813,Apoptosis executioners,1.6387252807617188
2D,лёгкое,266,ACH-000434,Apoptosis executioners,-4.2714385986328125
2D,лёгкое,270,ACH-000521,Apoptosis executioners,-3.6669845581054688
2D,лёгкое,283,ACH-000665,Apoptosis executioners,-2.686431884765625
2D,лёгкое,284,ACH-000150,Apoptosis executioners,-2.8906097412109375
2D,лёгкое,285,ACH-002531,Apoptosis executioners,6.184181213378906
2D,лёгкое,291,ACH-000414,Apoptosis executioners,7.793357849121094
2D,лёгкое,295,ACH-000869,Apoptosis executioners,-3.4950485229492188
2D,лёгкое,296,ACH-002522,Apoptosis executioners,8.669143676757812
2D,лёгкое,300,ACH-000975,Apoptosis executioners,-4.2956085205078125
2D,лёгкое,301,ACH-000706,Apoptosis executioners,2.5816574096679688
2D,лёгкое,306,ACH-000337,Apoptosis executioners,-1.2948684692382812
2D,лёгкое,307,ACH-003121,Apoptosis executioners,12.352249145507812
2D,лёгкое,314,ACH-000298,Apoptosis executioners,-4.505157470703125
2D,лёгкое,315,ACH-000251,Apoptosis executioners,10.46368408203125
2D,лёгкое,316,ACH-002526,Apoptosis executioners,6.710723876953125
2D,лёгкое,319,ACH-000826,Apoptosis executioners,-5.7355499267578125
2D,лёгкое,324,ACH-000886,Apoptosis executioners,4.4594879150390625
2D,лёгкое,326,ACH-000888,Apoptosis executioners,-2.3157119750976562
2D,лёгкое,327,ACH-000669,Apoptosis executioners,-3.2801361083984375
2D,лёгкое,328,ACH-000844,Apoptosis executioners,-4.185478210449219
2D,лёгкое,330,ACH-000030,Apoptosis executioners,-0.16119384765625
2D,лёгкое,331,ACH-000589,Apoptosis executioners,-7.9599151611328125
2D,лёгкое,333,ACH-000925,Apoptosis executioners,8.190948486328125
2D,лёгкое,336,ACH-000628,Apoptosis executioners,3.409088134765625
2D,лёгкое,337,ACH-000510,Apoptosis executioners,-6.7698211669921875
2D,лёгкое,341,ACH-000264,Apoptosis executioners,-9.74639892578125
2D,лёгкое,349,ACH-001591,Apoptosis executioners,10.393836975097656
2D,лёгкое,354,ACH-002035,Apoptosis executioners,-0.8784713745117188
2D,лёгкое,361,ACH-000843,Apoptosis executioners,6.420585632324219
2D,лёгкое,364,ACH-000840,Apoptosis executioners,-14.020526885986328
2D,лёгкое,371,ACH-000912,Apoptosis executioners,2.39361572265625
2D,лёгкое,372,ACH-000667,Apoptosis executioners,-3.1941757202148438
2D,лёгкое,374,ACH-000015,Apoptosis executioners,-7.959922790527344
2D,лёгкое,375,ACH-000791,Apoptosis executioners,-4.163978576660156
2D,лёгкое,379,ACH-000872,Apoptosis executioners,0.6420516967773438
2D,лёгкое,385,ACH-000900,Apoptosis executioners,-11.082901000976562
2D,лёгкое,386,ACH-000029,Apoptosis executioners,5.947776794433594
2D,лёгкое,387,ACH-000718,Apoptosis executioners,0.9590606689453125
2D,лёгкое,396,ACH-000781,Apoptosis executioners,-1.4050064086914062
2D,лёгкое,397,ACH-000747,Apoptosis executioners,-2.5091323852539062
2D,лёгкое,0,ACH-001113,Apoptosis initiators,-0.07253265380859375
2D,лёгкое,3,ACH-000327,Apoptosis initiators,0.7992134094238281
2D,лёгкое,4,ACH-000769,Apoptosis initiators,0.4177379608154297
2D,лёгкое,5,ACH-000528,Apoptosis initiators,-0.29550933837890625
2D,лёгкое,9,ACH-000800,Apoptosis initiators,1.732757568359375
2D,лёгкое,17,ACH-000585,Apoptosis initiators,-0.5493793487548828
2D,лёгкое,19,ACH-000176,Apoptosis initiators,0.3411827087402344
2D,лёгкое,20,ACH-000587,Apoptosis initiators,-2.9832916259765625
2D,лёгкое,21,ACH-000785,Apoptosis initiators,1.5272445678710938
2D,лёгкое,22,ACH-000627,Apoptosis initiators,-0.094024658203125
2D,лёгкое,28,ACH-000392,Apoptosis initiators,0.4284839630126953
2D,лёгкое,29,ACH-000035,Apoptosis initiators,-1.803945541381836
2D,лёгкое,34,ACH-000894,Apoptosis initiators,-1.4023208618164062
2D,лёгкое,40,ACH-000638,Apoptosis initiators,-3.2317848205566406
2D,лёгкое,41,ACH-000596,Apoptosis initiators,-3.1041812896728516
2D,лёгкое,48,ACH-000578,Apoptosis initiators,-3.5366973876953125
2D,лёгкое,49,ACH-000033,Apoptosis initiators,3.229095458984375
2D,лёгкое,52,ACH-000481,Apoptosis initiators,-4.325166702270508
2D,лёгкое,55,ACH-000690,Apoptosis initiators,-0.029544830322265625
2D,лёгкое,57,ACH-000858,Apoptosis initiators,-1.2438201904296875
2D,лёгкое,59,ACH-000787,Apoptosis initiators,-3.3808822631835938
2D,лёгкое,60,ACH-000749,Apoptosis initiators,0.042980194091796875
2D,лёгкое,61,ACH-000868,Apoptosis initiators,1.2935199737548828
2D,лёгкое,65,ACH-000700,Apoptosis initiators,-0.03895378112792969
2D,лёгкое,66,ACH-000672,Apoptosis initiators,1.251882553100586
2D,лёгкое,68,ACH-000186,Apoptosis initiators,0.4674415588378906
2D,лёгкое,69,ACH-000677,Apoptosis initiators,0.3599815368652344
2D,лёгкое,70,ACH-000021,Apoptosis initiators,3.222381591796875
2D,лёгкое,72,ACH-000980,Apoptosis initiators,1.3848609924316406
2D,лёгкое,73,ACH-000845,Apoptosis initiators,-2.7159881591796875
2D,лёгкое,76,ACH-000012,Apoptosis initiators,-0.9845809936523438
2D,лёгкое,79,ACH-000698,Apoptosis initiators,1.0866622924804688
2D,лёгкое,80,ACH-003120,Apoptosis initiators,2.9309043884277344
2D,лёгкое,83,ACH-000662,Apoptosis initiators,-1.3190422058105469
2D,лёгкое,84,ACH-000867,Apoptosis initiators,-1.9073715209960938
2D,лёгкое,87,ACH-000261,Apoptosis initiators,-0.3519248962402344
2D,лёгкое,91,ACH-000766,Apoptosis initiators,-0.4943046569824219
2D,лёгкое,92,ACH-000343,Apoptosis initiators,0.0537261962890625
2D,лёгкое,96,ACH-000733,Apoptosis initiators,-0.06447219848632812
2D,лёгкое,98,ACH-000774,Apoptosis initiators,-3.4668540954589844
2D,лёгкое,104,ACH-000921,Apoptosis initiators,0.7736968994140625
2D,лёгкое,113,ACH-000681,Apoptosis initiators,1.959756851196289
2D,лёгкое,114,ACH-003012,Apoptosis initiators,0.8045902252197266
2D,лёгкое,116,ACH-000482,Apoptosis initiators,0.8650341033935547
2D,лёгкое,121,ACH-000779,Apoptosis initiators,-2.7885208129882812
2D,лёгкое,122,ACH-000866,Apoptosis initiators,-0.20417022705078125
2D,лёгкое,126,ACH-000586,Apoptosis initiators,0.0362701416015625
2D,лёгкое,127,ACH-000451,Apoptosis initiators,-1.9087142944335938
2D,лёгкое,129,ACH-000378,Apoptosis initiators,-0.7427997589111328
2D,лёгкое,131,ACH-000575,Apoptosis initiators,0.7562370300292969
2D,лёгкое,132,ACH-000379,Apoptosis initiators,-2.0363197326660156
2D,лёгкое,133,ACH-000454,Apoptosis initiators,-0.9818916320800781
2D,лёгкое,134,ACH-000712,Apoptosis initiators,2.4043655395507812
2D,лёгкое,135,ACH-000161,Apoptosis initiators,0.36266517639160156
2D,лёгкое,136,ACH-000395,Apoptosis initiators,-0.17193222045898438
2D,лёгкое,139,ACH-000511,Apoptosis initiators,-1.0772628784179688
2D,лёгкое,140,ACH-000916,Apoptosis initiators,-2.824789047241211
2D,лёгкое,142,ACH-000837,Apoptosis initiators,-2.224376678466797
2D,лёгкое,144,ACH-000463,Apoptosis initiators,1.1350212097167969
2D,лёгкое,148,ACH-000861,Apoptosis initiators,2.611217498779297
2D,лёгкое,150,ACH-000399,Apoptosis initiators,0.49967193603515625
2D,лёгкое,152,ACH-000066,Apoptosis initiators,-0.8999557495117188
2D,лёгкое,161,ACH-000563,Apoptosis initiators,0.636688232421875
2D,лёгкое,163,ACH-000562,Apoptosis initiators,-1.2572555541992188
2D,лёгкое,164,ACH-000314,Apoptosis initiators,-1.7891654968261719
2D,лёгкое,169,ACH-002650,Apoptosis initiators,2.064525604248047
2D,лёгкое,174,ACH-000757,Apoptosis initiators,1.1511383056640625
2D,лёгкое,175,ACH-000893,Apoptosis initiators,0.20282363891601562
2D,лёгкое,181,ACH-000924,Apoptosis initiators,-0.2659568786621094
2D,лёгкое,192,ACH-000892,Apoptosis initiators,-0.4728126525878906
2D,лёгкое,195,ACH-000447,Apoptosis initiators,-0.2310333251953125
2D,лёгкое,198,ACH-000590,Apoptosis initiators,-0.40161895751953125
2D,лёгкое,200,ACH-000339,Apoptosis initiators,-0.1517791748046875
2D,лёгкое,202,ACH-000553,Apoptosis initiators,0.17595863342285156
2D,лёгкое,203,ACH-000789,Apoptosis initiators,1.7797660827636719
2D,лёгкое,205,ACH-002170,Apoptosis initiators,5.6455535888671875
2D,лёгкое,209,ACH-000416,Apoptosis initiators,1.014129638671875
2D,лёгкое,211,ACH-000731,Apoptosis initiators,-0.02820587158203125
2D,лёгкое,212,ACH-000670,Apoptosis initiators,-1.2975482940673828
2D,лёгкое,216,ACH-000442,Apoptosis initiators,0.1343231201171875
2D,лёгкое,218,ACH-000841,Apoptosis initiators,-0.6017608642578125
2D,лёгкое,224,ACH-000860,Apoptosis initiators,-2.9725494384765625
2D,лёгкое,227,ACH-000744,Apoptosis initiators,-0.4647483825683594
2D,лёгкое,229,ACH-000853,Apoptosis initiators,0.0510406494140625
2D,лёгкое,231,ACH-000929,Apoptosis initiators,1.1188983917236328
2D,лёгкое,233,ACH-000390,Apoptosis initiators,1.1121864318847656
2D,лёгкое,234,ACH-002490,Apoptosis initiators,3.435955047607422
2D,лёгкое,238,ACH-000311,Apoptosis initiators,0.6178817749023438
2D,лёгкое,240,ACH-000675,Apoptosis initiators,2.0242347717285156
2D,лёгкое,242,ACH-000496,Apoptosis initiators,-0.3680419921875
2D,лёгкое,244,ACH-000062,Apoptosis initiators,-0.9308547973632812
2D,лёгкое,250,ACH-000878,Apoptosis initiators,1.4439620971679688
2D,лёгкое,252,ACH-000851,Apoptosis initiators,-2.2754135131835938
2D,лёгкое,254,ACH-000891,Apoptosis initiators,3.101491928100586
2D,лёгкое,255,ACH-003119,Apoptosis initiators,3.4278907775878906
2D,лёгкое,256,ACH-000603,Apoptosis initiators,1.2424812316894531
2D,лёгкое,262,ACH-000813,Apoptosis initiators,-0.1705913543701172
2D,лёгкое,266,ACH-000434,Apoptosis initiators,-1.7609596252441406
2D,лёгкое,270,ACH-000521,Apoptosis initiators,4.126369476318359
2D,лёгкое,283,ACH-000665,Apoptosis initiators,0.17528915405273438
2D,лёгкое,284,ACH-000150,Apoptosis initiators,-2.9685096740722656
2D,лёгкое,285,ACH-002531,Apoptosis initiators,-1.4305286407470703
2D,лёгкое,291,ACH-000414,Apoptosis initiators,1.5809669494628906
2D,лёгкое,295,ACH-000869,Apoptosis initiators,-0.374755859375
2D,лёгкое,296,ACH-002522,Apoptosis initiators,-5.057224273681641
2D,лёгкое,300,ACH-000975,Apoptosis initiators,-0.052387237548828125
2D,лёгкое,301,ACH-000706,Apoptosis initiators,-2.8664283752441406
2D,лёгкое,306,ACH-000337,Apoptosis initiators,1.9006576538085938
2D,лёгкое,307,ACH-003121,Apoptosis initiators,1.3929176330566406
2D,лёгкое,314,ACH-000298,Apoptosis initiators,0.8005599975585938
2D,лёгкое,315,ACH-000251,Apoptosis initiators,-2.2095985412597656
2D,лёгкое,316,ACH-002526,Apoptosis initiators,0.8596611022949219
2D,лёгкое,319,ACH-000826,Apoptosis initiators,-1.259939193725586
2D,лёгкое,324,ACH-000886,Apoptosis initiators,-1.1551685333251953
2D,лёгкое,326,ACH-000888,Apoptosis initiators,-4.929616928100586
2D,лёгкое,327,ACH-000669,Apoptosis initiators,0.6057929992675781
2D,лёгкое,328,ACH-000844,Apoptosis initiators,-0.827423095703125
2D,лёгкое,330,ACH-000030,Apoptosis initiators,-0.16118621826171875
2D,лёгкое,331,ACH-000589,Apoptosis initiators,-2.4003334045410156
2D,лёгкое,333,ACH-000925,Apoptosis initiators,3.223724365234375
2D,лёгкое,336,ACH-000628,Apoptosis initiators,-2.1370620727539062
2D,лёгкое,337,ACH-000510,Apoptosis initiators,0.16656112670898438
2D,лёгкое,341,ACH-000264,Apoptosis initiators,-0.3425178527832031
2D,лёгкое,349,ACH-001591,Apoptosis initiators,1.5070953369140625
2D,лёгкое,354,ACH-002035,Apoptosis initiators,1.8724479675292969
2D,лёгкое,361,ACH-000843,Apoptosis initiators,1.0262222290039062
2D,лёгкое,364,ACH-000840,Apoptosis initiators,-2.3230972290039062
2D,лёгкое,371,ACH-000912,Apoptosis initiators,-2.8409080505371094
2D,лёгкое,372,ACH-000667,Apoptosis initiators,-0.17864608764648438
2D,лёгкое,374,ACH-000015,Apoptosis initiators,2.4285411834716797
2D,лёгкое,375,ACH-000791,Apoptosis initiators,0.2350616455078125
2D,лёгкое,379,ACH-000872,Apoptosis initiators,1.583658218383789
2D,лёгкое,385,ACH-000900,Apoptosis initiators,1.0517425537109375
2D,лёгкое,386,ACH-000029,Apoptosis initiators,0.42580223083496094
2D,лёгкое,387,ACH-000718,Apoptosis initiators,-0.2579002380371094
2D,лёгкое,396,ACH-000781,Apoptosis initiators,0.3586387634277344
2D,лёгкое,397,ACH-000747,Apoptosis initiators,-0.43117332458496094
2D,лёгкое,0,ACH-001113,BRAKES,0.6554908752441406
2D,лёгкое,3,ACH-000327,BRAKES,-6.816838264465332
2D,лёгкое,4,ACH-000769,BRAKES,-10.263538360595703
2D,лёгкое,5,ACH-000528,BRAKES,-1.0557746887207031
2D,лёгкое,9,ACH-000800,BRAKES,-7.750373840332031
2D,лёгкое,17,ACH-000585,BRAKES,-0.8086166381835938
2D,лёгкое,19,ACH-000176,BRAKES,-2.479583740234375
2D,лёгкое,20,ACH-000587,BRAKES,-5.668384552001953
2D,лёгкое,21,ACH-000785,BRAKES,-1.7905120849609375
2D,лёгкое,22,ACH-000627,BRAKES,1.6911125183105469
2D,лёгкое,28,ACH-000392,BRAKES,2.315706253051758
2D,лёгкое,29,ACH-000035,BRAKES,-4.268749237060547
2D,лёгкое,34,ACH-000894,BRAKES,2.2404918670654297
2D,лёгкое,40,ACH-000638,BRAKES,0.8986091613769531
2D,лёгкое,41,ACH-000596,BRAKES,1.0047264099121094
2D,лёгкое,48,ACH-000578,BRAKES,5.187511444091797
2D,лёгкое,49,ACH-000033,BRAKES,-10.47308349609375
2D,лёгкое,52,ACH-000481,BRAKES,-5.3769073486328125
2D,лёгкое,55,ACH-000690,BRAKES,-5.035732269287109
2D,лёгкое,57,ACH-000858,BRAKES,-1.6158905029296875
2D,лёгкое,59,ACH-000787,BRAKES,7.865886688232422
2D,лёгкое,60,ACH-000749,BRAKES,-15.621644973754883
2D,лёгкое,61,ACH-000868,BRAKES,-2.968517303466797
2D,лёгкое,65,ACH-000700,BRAKES,-3.4158077239990234
2D,лёгкое,66,ACH-000672,BRAKES,1.0880050659179688
2D,лёгкое,68,ACH-000186,BRAKES,0.3371429443359375
2D,лёгкое,69,ACH-000677,BRAKES,1.2115821838378906
2D,лёгкое,70,ACH-000021,BRAKES,2.5024185180664062
2D,лёгкое,72,ACH-000980,BRAKES,-9.958627700805664
2D,лёгкое,73,ACH-000845,BRAKES,0.2135753631591797
2D,лёгкое,76,ACH-000012,BRAKES,2.8744888305664062
2D,лёгкое,79,ACH-000698,BRAKES,-5.323177337646484
2D,лёгкое,80,ACH-003120,BRAKES,-0.5359420776367188
2D,лёгкое,83,ACH-000662,BRAKES,3.14044189453125
2D,лёгкое,84,ACH-000867,BRAKES,-4.793949127197266
2D,лёгкое,87,ACH-000261,BRAKES,4.155918121337891
2D,лёгкое,91,ACH-000766,BRAKES,2.5507736206054688
2D,лёгкое,92,ACH-000343,BRAKES,-5.050506591796875
2D,лёгкое,96,ACH-000733,BRAKES,4.853050231933594
2D,лёгкое,98,ACH-000774,BRAKES,5.817485809326172
2D,лёгкое,104,ACH-000921,BRAKES,2.569581985473633
2D,лёгкое,113,ACH-000681,BRAKES,-0.41909027099609375
2D,лёгкое,114,ACH-003012,BRAKES,3.3835697174072266
2D,лёгкое,116,ACH-000482,BRAKES,-4.439340591430664
2D,лёгкое,121,ACH-000779,BRAKES,-0.7723541259765625
2D,лёгкое,122,ACH-000866,BRAKES,-5.226465225219727
2D,лёгкое,126,ACH-000586,BRAKES,-5.5555572509765625
2D,лёгкое,127,ACH-000451,BRAKES,3.8375778198242188
2D,лёгкое,129,ACH-000378,BRAKES,5.304370880126953
2D,лёгкое,131,ACH-000575,BRAKES,3.954437255859375
2D,лёгкое,132,ACH-000379,BRAKES,-4.123682022094727
2D,лёгкое,133,ACH-000454,BRAKES,-5.8819580078125
2D,лёгкое,134,ACH-000712,BRAKES,-2.1894454956054688
2D,лёгкое,135,ACH-000161,BRAKES,4.476947784423828
2D,лёгкое,136,ACH-000395,BRAKES,-4.894687652587891
2D,лёгкое,139,ACH-000511,BRAKES,2.479581832885742
2D,лёгкое,140,ACH-000916,BRAKES,-1.1269607543945312
2D,лёгкое,142,ACH-000837,BRAKES,3.133729934692383
2D,лёгкое,144,ACH-000463,BRAKES,-3.063213348388672
2D,лёгкое,148,ACH-000861,BRAKES,0.7441444396972656
2D,лёгкое,150,ACH-000399,BRAKES,-2.1948204040527344
2D,лёгкое,152,ACH-000066,BRAKES,2.4863014221191406
2D,лёгкое,161,ACH-000563,BRAKES,-1.9503536224365234
2D,лёгкое,163,ACH-000562,BRAKES,4.850364685058594
2D,лёгкое,164,ACH-000314,BRAKES,3.2304420471191406
2D,лёгкое,169,ACH-002650,BRAKES,-3.184772491455078
2D,лёгкое,174,ACH-000757,BRAKES,-4.709331512451172
2D,лёгкое,175,ACH-000893,BRAKES,0.92816162109375
2D,лёгкое,181,ACH-000924,BRAKES,-4.311737060546875
2D,лёгкое,192,ACH-000892,BRAKES,-0.8045921325683594
2D,лёгкое,195,ACH-000447,BRAKES,7.158016204833984
2D,лёгкое,198,ACH-000590,BRAKES,2.0094566345214844
2D,лёгкое,200,ACH-000339,BRAKES,5.046476364135742
2D,лёгкое,202,ACH-000553,BRAKES,5.577045440673828
2D,лёгкое,203,ACH-000789,BRAKES,-8.980764389038086
2D,лёгкое,205,ACH-002170,BRAKES,-0.24044036865234375
2D,лёгкое,209,ACH-000416,BRAKES,-1.027566909790039
2D,лёгкое,211,ACH-000731,BRAKES,3.48834228515625
2D,лёгкое,212,ACH-000670,BRAKES,-5.210353851318359
2D,лёгкое,216,ACH-000442,BRAKES,2.0524368286132812
2D,лёгкое,218,ACH-000841,BRAKES,-5.610626220703125
2D,лёгкое,224,ACH-000860,BRAKES,-6.5696868896484375
2D,лёгкое,227,ACH-000744,BRAKES,-4.699924468994141
2D,лёгкое,229,ACH-000853,BRAKES,2.447345733642578
2D,лёгкое,231,ACH-000929,BRAKES,-1.3230705261230469
2D,лёгкое,233,ACH-000390,BRAKES,-5.640176773071289
2D,лёгкое,234,ACH-002490,BRAKES,-3.3258132934570312
2D,лёгкое,238,ACH-000311,BRAKES,-4.315765380859375
2D,лёгкое,240,ACH-000675,BRAKES,-2.158550262451172
2D,лёгкое,242,ACH-000496,BRAKES,1.4197807312011719
2D,лёгкое,244,ACH-000062,BRAKES,0.4526634216308594
2D,лёгкое,250,ACH-000878,BRAKES,0.19610977172851562
2D,лёгкое,252,ACH-000851,BRAKES,-5.023643493652344
2D,лёгкое,254,ACH-000891,BRAKES,6.000164031982422
2D,лёгкое,255,ACH-003119,BRAKES,-5.957178115844727
2D,лёгкое,256,ACH-000603,BRAKES,-4.712018966674805
2D,лёгкое,262,ACH-000813,BRAKES,0.2579002380371094
2D,лёгкое,266,ACH-000434,BRAKES,1.9772186279296875
2D,лёгкое,270,ACH-000521,BRAKES,1.4708251953125
2D,лёгкое,283,ACH-000665,BRAKES,1.747528076171875
2D,лёгкое,284,ACH-000150,BRAKES,5.043788909912109
2D,лёгкое,285,ACH-002531,BRAKES,3.873851776123047
2D,лёгкое,291,ACH-000414,BRAKES,1.7287254333496094
2D,лёгкое,295,ACH-000869,BRAKES,-4.620674133300781
2D,лёгкое,296,ACH-002522,BRAKES,1.8267784118652344
2D,лёгкое,300,ACH-000975,BRAKES,-5.9356842041015625
2D,лёгкое,301,ACH-000706,BRAKES,2.4782371520996094
2D,лёгкое,306,ACH-000337,BRAKES,-3.7234039306640625
2D,лёгкое,307,ACH-003121,BRAKES,-6.080755233764648
2D,лёгкое,314,ACH-000298,BRAKES,-3.394317626953125
2D,лёгкое,315,ACH-000251,BRAKES,-2.4433155059814453
2D,лёгкое,316,ACH-002526,BRAKES,-4.472919464111328
2D,лёгкое,319,ACH-000826,BRAKES,2.483612060546875
2D,лёгкое,324,ACH-000886,BRAKES,0.5157966613769531
2D,лёгкое,326,ACH-000888,BRAKES,-0.06581687927246094
2D,лёгкое,327,ACH-000669,BRAKES,1.7891731262207031
2D,лёгкое,328,ACH-000844,BRAKES,2.3882484436035156
2D,лёгкое,330,ACH-000030,BRAKES,-1.2612838745117188
2D,лёгкое,331,ACH-000589,BRAKES,-6.369545936584473
2D,лёгкое,333,ACH-000925,BRAKES,-6.44342041015625
2D,лёгкое,336,ACH-000628,BRAKES,5.030353546142578
2D,лёгкое,337,ACH-000510,BRAKES,0.022836685180664062
2D,лёгкое,341,ACH-000264,BRAKES,-5.200944900512695
2D,лёгкое,349,ACH-001591,BRAKES,-3.756988525390625
2D,лёгкое,354,ACH-002035,BRAKES,3.4373016357421875
2D,лёгкое,361,ACH-000843,BRAKES,-4.741567611694336
2D,лёгкое,364,ACH-000840,BRAKES,5.065279006958008
2D,лёгкое,371,ACH-000912,BRAKES,0.42580223083496094
2D,лёгкое,372,ACH-000667,BRAKES,2.5118179321289062
2D,лёгкое,374,ACH-000015,BRAKES,-7.597251892089844
2D,лёгкое,375,ACH-000791,BRAKES,2.8395652770996094
2D,лёгкое,379,ACH-000872,BRAKES,0.3290901184082031
2D,лёгкое,385,ACH-000900,BRAKES,4.026971817016602
2D,лёгкое,386,ACH-000029,BRAKES,0.3129692077636719
2D,лёгкое,387,ACH-000718,BRAKES,3.4426727294921875
2D,лёгкое,396,ACH-000781,BRAKES,0.7495155334472656
2D,лёгкое,397,ACH-000747,BRAKES,1.5514183044433594
2D,лёгкое,0,ACH-001113,ENTRY adaptors,-0.13970184326171875
2D,лёгкое,3,ACH-000327,ENTRY adaptors,-3.2505874633789062
2D,лёгкое,4,ACH-000769,ENTRY adaptors,-11.96002197265625
2D,лёгкое,5,ACH-000528,ENTRY adaptors,-5.601226806640625
2D,лёгкое,9,ACH-000800,ENTRY adaptors,-17.768104553222656
2D,лёгкое,17,ACH-000585,ENTRY adaptors,8.174835205078125
2D,лёгкое,19,ACH-000176,ENTRY adaptors,1.48291015625
2D,лёгкое,20,ACH-000587,ENTRY adaptors,5.5098876953125
2D,лёгкое,21,ACH-000785,ENTRY adaptors,1.9530410766601562
2D,лёгкое,22,ACH-000627,ENTRY adaptors,2.294219970703125
2D,лёгкое,28,ACH-000392,ENTRY adaptors,8.485122680664062
2D,лёгкое,29,ACH-000035,ENTRY adaptors,4.247261047363281
2D,лёгкое,34,ACH-000894,ENTRY adaptors,9.888778686523438
2D,лёгкое,40,ACH-000638,ENTRY adaptors,9.295074462890625
2D,лёгкое,41,ACH-000596,ENTRY adaptors,1.173980712890625
2D,лёгкое,48,ACH-000578,ENTRY adaptors,4.639476776123047
2D,лёгкое,49,ACH-000033,ENTRY adaptors,-1.8966217041015625
2D,лёгкое,52,ACH-000481,ENTRY adaptors,3.9168243408203125
2D,лёгкое,55,ACH-000690,ENTRY adaptors,-0.08327865600585938
2D,лёгкое,57,ACH-000858,ENTRY adaptors,-0.8059310913085938
2D,лёгкое,59,ACH-000787,ENTRY adaptors,-2.7804641723632812
2D,лёгкое,60,ACH-000749,ENTRY adaptors,-8.370941162109375
2D,лёгкое,61,ACH-000868,ENTRY adaptors,1.9288558959960938
2D,лёгкое,65,ACH-000700,ENTRY adaptors,-4.889316558837891
2D,лёгкое,66,ACH-000672,ENTRY adaptors,-5.700626373291016
2D,лёгкое,68,ACH-000186,ENTRY adaptors,8.607349395751953
2D,лёгкое,69,ACH-000677,ENTRY adaptors,-10.726951599121094
2D,лёгкое,70,ACH-000021,ENTRY adaptors,-2.3318328857421875
2D,лёгкое,72,ACH-000980,ENTRY adaptors,-16.07296371459961
2D,лёгкое,73,ACH-000845,ENTRY adaptors,-0.31162261962890625
2D,лёгкое,76,ACH-000012,ENTRY adaptors,6.299701690673828
2D,лёгкое,79,ACH-000698,ENTRY adaptors,-11.93853759765625
2D,лёгкое,80,ACH-003120,ENTRY adaptors,-2.5762939453125
2D,лёгкое,83,ACH-000662,ENTRY adaptors,4.913490295410156
2D,лёгкое,84,ACH-000867,ENTRY adaptors,4.22576904296875
2D,лёгкое,87,ACH-000261,ENTRY adaptors,3.9893646240234375
2D,лёгкое,91,ACH-000766,ENTRY adaptors,-0.265960693359375
2D,лёгкое,92,ACH-000343,ENTRY adaptors,-6.686542510986328
2D,лёгкое,96,ACH-000733,ENTRY adaptors,-1.9557266235351562
2D,лёгкое,98,ACH-000774,ENTRY adaptors,5.0854339599609375
2D,лёгкое,104,ACH-000921,ENTRY adaptors,1.5930633544921875
2D,лёгкое,113,ACH-000681,ENTRY adaptors,2.318389892578125
2D,лёгкое,114,ACH-003012,ENTRY adaptors,1.1686019897460938
2D,лёгкое,116,ACH-000482,ENTRY adaptors,-5.174083709716797
2D,лёгкое,121,ACH-000779,ENTRY adaptors,0.7898101806640625
2D,лёгкое,122,ACH-000866,ENTRY adaptors,-16.556522369384766
2D,лёгкое,126,ACH-000586,ENTRY adaptors,-15.55179214477539
2D,лёгкое,127,ACH-000451,ENTRY adaptors,-6.589836120605469
2D,лёгкое,129,ACH-000378,ENTRY adaptors,6.769828796386719
2D,лёгкое,131,ACH-000575,ENTRY adaptors,1.1309967041015625
2D,лёгкое,132,ACH-000379,ENTRY adaptors,-0.6635513305664062
2D,лёгкое,133,ACH-000454,ENTRY adaptors,-3.0571670532226562
2D,лёгкое,134,ACH-000712,ENTRY adaptors,-15.218673706054688
2D,лёгкое,135,ACH-000161,ENTRY adaptors,1.7649917602539062
2D,лёгкое,136,ACH-000395,ENTRY adaptors,-17.314102172851562
2D,лёгкое,139,ACH-000511,ENTRY adaptors,0.0362701416015625
2D,лёгкое,140,ACH-000916,ENTRY adaptors,5.9316558837890625
2D,лёгкое,142,ACH-000837,ENTRY adaptors,1.3163528442382812
2D,лёгкое,144,ACH-000463,ENTRY adaptors,5.8268890380859375
2D,лёгкое,148,ACH-000861,ENTRY adaptors,1.9906539916992188
2D,лёгкое,150,ACH-000399,ENTRY adaptors,-15.616268157958984
2D,лёгкое,152,ACH-000066,ENTRY adaptors,8.405868530273438
2D,лёгкое,161,ACH-000563,ENTRY adaptors,-2.02288818359375
2D,лёгкое,163,ACH-000562,ENTRY adaptors,7.2050323486328125
2D,лёгкое,164,ACH-000314,ENTRY adaptors,3.86041259765625
2D,лёгкое,169,ACH-002650,ENTRY adaptors,4.0242919921875
2D,лёгкое,174,ACH-000757,ENTRY adaptors,-3.7448959350585938
2D,лёгкое,175,ACH-000893,ENTRY adaptors,1.3002395629882812
2D,лёгкое,181,ACH-000924,ENTRY adaptors,-11.035888671875
2D,лёгкое,192,ACH-000892,ENTRY adaptors,0.02686309814453125
2D,лёгкое,195,ACH-000447,ENTRY adaptors,7.610683441162109
2D,лёгкое,198,ACH-000590,ENTRY adaptors,-4.053840637207031
2D,лёгкое,200,ACH-000339,ENTRY adaptors,-0.5910148620605469
2D,лёгкое,202,ACH-000553,ENTRY adaptors,5.598541259765625
2D,лёгкое,203,ACH-000789,ENTRY adaptors,-10.563079833984375
2D,лёгкое,205,ACH-002170,ENTRY adaptors,-8.4515380859375
2D,лёгкое,209,ACH-000416,ENTRY adaptors,7.280250549316406
2D,лёгкое,211,ACH-000731,ENTRY adaptors,6.533416748046875
2D,лёгкое,212,ACH-000670,ENTRY adaptors,-12.825061798095703
2D,лёгкое,216,ACH-000442,ENTRY adaptors,2.0067672729492188
2D,лёгкое,218,ACH-000841,ENTRY adaptors,3.7878799438476562
2D,лёгкое,224,ACH-000860,ENTRY adaptors,0.6608657836914062
2D,лёгкое,227,ACH-000744,ENTRY adaptors,-5.7516632080078125
2D,лёгкое,229,ACH-000853,ENTRY adaptors,-9.343429565429688
2D,лёгкое,231,ACH-000929,ENTRY adaptors,1.0087509155273438
2D,лёгкое,233,ACH-000390,ENTRY adaptors,1.7327537536621094
2D,лёгкое,234,ACH-002490,ENTRY adaptors,-10.863960266113281
2D,лёгкое,238,ACH-000311,ENTRY adaptors,3.1135826110839844
2D,лёгкое,240,ACH-000675,ENTRY adaptors,-0.9698028564453125
2D,лёгкое,242,ACH-000496,ENTRY adaptors,3.1673126220703125
2D,лёгкое,244,ACH-000062,ENTRY adaptors,-1.1497955322265625
2D,лёгкое,250,ACH-000878,ENTRY adaptors,5.313774108886719
2D,лёгкое,252,ACH-000851,ENTRY adaptors,-3.8147430419921875
2D,лёгкое,254,ACH-000891,ENTRY adaptors,6.382976531982422
2D,лёгкое,255,ACH-003119,ENTRY adaptors,-1.9745254516601562
2D,лёгкое,256,ACH-000603,ENTRY adaptors,-8.349449157714844
2D,лёгкое,262,ACH-000813,ENTRY adaptors,7.288307189941406
2D,лёгкое,266,ACH-000434,ENTRY adaptors,-0.7522048950195312
2D,лёгкое,270,ACH-000521,ENTRY adaptors,5.469581604003906
2D,лёгкое,283,ACH-000665,ENTRY adaptors,6.6650543212890625
2D,лёгкое,284,ACH-000150,ENTRY adaptors,2.7321090698242188
2D,лёгкое,285,ACH-002531,ENTRY adaptors,9.518051147460938
2D,лёгкое,291,ACH-000414,ENTRY adaptors,0.9456253051757812
2D,лёгкое,295,ACH-000869,ENTRY adaptors,-5.179450988769531
2D,лёгкое,296,ACH-002522,ENTRY adaptors,10.939178466796875
2D,лёгкое,300,ACH-000975,ENTRY adaptors,-1.7784194946289062
2D,лёгкое,301,ACH-000706,ENTRY adaptors,0.55340576171875
2D,лёгкое,306,ACH-000337,ENTRY adaptors,-0.35192108154296875
2D,лёгкое,307,ACH-003121,ENTRY adaptors,-11.669891357421875
2D,лёгкое,314,ACH-000298,ENTRY adaptors,-14.673324584960938
2D,лёгкое,315,ACH-000251,ENTRY adaptors,4.8355865478515625
2D,лёгкое,316,ACH-002526,ENTRY adaptors,-12.279708862304688
2D,лёгкое,319,ACH-000826,ENTRY adaptors,4.358741760253906
2D,лёгкое,324,ACH-000886,ENTRY adaptors,1.3163604736328125
2D,лёгкое,326,ACH-000888,ENTRY adaptors,4.408447265625
2D,лёгкое,327,ACH-000669,ENTRY adaptors,-0.06984710693359375
2D,лёгкое,328,ACH-000844,ENTRY adaptors,-12.825065612792969
2D,лёгкое,330,ACH-000030,ENTRY adaptors,3.3123779296875
2D,лёгкое,331,ACH-000589,ENTRY adaptors,5.1794586181640625
2D,лёгкое,333,ACH-000925,ENTRY adaptors,2.7858352661132812
2D,лёгкое,336,ACH-000628,ENTRY adaptors,3.48162841796875
2D,лёгкое,337,ACH-000510,ENTRY adaptors,-13.04803466796875
2D,лёгкое,341,ACH-000264,ENTRY adaptors,-7.105632781982422
2D,лёгкое,349,ACH-001591,ENTRY adaptors,-21.51031494140625
2D,лёгкое,354,ACH-002035,ENTRY adaptors,2.8395614624023438
2D,лёгкое,361,ACH-000843,ENTRY adaptors,1.1309890747070312
2D,лёгкое,364,ACH-000840,ENTRY adaptors,3.1485061645507812
2D,лёгкое,371,ACH-000912,ENTRY adaptors,0.8596611022949219
2D,лёгкое,372,ACH-000667,ENTRY adaptors,-4.1075592041015625
2D,лёгкое,374,ACH-000015,ENTRY adaptors,-12.177619934082031
2D,лёгкое,375,ACH-000791,ENTRY adaptors,6.960563659667969
2D,лёгкое,379,ACH-000872,ENTRY adaptors,-6.609977722167969
2D,лёгкое,385,ACH-000900,ENTRY adaptors,-17.714378356933594
2D,лёгкое,386,ACH-000029,ENTRY adaptors,6.498493194580078
2D,лёгкое,387,ACH-000718,ENTRY adaptors,3.2344741821289062
2D,лёгкое,396,ACH-000781,ENTRY adaptors,-2.603160858154297
2D,лёгкое,397,ACH-000747,ENTRY adaptors,-6.2728271484375
2D,лёгкое,0,ACH-001113,ENTRY receptors,-0.31162452697753906
2D,лёгкое,3,ACH-000327,ENTRY receptors,-2.611217498779297
2D,лёгкое,4,ACH-000769,ENTRY receptors,-6.376264572143555
2D,лёгкое,5,ACH-000528,ENTRY receptors,-16.517568588256836
2D,лёгкое,9,ACH-000800,ENTRY receptors,-30.36616325378418
2D,лёгкое,17,ACH-000585,ENTRY receptors,0.9026451110839844
2D,лёгкое,19,ACH-000176,ENTRY receptors,6.542827606201172
2D,лёгкое,20,ACH-000587,ENTRY receptors,-3.8456363677978516
2D,лёгкое,21,ACH-000785,ENTRY receptors,-11.403932571411133
2D,лёгкое,22,ACH-000627,ENTRY receptors,0.15447044372558594
2D,лёгкое,28,ACH-000392,ENTRY receptors,2.0551300048828125
2D,лёгкое,29,ACH-000035,ENTRY receptors,-9.278961181640625
2D,лёгкое,34,ACH-000894,ENTRY receptors,-3.6911659240722656
2D,лёгкое,40,ACH-000638,ENTRY receptors,4.390983581542969
2D,лёгкое,41,ACH-000596,ENTRY receptors,9.04389762878418
2D,лёгкое,48,ACH-000578,ENTRY receptors,-1.5782852172851562
2D,лёгкое,49,ACH-000033,ENTRY receptors,-11.596012115478516
2D,лёгкое,52,ACH-000481,ENTRY receptors,-0.5641517639160156
2D,лёгкое,55,ACH-000690,ENTRY receptors,-10.612777709960938
2D,лёгкое,57,ACH-000858,ENTRY receptors,11.167526245117188
2D,лёгкое,59,ACH-000787,ENTRY receptors,1.0839767456054688
2D,лёгкое,60,ACH-000749,ENTRY receptors,-10.678592681884766
2D,лёгкое,61,ACH-000868,ENTRY receptors,-0.4090118408203125
2D,лёгкое,65,ACH-000700,ENTRY receptors,0.17596054077148438
2D,лёгкое,66,ACH-000672,ENTRY receptors,6.614009857177734
2D,лёгкое,68,ACH-000186,ENTRY receptors,3.3875999450683594
2D,лёгкое,69,ACH-000677,ENTRY receptors,1.3835105895996094
2D,лёгкое,70,ACH-000021,ENTRY receptors,-10.683963775634766
2D,лёгкое,72,ACH-000980,ENTRY receptors,-14.93525505065918
2D,лёгкое,73,ACH-000845,ENTRY receptors,5.4695892333984375
2D,лёгкое,76,ACH-000012,ENTRY receptors,4.312406539916992
2D,лёгкое,79,ACH-000698,ENTRY receptors,-21.415618896484375
2D,лёгкое,80,ACH-003120,ENTRY receptors,-8.921659469604492
2D,лёгкое,83,ACH-000662,ENTRY receptors,-0.2955055236816406
2D,лёгкое,84,ACH-000867,ENTRY receptors,-5.605258941650391
2D,лёгкое,87,ACH-000261,ENTRY receptors,-2.4701805114746094
2D,лёгкое,91,ACH-000766,ENTRY receptors,7.192939758300781
2D,лёгкое,92,ACH-000343,ENTRY receptors,-14.92182731628418
2D,лёгкое,96,ACH-000733,ENTRY receptors,6.100902557373047
2D,лёгкое,98,ACH-000774,ENTRY receptors,4.146516799926758
2D,лёгкое,104,ACH-000921,ENTRY receptors,3.7610130310058594
2D,лёгкое,113,ACH-000681,ENTRY receptors,10.6624755859375
2D,лёгкое,114,ACH-003012,ENTRY receptors,12.383142471313477
2D,лёгкое,116,ACH-000482,ENTRY receptors,-6.619384765625
2D,лёгкое,121,ACH-000779,ENTRY receptors,-3.9732398986816406
2D,лёгкое,122,ACH-000866,ENTRY receptors,-13.726360321044922
2D,лёгкое,126,ACH-000586,ENTRY receptors,-26.774394989013672
2D,лёгкое,127,ACH-000451,ENTRY receptors,-4.608587265014648
2D,лёгкое,129,ACH-000378,ENTRY receptors,3.5944557189941406
2D,лёгкое,131,ACH-000575,ENTRY receptors,8.098270416259766
2D,лёгкое,132,ACH-000379,ENTRY receptors,-2.9698562622070312
2D,лёгкое,133,ACH-000454,ENTRY receptors,-2.5158519744873047
2D,лёгкое,134,ACH-000712,ENTRY receptors,-12.76058578491211
2D,лёгкое,135,ACH-000161,ENTRY receptors,5.602569580078125
2D,лёгкое,136,ACH-000395,ENTRY receptors,-6.729528427124023
2D,лёгкое,139,ACH-000511,ENTRY receptors,-1.0880088806152344
2D,лёгкое,140,ACH-000916,ENTRY receptors,-1.3082942962646484
2D,лёгкое,142,ACH-000837,ENTRY receptors,-4.403076171875
2D,лёгкое,144,ACH-000463,ENTRY receptors,4.483665466308594
2D,лёгкое,148,ACH-000861,ENTRY receptors,-1.9006538391113281
2D,лёгкое,150,ACH-000399,ENTRY receptors,-33.75242233276367
2D,лёгкое,152,ACH-000066,ENTRY receptors,4.849020004272461
2D,лёгкое,161,ACH-000563,ENTRY receptors,2.264669418334961
2D,лёгкое,163,ACH-000562,ENTRY receptors,7.418598175048828
2D,лёгкое,164,ACH-000314,ENTRY receptors,2.0363235473632812
2D,лёгкое,169,ACH-002650,ENTRY receptors,-13.880828857421875
2D,лёгкое,174,ACH-000757,ENTRY receptors,5.402429580688477
2D,лёгкое,175,ACH-000893,ENTRY receptors,0.7239952087402344
2D,лёгкое,181,ACH-000924,ENTRY receptors,-12.10508918762207
2D,лёгкое,192,ACH-000892,ENTRY receptors,3.891307830810547
2D,лёгкое,195,ACH-000447,ENTRY receptors,10.111751556396484
2D,лёгкое,198,ACH-000590,ENTRY receptors,3.3002853393554688
2D,лёгкое,200,ACH-000339,ENTRY receptors,-1.0450248718261719
2D,лёгкое,202,ACH-000553,ENTRY receptors,4.652912139892578
2D,лёгкое,203,ACH-000789,ENTRY receptors,-24.325702667236328
2D,лёгкое,205,ACH-002170,ENTRY receptors,-20.07844352722168
2D,лёгкое,209,ACH-000416,ENTRY receptors,-8.984796524047852
2D,лёгкое,211,ACH-000731,ENTRY receptors,5.172737121582031
2D,лёгкое,212,ACH-000670,ENTRY receptors,-21.859554290771484
2D,лёгкое,216,ACH-000442,ENTRY receptors,-4.772457122802734
2D,лёгкое,218,ACH-000841,ENTRY receptors,6.753032684326172
2D,лёгкое,224,ACH-000860,ENTRY receptors,1.568878173828125
2D,лёгкое,227,ACH-000744,ENTRY receptors,-12.105096817016602
2D,лёгкое,229,ACH-000853,ENTRY receptors,-16.01520538330078
2D,лёгкое,231,ACH-000929,ENTRY receptors,3.4910316467285156
2D,лёгкое,233,ACH-000390,ENTRY receptors,2.7495689392089844
2D,лёгкое,234,ACH-002490,ENTRY receptors,-22.556682586669922
2D,лёгкое,238,ACH-000311,ENTRY receptors,13.00169563293457
2D,лёгкое,240,ACH-000675,ENTRY receptors,6.431339263916016
2D,лёгкое,242,ACH-000496,ENTRY receptors,5.562273025512695
2D,лёгкое,244,ACH-000062,ENTRY receptors,5.293628692626953
2D,лёгкое,250,ACH-000878,ENTRY receptors,5.243927001953125
2D,лёгкое,252,ACH-000851,ENTRY receptors,1.7596168518066406
2D,лёгкое,254,ACH-000891,ENTRY receptors,-1.3089675903320312
2D,лёгкое,255,ACH-003119,ENTRY receptors,-32.77857971191406
2D,лёгкое,256,ACH-000603,ENTRY receptors,-16.20459747314453
2D,лёгкое,262,ACH-000813,ENTRY receptors,5.443397521972656
2D,лёгкое,266,ACH-000434,ENTRY receptors,-3.086719512939453
2D,лёгкое,270,ACH-000521,ENTRY receptors,0.4211006164550781
2D,лёгкое,283,ACH-000665,ENTRY receptors,5.148557662963867
2D,лёгкое,284,ACH-000150,ENTRY receptors,-0.7736930847167969
2D,лёгкое,285,ACH-002531,ENTRY receptors,15.195844650268555
2D,лёгкое,291,ACH-000414,ENTRY receptors,9.969379425048828
2D,лёгкое,295,ACH-000869,ENTRY receptors,-7.02503776550293
2D,лёгкое,296,ACH-002522,ENTRY receptors,0.8072776794433594
2D,лёгкое,300,ACH-000975,ENTRY receptors,-15.973562240600586
2D,лёгкое,301,ACH-000706,ENTRY receptors,-9.882061004638672
2D,лёгкое,306,ACH-000337,ENTRY receptors,0.3196830749511719
2D,лёгкое,307,ACH-003121,ENTRY receptors,-16.82919692993164
2D,лёгкое,314,ACH-000298,ENTRY receptors,-19.640554428100586
2D,лёгкое,315,ACH-000251,ENTRY receptors,5.182138442993164
2D,лёгкое,316,ACH-002526,ENTRY receptors,-8.237964630126953
2D,лёгкое,319,ACH-000826,ENTRY receptors,-1.2720298767089844
2D,лёгкое,324,ACH-000886,ENTRY receptors,1.7273807525634766
2D,лёгкое,326,ACH-000888,ENTRY receptors,1.5420188903808594
2D,лёгкое,327,ACH-000669,ENTRY receptors,4.102191925048828
2D,лёгкое,328,ACH-000844,ENTRY receptors,-35.18832015991211
2D,лёгкое,330,ACH-000030,ENTRY receptors,-5.509885787963867
2D,лёгкое,331,ACH-000589,ENTRY receptors,-4.533363342285156
2D,лёгкое,333,ACH-000925,ENTRY receptors,14.757953643798828
2D,лёгкое,336,ACH-000628,ENTRY receptors,3.8469810485839844
2D,лёгкое,337,ACH-000510,ENTRY receptors,-0.21088409423828125
2D,лёгкое,341,ACH-000264,ENTRY receptors,0.650115966796875
2D,лёгкое,349,ACH-001591,ENTRY receptors,-40.12599182128906
2D,лёгкое,354,ACH-002035,ENTRY receptors,5.008869171142578
2D,лёгкое,361,ACH-000843,ENTRY receptors,1.2276992797851562
2D,лёгкое,364,ACH-000840,ENTRY receptors,-3.265369415283203
2D,лёгкое,371,ACH-000912,ENTRY receptors,0.5856399536132812
2D,лёгкое,372,ACH-000667,ENTRY receptors,4.389640808105469
2D,лёгкое,374,ACH-000015,ENTRY receptors,-12.187032699584961
2D,лёгкое,375,ACH-000791,ENTRY receptors,5.715400695800781
2D,лёгкое,379,ACH-000872,ENTRY receptors,-4.177412033081055
2D,лёгкое,385,ACH-000900,ENTRY receptors,6.033740997314453
2D,лёгкое,386,ACH-000029,ENTRY receptors,3.016876220703125
2D,лёгкое,387,ACH-000718,ENTRY receptors,11.711528778076172
2D,лёгкое,396,ACH-000781,ENTRY receptors,2.808673858642578
2D,лёгкое,397,ACH-000747,ENTRY receptors,-5.688531875610352
2D,лёгкое,0,ACH-001113,Inhibitory signals,-1.8509559631347656
2D,лёгкое,3,ACH-000327,Inhibitory signals,7.2171173095703125
2D,лёгкое,4,ACH-000769,Inhibitory signals,-14.209917068481445
2D,лёгкое,5,ACH-000528,Inhibitory signals,-4.163980484008789
2D,лёгкое,9,ACH-000800,Inhibitory signals,-17.042768478393555
2D,лёгкое,17,ACH-000585,Inhibitory signals,6.064640045166016
2D,лёгкое,19,ACH-000176,Inhibitory signals,1.7233505249023438
2D,лёгкое,20,ACH-000587,Inhibitory signals,2.523906707763672
2D,лёгкое,21,ACH-000785,Inhibitory signals,1.5460453033447266
2D,лёгкое,22,ACH-000627,Inhibitory signals,5.123035430908203
2D,лёгкое,28,ACH-000392,Inhibitory signals,4.482326507568359
2D,лёгкое,29,ACH-000035,Inhibitory signals,2.259296417236328
2D,лёгкое,34,ACH-000894,Inhibitory signals,11.887493133544922
2D,лёгкое,40,ACH-000638,Inhibitory signals,6.244626998901367
2D,лёгкое,41,ACH-000596,Inhibitory signals,6.953848838806152
2D,лёгкое,48,ACH-000578,Inhibitory signals,4.6515655517578125
2D,лёгкое,49,ACH-000033,Inhibitory signals,-10.572480201721191
2D,лёгкое,52,ACH-000481,Inhibitory signals,-8.18960952758789
2D,лёгкое,55,ACH-000690,Inhibitory signals,-2.490330696105957
2D,лёгкое,57,ACH-000858,Inhibitory signals,4.776487350463867
2D,лёгкое,59,ACH-000787,Inhibitory signals,7.248012542724609
2D,лёгкое,60,ACH-000749,Inhibitory signals,-13.394585609436035
2D,лёгкое,61,ACH-000868,Inhibitory signals,1.2747154235839844
2D,лёгкое,65,ACH-000700,Inhibitory signals,-0.752202033996582
2D,лёгкое,66,ACH-000672,Inhibitory signals,-0.9845790863037109
2D,лёгкое,68,ACH-000186,Inhibitory signals,10.235332489013672
2D,лёгкое,69,ACH-000677,Inhibitory signals,-4.619333267211914
2D,лёгкое,70,ACH-000021,Inhibitory signals,-1.4547119140625
2D,лёгкое,72,ACH-000980,Inhibitory signals,-12.129271507263184
2D,лёгкое,73,ACH-000845,Inhibitory signals,2.3291358947753906
2D,лёгкое,76,ACH-000012,Inhibitory signals,3.217008590698242
2D,лёгкое,79,ACH-000698,Inhibitory signals,-4.855737686157227
2D,лёгкое,80,ACH-003120,Inhibitory signals,2.1343765258789062
2D,лёгкое,83,ACH-000662,Inhibitory signals,15.434934616088867
2D,лёгкое,84,ACH-000867,Inhibitory signals,-1.2921772003173828
2D,лёгкое,87,ACH-000261,Inhibitory signals,0.049694061279296875
2D,лёгкое,91,ACH-000766,Inhibitory signals,6.090156555175781
2D,лёгкое,92,ACH-000343,Inhibitory signals,-14.802278518676758
2D,лёгкое,96,ACH-000733,Inhibitory signals,-0.823394775390625
2D,лёгкое,98,ACH-000774,Inhibitory signals,21.773588180541992
2D,лёгкое,104,ACH-000921,Inhibitory signals,3.1323890686035156
2D,лёгкое,113,ACH-000681,Inhibitory signals,-2.910757064819336
2D,лёгкое,114,ACH-003012,Inhibitory signals,-8.192296028137207
2D,лёгкое,116,ACH-000482,Inhibitory signals,20.70841407775879
2D,лёгкое,121,ACH-000779,Inhibitory signals,-1.5420169830322266
2D,лёгкое,122,ACH-000866,Inhibitory signals,-5.865839004516602
2D,лёгкое,126,ACH-000586,Inhibitory signals,-9.684614181518555
2D,лёгкое,127,ACH-000451,Inhibitory signals,9.198368072509766
2D,лёгкое,129,ACH-000378,Inhibitory signals,1.9651298522949219
2D,лёгкое,131,ACH-000575,Inhibitory signals,1.770364761352539
2D,лёгкое,132,ACH-000379,Inhibitory signals,4.93632698059082
2D,лёгкое,133,ACH-000454,Inhibitory signals,-1.29217529296875
2D,лёгкое,134,ACH-000712,Inhibitory signals,-5.696596145629883
2D,лёгкое,135,ACH-000161,Inhibitory signals,8.713462829589844
2D,лёгкое,136,ACH-000395,Inhibitory signals,-8.693313598632812
2D,лёгкое,139,ACH-000511,Inhibitory signals,3.7019119262695312
2D,лёгкое,140,ACH-000916,Inhibitory signals,-5.067974090576172
2D,лёгкое,142,ACH-000837,Inhibitory signals,3.184772491455078
2D,лёгкое,144,ACH-000463,Inhibitory signals,-4.765741348266602
2D,лёгкое,148,ACH-000861,Inhibitory signals,4.27277946472168
2D,лёгкое,150,ACH-000399,Inhibitory signals,-3.3969993591308594
2D,лёгкое,152,ACH-000066,Inhibitory signals,21.171823501586914
2D,лёгкое,161,ACH-000563,Inhibitory signals,5.810766220092773
2D,лёгкое,163,ACH-000562,Inhibitory signals,15.060175895690918
2D,лёгкое,164,ACH-000314,Inhibitory signals,-3.529977798461914
2D,лёгкое,169,ACH-002650,Inhibitory signals,-3.312380790710449
2D,лёгкое,174,ACH-000757,Inhibitory signals,-6.971308708190918
2D,лёгкое,175,ACH-000893,Inhibitory signals,-2.214967727661133
2D,лёгкое,181,ACH-000924,Inhibitory signals,-10.808887481689453
2D,лёгкое,192,ACH-000892,Inhibitory signals,0.2323760986328125
2D,лёгкое,195,ACH-000447,Inhibitory signals,14.011123657226562
2D,лёгкое,198,ACH-000590,Inhibitory signals,-0.7548866271972656
2D,лёгкое,200,ACH-000339,Inhibitory signals,-1.1081600189208984
2D,лёгкое,202,ACH-000553,Inhibitory signals,11.510047912597656
2D,лёгкое,203,ACH-000789,Inhibitory signals,-9.395818710327148
2D,лёгкое,205,ACH-002170,Inhibitory signals,-2.241832733154297
2D,лёгкое,209,ACH-000416,Inhibitory signals,-3.673707962036133
2D,лёгкое,211,ACH-000731,Inhibitory signals,3.5554981231689453
2D,лёгкое,212,ACH-000670,Inhibitory signals,-9.82430648803711
2D,лёгкое,216,ACH-000442,Inhibitory signals,11.042604446411133
2D,лёгкое,218,ACH-000841,Inhibitory signals,2.5991268157958984
2D,лёгкое,224,ACH-000860,Inhibitory signals,1.9557304382324219
2D,лёгкое,227,ACH-000744,Inhibitory signals,-5.090801239013672
2D,лёгкое,229,ACH-000853,Inhibitory signals,-10.18429183959961
2D,лёгкое,231,ACH-000929,Inhibitory signals,6.599239349365234
2D,лёгкое,233,ACH-000390,Inhibitory signals,2.1854209899902344
2D,лёгкое,234,ACH-002490,Inhibitory signals,-0.6756401062011719
2D,лёгкое,238,ACH-000311,Inhibitory signals,-0.8556289672851562
2D,лёгкое,240,ACH-000675,Inhibitory signals,10.615461349487305
2D,лёгкое,242,ACH-000496,Inhibitory signals,-0.4714698791503906
2D,лёгкое,244,ACH-000062,Inhibitory signals,0.7844409942626953
2D,лёгкое,250,ACH-000878,Inhibitory signals,-2.7119617462158203
2D,лёгкое,252,ACH-000851,Inhibitory signals,0.3599853515625
2D,лёгкое,254,ACH-000891,Inhibitory signals,-0.7508583068847656
2D,лёгкое,255,ACH-003119,Inhibitory signals,-4.115625381469727
2D,лёгкое,256,ACH-000603,Inhibitory signals,-4.413819313049316
2D,лёгкое,262,ACH-000813,Inhibitory signals,10.549640655517578
2D,лёгкое,266,ACH-000434,Inhibitory signals,1.5890283584594727
2D,лёгкое,270,ACH-000521,Inhibitory signals,-3.6535587310791016
2D,лёгкое,283,ACH-000665,Inhibitory signals,3.0598526000976562
2D,лёгкое,284,ACH-000150,Inhibitory signals,17.48200225830078
2D,лёгкое,285,ACH-002531,Inhibitory signals,14.254243850708008
2D,лёгкое,291,ACH-000414,Inhibitory signals,-11.030517578125
2D,лёгкое,295,ACH-000869,Inhibitory signals,-2.8328495025634766
2D,лёгкое,296,ACH-002522,Inhibitory signals,6.845050811767578
2D,лёгкое,300,ACH-000975,Inhibitory signals,0.996673583984375
2D,лёгкое,301,ACH-000706,Inhibitory signals,-8.490490913391113
2D,лёгкое,306,ACH-000337,Inhibitory signals,-2.3654098510742188
2D,лёгкое,307,ACH-003121,Inhibitory signals,-10.005638122558594
2D,лёгкое,314,ACH-000298,Inhibitory signals,-11.4039306640625
2D,лёгкое,315,ACH-000251,Inhibitory signals,3.8886184692382812
2D,лёгкое,316,ACH-002526,Inhibitory signals,-6.223135948181152
2D,лёгкое,319,ACH-000826,Inhibitory signals,11.571836471557617
2D,лёгкое,324,ACH-000886,Inhibitory signals,6.243284225463867
2D,лёгкое,326,ACH-000888,Inhibitory signals,-3.0961227416992188
2D,лёгкое,327,ACH-000669,Inhibitory signals,9.148667335510254
2D,лёгкое,328,ACH-000844,Inhibitory signals,-4.432628631591797
2D,лёгкое,330,ACH-000030,Inhibitory signals,1.8361797332763672
2D,лёгкое,331,ACH-000589,Inhibitory signals,-2.889263153076172
2D,лёгкое,333,ACH-000925,Inhibitory signals,2.0013980865478516
2D,лёгкое,336,ACH-000628,Inhibitory signals,10.246076583862305
2D,лёгкое,337,ACH-000510,Inhibitory signals,-6.170749664306641
2D,лёгкое,341,ACH-000264,Inhibitory signals,-4.540081024169922
2D,лёгкое,349,ACH-001591,Inhibitory signals,-12.634322166442871
2D,лёгкое,354,ACH-002035,Inhibitory signals,-6.745648384094238
2D,лёгкое,361,ACH-000843,Inhibitory signals,-6.374922752380371
2D,лёгкое,364,ACH-000840,Inhibitory signals,0.4244556427001953
2D,лёгкое,371,ACH-000912,Inhibitory signals,1.489633560180664
2D,лёгкое,372,ACH-000667,Inhibitory signals,3.7757911682128906
2D,лёгкое,374,ACH-000015,Inhibitory signals,-19.165054321289062
2D,лёгкое,375,ACH-000791,Inhibitory signals,8.956584930419922
2D,лёгкое,379,ACH-000872,Inhibitory signals,-10.21652603149414
2D,лёгкое,385,ACH-000900,Inhibitory signals,-5.8497209548950195
2D,лёгкое,386,ACH-000029,Inhibitory signals,2.157207489013672
2D,лёгкое,387,ACH-000718,Inhibitory signals,9.945196151733398
2D,лёгкое,396,ACH-000781,Inhibitory signals,-4.104879379272461
2D,лёгкое,397,ACH-000747,Inhibitory signals,-4.425909042358398
2D,лёгкое,0,ACH-001113,MHC-I presentation,-1.2250137329101562
2D,лёгкое,3,ACH-000327,MHC-I presentation,10.38980484008789
2D,лёгкое,4,ACH-000769,MHC-I presentation,-25.83548355102539
2D,лёгкое,5,ACH-000528,MHC-I presentation,-6.94847297668457
2D,лёгкое,9,ACH-000800,MHC-I presentation,-42.71168518066406
2D,лёгкое,17,ACH-000585,MHC-I presentation,5.485706329345703
2D,лёгкое,19,ACH-000176,MHC-I presentation,0.752197265625
2D,лёгкое,20,ACH-000587,MHC-I presentation,3.821460723876953
2D,лёгкое,21,ACH-000785,MHC-I presentation,-0.34789276123046875
2D,лёгкое,22,ACH-000627,MHC-I presentation,10.304512023925781
2D,лёгкое,28,ACH-000392,MHC-I presentation,4.7402191162109375
2D,лёгкое,29,ACH-000035,MHC-I presentation,4.442028045654297
2D,лёгкое,34,ACH-000894,MHC-I presentation,7.54351806640625
2D,лёгкое,40,ACH-000638,MHC-I presentation,0.7683258056640625
2D,лёгкое,41,ACH-000596,MHC-I presentation,0.6648902893066406
2D,лёгкое,48,ACH-000578,MHC-I presentation,3.626689910888672
2D,лёгкое,49,ACH-000033,MHC-I presentation,-7.333980560302734
2D,лёгкое,52,ACH-000481,MHC-I presentation,-6.6737823486328125
2D,лёгкое,55,ACH-000690,MHC-I presentation,-8.387062072753906
2D,лёгкое,57,ACH-000858,MHC-I presentation,0.6165390014648438
2D,лёгкое,59,ACH-000787,MHC-I presentation,7.18353271484375
2D,лёгкое,60,ACH-000749,MHC-I presentation,-4.9108123779296875
2D,лёгкое,61,ACH-000868,MHC-I presentation,-17.66400909423828
2D,лёгкое,65,ACH-000700,MHC-I presentation,0.5104217529296875
2D,лёгкое,66,ACH-000672,MHC-I presentation,-9.886091232299805
2D,лёгкое,68,ACH-000186,MHC-I presentation,2.861053466796875
2D,лёгкое,69,ACH-000677,MHC-I presentation,7.696647644042969
2D,лёгкое,70,ACH-000021,MHC-I presentation,1.3969459533691406
2D,лёгкое,72,ACH-000980,MHC-I presentation,6.247314453125
2D,лёгкое,73,ACH-000845,MHC-I presentation,-0.22297286987304688
2D,лёгкое,76,ACH-000012,MHC-I presentation,-0.8019027709960938
2D,лёгкое,79,ACH-000698,MHC-I presentation,3.1041793823242188
2D,лёгкое,80,ACH-003120,MHC-I presentation,-30.509885787963867
2D,лёгкое,83,ACH-000662,MHC-I presentation,4.352031707763672
2D,лёгкое,84,ACH-000867,MHC-I presentation,-15.249568939208984
2D,лёгкое,87,ACH-000261,MHC-I presentation,0.6487751007080078
2D,лёгкое,91,ACH-000766,MHC-I presentation,5.346012115478516
2D,лёгкое,92,ACH-000343,MHC-I presentation,-15.61962890625
2D,лёгкое,96,ACH-000733,MHC-I presentation,0.4781837463378906
2D,лёгкое,98,ACH-000774,MHC-I presentation,6.309101104736328
2D,лёгкое,104,ACH-000921,MHC-I presentation,0.7911567687988281
2D,лёгкое,113,ACH-000681,MHC-I presentation,-12.865354537963867
2D,лёгкое,114,ACH-003012,MHC-I presentation,-11.206478118896484
2D,лёгкое,116,ACH-000482,MHC-I presentation,0.7898178100585938
2D,лёгкое,121,ACH-000779,MHC-I presentation,-4.853054046630859
2D,лёгкое,122,ACH-000866,MHC-I presentation,-1.4197826385498047
2D,лёгкое,126,ACH-000586,MHC-I presentation,-2.2874984741210938
2D,лёгкое,127,ACH-000451,MHC-I presentation,2.729419708251953
2D,лёгкое,129,ACH-000378,MHC-I presentation,-1.5379829406738281
2D,лёгкое,131,ACH-000575,MHC-I presentation,-10.131904602050781
2D,лёгкое,132,ACH-000379,MHC-I presentation,1.5836524963378906
2D,лёгкое,133,ACH-000454,MHC-I presentation,0.42580413818359375
2D,лёгкое,134,ACH-000712,MHC-I presentation,-1.3190422058105469
2D,лёгкое,135,ACH-000161,MHC-I presentation,5.179454803466797
2D,лёгкое,136,ACH-000395,MHC-I presentation,-6.378944396972656
2D,лёгкое,139,ACH-000511,MHC-I presentation,0.6716117858886719
2D,лёгкое,140,ACH-000916,MHC-I presentation,-1.2666549682617188
2D,лёгкое,142,ACH-000837,MHC-I presentation,-18.7419376373291
2D,лёгкое,144,ACH-000463,MHC-I presentation,0.47415924072265625
2D,лёгкое,148,ACH-000861,MHC-I presentation,2.4621238708496094
2D,лёгкое,150,ACH-000399,MHC-I presentation,5.7395782470703125
2D,лёгкое,152,ACH-000066,MHC-I presentation,2.3170547485351562
2D,лёгкое,161,ACH-000563,MHC-I presentation,0.6662368774414062
2D,лёгкое,163,ACH-000562,MHC-I presentation,9.11508560180664
2D,лёгкое,164,ACH-000314,MHC-I presentation,0.2176036834716797
2D,лёгкое,169,ACH-002650,MHC-I presentation,-27.043033599853516
2D,лёгкое,174,ACH-000757,MHC-I presentation,0.5157966613769531
2D,лёгкое,175,ACH-000893,MHC-I presentation,5.315120697021484
2D,лёгкое,181,ACH-000924,MHC-I presentation,-4.863796234130859
2D,лёгкое,192,ACH-000892,MHC-I presentation,6.9739990234375
2D,лёгкое,195,ACH-000447,MHC-I presentation,7.256072998046875
2D,лёгкое,198,ACH-000590,MHC-I presentation,-8.072750091552734
2D,лёгкое,200,ACH-000339,MHC-I presentation,-4.650226593017578
2D,лёгкое,202,ACH-000553,MHC-I presentation,6.779228210449219
2D,лёгкое,203,ACH-000789,MHC-I presentation,-24.417041778564453
2D,лёгкое,205,ACH-002170,MHC-I presentation,11.907642364501953
2D,лёгкое,209,ACH-000416,MHC-I presentation,-18.038095474243164
2D,лёгкое,211,ACH-000731,MHC-I presentation,5.900764465332031
2D,лёгкое,212,ACH-000670,MHC-I presentation,-16.228778839111328
2D,лёгкое,216,ACH-000442,MHC-I presentation,7.91827392578125
2D,лёгкое,218,ACH-000841,MHC-I presentation,3.5743064880371094
2D,лёгкое,224,ACH-000860,MHC-I presentation,-1.3512802124023438
2D,лёгкое,227,ACH-000744,MHC-I presentation,-7.229206085205078
2D,лёгкое,229,ACH-000853,MHC-I presentation,-3.822803497314453
2D,лёгкое,231,ACH-000929,MHC-I presentation,-5.640178680419922
2D,лёгкое,233,ACH-000390,MHC-I presentation,-0.7414588928222656
2D,лёгкое,234,ACH-002490,MHC-I presentation,6.674461364746094
2D,лёгкое,238,ACH-000311,MHC-I presentation,-3.3889427185058594
2D,лёгкое,240,ACH-000675,MHC-I presentation,0.6984786987304688
2D,лёгкое,242,ACH-000496,MHC-I presentation,2.196165084838867
2D,лёгкое,244,ACH-000062,MHC-I presentation,1.0477104187011719
2D,лёгкое,250,ACH-000878,MHC-I presentation,-3.701915740966797
2D,лёгкое,252,ACH-000851,MHC-I presentation,0.18267822265625
2D,лёгкое,254,ACH-000891,MHC-I presentation,4.9148406982421875
2D,лёгкое,255,ACH-003119,MHC-I presentation,-16.455781936645508
2D,лёгкое,256,ACH-000603,MHC-I presentation,2.546741485595703
2D,лёгкое,262,ACH-000813,MHC-I presentation,8.669137954711914
2D,лёгкое,266,ACH-000434,MHC-I presentation,-23.63394546508789
2D,лёгкое,270,ACH-000521,MHC-I presentation,6.189556121826172
2D,лёгкое,283,ACH-000665,MHC-I presentation,1.2720298767089844
2D,лёгкое,284,ACH-000150,MHC-I presentation,9.535514831542969
2D,лёгкое,285,ACH-002531,MHC-I presentation,-2.5870399475097656
2D,лёгкое,291,ACH-000414,MHC-I presentation,-3.555500030517578
2D,лёгкое,295,ACH-000869,MHC-I presentation,-1.7663307189941406
2D,лёгкое,296,ACH-002522,MHC-I presentation,9.238662719726562
2D,лёгкое,300,ACH-000975,MHC-I presentation,1.3056068420410156
2D,лёгкое,301,ACH-000706,MHC-I presentation,-9.60401725769043
2D,лёгкое,306,ACH-000337,MHC-I presentation,-14.85600471496582
2D,лёгкое,307,ACH-003121,MHC-I presentation,2.4392852783203125
2D,лёгкое,314,ACH-000298,MHC-I presentation,-14.960777282714844
2D,лёгкое,315,ACH-000251,MHC-I presentation,4.656944274902344
2D,лёгкое,316,ACH-002526,MHC-I presentation,0.5883293151855469
2D,лёгкое,319,ACH-000826,MHC-I presentation,-1.3942642211914062
2D,лёгкое,324,ACH-000886,MHC-I presentation,3.5998306274414062
2D,лёгкое,326,ACH-000888,MHC-I presentation,-1.750213623046875
2D,лёгкое,327,ACH-000669,MHC-I presentation,1.5205230712890625
2D,лёгкое,328,ACH-000844,MHC-I presentation,-5.841655731201172
2D,лёгкое,330,ACH-000030,MHC-I presentation,-0.25118255615234375
2D,лёгкое,331,ACH-000589,MHC-I presentation,-2.6689720153808594
2D,лёгкое,333,ACH-000925,MHC-I presentation,1.2088966369628906
2D,лёгкое,336,ACH-000628,MHC-I presentation,11.573177337646484
2D,лёгкое,337,ACH-000510,MHC-I presentation,-2.4312286376953125
2D,лёгкое,341,ACH-000264,MHC-I presentation,-7.226524353027344
2D,лёгкое,349,ACH-001591,MHC-I presentation,-24.47077178955078
2D,лёгкое,354,ACH-002035,MHC-I presentation,0.2538642883300781
2D,лёгкое,361,ACH-000843,MHC-I presentation,-5.209005355834961
2D,лёгкое,364,ACH-000840,MHC-I presentation,7.997528076171875
2D,лёгкое,371,ACH-000912,MHC-I presentation,-6.413871765136719
2D,лёгкое,372,ACH-000667,MHC-I presentation,6.052543640136719
2D,лёгкое,374,ACH-000015,MHC-I presentation,-17.48603057861328
2D,лёгкое,375,ACH-000791,MHC-I presentation,6.322532653808594
2D,лёгкое,379,ACH-000872,MHC-I presentation,-10.408605575561523
2D,лёгкое,385,ACH-000900,MHC-I presentation,-0.6098213195800781
2D,лёгкое,386,ACH-000029,MHC-I presentation,0.4271430969238281
2D,лёгкое,387,ACH-000718,MHC-I presentation,2.0094528198242188
2D,лёгкое,396,ACH-000781,MHC-I presentation,0.14371871948242188
2D,лёгкое,397,ACH-000747,MHC-I presentation,5.253334045410156
2D,лёгкое,0,ACH-001113,NK activating ligands,-6.248656272888184
2D,лёгкое,3,ACH-000327,NK activating ligands,-4.861112594604492
2D,лёгкое,4,ACH-000769,NK activating ligands,-14.980924606323242
2D,лёгкое,5,ACH-000528,NK activating ligands,-2.663606643676758
2D,лёгкое,9,ACH-000800,NK activating ligands,-14.900334358215332
2D,лёгкое,17,ACH-000585,NK activating ligands,1.074575424194336
2D,лёгкое,19,ACH-000176,NK activating ligands,0.9617462158203125
2D,лёгкое,20,ACH-000587,NK activating ligands,1.910055160522461
2D,лёгкое,21,ACH-000785,NK activating ligands,-5.456155776977539
2D,лёгкое,22,ACH-000627,NK activating ligands,10.00161361694336
2D,лёгкое,28,ACH-000392,NK activating ligands,4.015556335449219
2D,лёгкое,29,ACH-000035,NK activating ligands,8.17751693725586
2D,лёгкое,34,ACH-000894,NK activating ligands,-2.5400238037109375
2D,лёгкое,40,ACH-000638,NK activating ligands,-2.139751434326172
2D,лёгкое,41,ACH-000596,NK activating ligands,2.331829071044922
2D,лёгкое,48,ACH-000578,NK activating ligands,4.334568023681641
2D,лёгкое,49,ACH-000033,NK activating ligands,2.9188175201416016
2D,лёгкое,52,ACH-000481,NK activating ligands,-2.984628677368164
2D,лёгкое,55,ACH-000690,NK activating ligands,-1.4708251953125
2D,лёгкое,57,ACH-000858,NK activating ligands,8.726898193359375
2D,лёгкое,59,ACH-000787,NK activating ligands,0.5332584381103516
2D,лёгкое,60,ACH-000749,NK activating ligands,-7.655006408691406
2D,лёгкое,61,ACH-000868,NK activating ligands,1.3848609924316406
2D,лёгкое,65,ACH-000700,NK activating ligands,9.253440856933594
2D,лёгкое,66,ACH-000672,NK activating ligands,5.1915435791015625
2D,лёгкое,68,ACH-000186,NK activating ligands,9.115089416503906
2D,лёгкое,69,ACH-000677,NK activating ligands,0.1504364013671875
2D,лёгкое,70,ACH-000021,NK activating ligands,-3.5958003997802734
2D,лёгкое,72,ACH-000980,NK activating ligands,-5.513912200927734
2D,лёгкое,73,ACH-000845,NK activating ligands,-0.9039878845214844
2D,лёгкое,76,ACH-000012,NK activating ligands,-2.1867599487304688
2D,лёгкое,79,ACH-000698,NK activating ligands,2.057811737060547
2D,лёгкое,80,ACH-003120,NK activating ligands,-2.0510950088500977
2D,лёгкое,83,ACH-000662,NK activating ligands,2.7133007049560547
2D,лёгкое,84,ACH-000867,NK activating ligands,-1.9503555297851562
2D,лёгкое,87,ACH-000261,NK activating ligands,5.826883316040039
2D,лёгкое,91,ACH-000766,NK activating ligands,-3.6656455993652344
2D,лёгкое,92,ACH-000343,NK activating ligands,-5.620029449462891
2D,лёгкое,96,ACH-000733,NK activating ligands,4.396356582641602
2D,лёгкое,98,ACH-000774,NK activating ligands,-1.4829120635986328
2D,лёгкое,104,ACH-000921,NK activating ligands,4.487697601318359
2D,лёгкое,113,ACH-000681,NK activating ligands,0.31027984619140625
2D,лёгкое,114,ACH-003012,NK activating ligands,0.36669921875
2D,лёгкое,116,ACH-000482,NK activating ligands,-2.0000534057617188
2D,лёгкое,121,ACH-000779,NK activating ligands,-2.0470657348632812
2D,лёгкое,122,ACH-000866,NK activating ligands,-11.67123031616211
2D,лёгкое,126,ACH-000586,NK activating ligands,-7.414571762084961
2D,лёгкое,127,ACH-000451,NK activating ligands,0.7629489898681641
2D,лёгкое,129,ACH-000378,NK activating ligands,3.9208602905273438
2D,лёгкое,131,ACH-000575,NK activating ligands,0.46610069274902344
2D,лёгкое,132,ACH-000379,NK activating ligands,0.34923553466796875
2D,лёгкое,133,ACH-000454,NK activating ligands,3.4775943756103516
2D,лёгкое,134,ACH-000712,NK activating ligands,4.260688781738281
2D,лёгкое,135,ACH-000161,NK activating ligands,6.8531036376953125
2D,лёгкое,136,ACH-000395,NK activating ligands,-16.698902130126953
2D,лёгкое,139,ACH-000511,NK activating ligands,2.5951004028320312
2D,лёгкое,140,ACH-000916,NK activating ligands,-5.74091911315918
2D,лёгкое,142,ACH-000837,NK activating ligands,-6.393728256225586
2D,лёгкое,144,ACH-000463,NK activating ligands,-1.4278450012207031
2D,лёгкое,148,ACH-000861,NK activating ligands,10.495914459228516
2D,лёгкое,150,ACH-000399,NK activating ligands,-4.346660614013672
2D,лёгкое,152,ACH-000066,NK activating ligands,1.8885669708251953
2D,лёгкое,161,ACH-000563,NK activating ligands,6.722816467285156
2D,лёгкое,163,ACH-000562,NK activating ligands,-1.2223339080810547
2D,лёгкое,164,ACH-000314,NK activating ligands,-0.2901344299316406
2D,лёгкое,169,ACH-002650,NK activating ligands,-4.634106636047363
2D,лёгкое,174,ACH-000757,NK activating ligands,-3.3593883514404297
2D,лёгкое,175,ACH-000893,NK activating ligands,-2.5709228515625
2D,лёгкое,181,ACH-000924,NK activating ligands,-3.892648696899414
2D,лёгкое,192,ACH-000892,NK activating ligands,1.0571155548095703
2D,лёгкое,195,ACH-000447,NK activating ligands,4.889320373535156
2D,лёгкое,198,ACH-000590,NK activating ligands,11.125885009765625
2D,лёгкое,200,ACH-000339,NK activating ligands,1.535299301147461
2D,лёгкое,202,ACH-000553,NK activating ligands,-0.04030036926269531
2D,лёгкое,203,ACH-000789,NK activating ligands,-15.84058666229248
2D,лёгкое,205,ACH-002170,NK activating ligands,-8.54287338256836
2D,лёгкое,209,ACH-000416,NK activating ligands,-5.29765510559082
2D,лёгкое,211,ACH-000731,NK activating ligands,12.427465438842773
2D,лёгкое,212,ACH-000670,NK activating ligands,-8.935094833374023
2D,лёгкое,216,ACH-000442,NK activating ligands,7.090856552124023
2D,лёгкое,218,ACH-000841,NK activating ligands,6.788631439208984
2D,лёгкое,224,ACH-000860,NK activating ligands,1.4211273193359375
2D,лёгкое,227,ACH-000744,NK activating ligands,-8.853157997131348
2D,лёгкое,229,ACH-000853,NK activating ligands,5.69927978515625
2D,лёгкое,231,ACH-000929,NK activating ligands,-0.6219062805175781
2D,лёгкое,233,ACH-000390,NK activating ligands,-4.396354675292969
2D,лёгкое,234,ACH-002490,NK activating ligands,0.10477066040039062
2D,лёгкое,238,ACH-000311,NK activating ligands,0.9577140808105469
2D,лёгкое,240,ACH-000675,NK activating ligands,15.672683715820312
2D,лёгкое,242,ACH-000496,NK activating ligands,3.4574527740478516
2D,лёгкое,244,ACH-000062,NK activating ligands,2.765687942504883
2D,лёгкое,250,ACH-000878,NK activating ligands,8.391090393066406
2D,лёгкое,252,ACH-000851,NK activating ligands,-2.7146472930908203
2D,лёгкое,254,ACH-000891,NK activating ligands,5.031702041625977
2D,лёгкое,255,ACH-003119,NK activating ligands,-3.85638427734375
2D,лёгкое,256,ACH-000603,NK activating ligands,-7.248010635375977
2D,лёгкое,262,ACH-000813,NK activating ligands,0.18401718139648438
2D,лёгкое,266,ACH-000434,NK activating ligands,-6.192239761352539
2D,лёгкое,270,ACH-000521,NK activating ligands,5.328548431396484
2D,лёгкое,283,ACH-000665,NK activating ligands,3.4695358276367188
2D,лёгкое,284,ACH-000150,NK activating ligands,-3.125669479370117
2D,лёгкое,285,ACH-002531,NK activating ligands,-0.30356597900390625
2D,лёгкое,291,ACH-000414,NK activating ligands,-6.013589859008789
2D,лёгкое,295,ACH-000869,NK activating ligands,-1.926177978515625
2D,лёгкое,296,ACH-002522,NK activating ligands,9.505964279174805
2D,лёгкое,300,ACH-000975,NK activating ligands,5.225122451782227
2D,лёгкое,301,ACH-000706,NK activating ligands,7.755748748779297
2D,лёгкое,306,ACH-000337,NK activating ligands,-1.028909683227539
2D,лёгкое,307,ACH-003121,NK activating ligands,0.54937744140625
2D,лёгкое,314,ACH-000298,NK activating ligands,-16.68681526184082
2D,лёгкое,315,ACH-000251,NK activating ligands,4.953794479370117
2D,лёгкое,316,ACH-002526,NK activating ligands,-5.585105895996094
2D,лёгкое,319,ACH-000826,NK activating ligands,-3.5434131622314453
2D,лёгкое,324,ACH-000886,NK activating ligands,8.125133514404297
2D,лёгкое,326,ACH-000888,NK activating ligands,-1.1484546661376953
2D,лёгкое,327,ACH-000669,NK activating ligands,3.802652359008789
2D,лёгкое,328,ACH-000844,NK activating ligands,-5.078712463378906
2D,лёгкое,330,ACH-000030,NK activating ligands,-2.1787052154541016
2D,лёгкое,331,ACH-000589,NK activating ligands,-1.5151519775390625
2D,лёгкое,333,ACH-000925,NK activating ligands,2.0262489318847656
2D,лёгкое,336,ACH-000628,NK activating ligands,3.157907485961914
2D,лёгкое,337,ACH-000510,NK activating ligands,4.551496505737305
2D,лёгкое,341,ACH-000264,NK activating ligands,0.25386810302734375
2D,лёгкое,349,ACH-001591,NK activating ligands,-18.20465087890625
2D,лёгкое,354,ACH-002035,NK activating ligands,-6.369548797607422
2D,лёгкое,361,ACH-000843,NK activating ligands,-6.071352005004883
2D,лёгкое,364,ACH-000840,NK activating ligands,1.2585983276367188
2D,лёгкое,371,ACH-000912,NK activating ligands,0.8516006469726562
2D,лёгкое,372,ACH-000667,NK activating ligands,10.442190170288086
2D,лёгкое,374,ACH-000015,NK activating ligands,-4.158603668212891
2D,лёгкое,375,ACH-000791,NK activating ligands,-1.4453048706054688
2D,лёгкое,379,ACH-000872,NK activating ligands,-0.6662349700927734
2D,лёгкое,385,ACH-000900,NK activating ligands,-3.1391067504882812
2D,лёгкое,386,ACH-000029,NK activating ligands,-2.807331085205078
2D,лёгкое,387,ACH-000718,NK activating ligands,5.230499267578125
2D,лёгкое,396,ACH-000781,NK activating ligands,1.7300662994384766
2D,лёгкое,397,ACH-000747,NK activating ligands,-5.3822784423828125
2D,лёгкое,0,ACH-001113,Necroptosis executioners,-18.163013458251953
2D,лёгкое,3,ACH-000327,Necroptosis executioners,13.481891632080078
2D,лёгкое,4,ACH-000769,Necroptosis executioners,-6.498497009277344
2D,лёгкое,5,ACH-000528,Necroptosis executioners,-15.832526206970215
2D,лёгкое,9,ACH-000800,Necroptosis executioners,-11.210508346557617
2D,лёгкое,17,ACH-000585,Necroptosis executioners,4.047121047973633
2D,лёгкое,19,ACH-000176,Necroptosis executioners,-2.8973255157470703
2D,лёгкое,20,ACH-000587,Necroptosis executioners,-1.5138072967529297
2D,лёгкое,21,ACH-000785,Necroptosis executioners,-4.448741912841797
2D,лёгкое,22,ACH-000627,Necroptosis executioners,1.118906021118164
2D,лёгкое,28,ACH-000392,Necroptosis executioners,11.135292053222656
2D,лёгкое,29,ACH-000035,Necroptosis executioners,-1.0718879699707031
2D,лёгкое,34,ACH-000894,Necroptosis executioners,4.746940612792969
2D,лёгкое,40,ACH-000638,Necroptosis executioners,-2.146463394165039
2D,лёгкое,41,ACH-000596,Necroptosis executioners,-0.16387176513671875
2D,лёгкое,48,ACH-000578,Necroptosis executioners,-3.793252944946289
2D,лёгкое,49,ACH-000033,Necroptosis executioners,-14.439607620239258
2D,лёгкое,52,ACH-000481,Necroptosis executioners,4.679777145385742
2D,лёгкое,55,ACH-000690,Necroptosis executioners,6.372234344482422
2D,лёгкое,57,ACH-000858,Necroptosis executioners,9.363578796386719
2D,лёгкое,59,ACH-000787,Necroptosis executioners,1.5218677520751953
2D,лёгкое,60,ACH-000749,Necroptosis executioners,-0.7817516326904297
2D,лёгкое,61,ACH-000868,Necroptosis executioners,0.8005561828613281
2D,лёгкое,65,ACH-000700,Necroptosis executioners,5.2828826904296875
2D,лёгкое,66,ACH-000672,Necroptosis executioners,1.3835182189941406
2D,лёгкое,68,ACH-000186,Necroptosis executioners,-11.14200210571289
2D,лёгкое,69,ACH-000677,Necroptosis executioners,-7.434720993041992
2D,лёгкое,70,ACH-000021,Necroptosis executioners,-11.698095321655273
2D,лёгкое,72,ACH-000980,Necroptosis executioners,-4.772459030151367
2D,лёгкое,73,ACH-000845,Necroptosis executioners,5.329893112182617
2D,лёгкое,76,ACH-000012,Necroptosis executioners,4.479637145996094
2D,лёгкое,79,ACH-000698,Necroptosis executioners,-2.137063980102539
2D,лёгкое,80,ACH-003120,Necroptosis executioners,-10.994247436523438
2D,лёгкое,83,ACH-000662,Necroptosis executioners,8.060661315917969
2D,лёгкое,84,ACH-000867,Necroptosis executioners,-5.149906158447266
2D,лёгкое,87,ACH-000261,Necroptosis executioners,-2.646137237548828
2D,лёгкое,91,ACH-000766,Necroptosis executioners,-0.9321937561035156
2D,лёгкое,92,ACH-000343,Necroptosis executioners,-4.0860748291015625
2D,лёгкое,96,ACH-000733,Necroptosis executioners,2.6233062744140625
2D,лёгкое,98,ACH-000774,Necroptosis executioners,-11.679292678833008
2D,лёгкое,104,ACH-000921,Necroptosis executioners,6.497154235839844
2D,лёгкое,113,ACH-000681,Necroptosis executioners,5.016927719116211
2D,лёгкое,114,ACH-003012,Necroptosis executioners,4.941703796386719
2D,лёгкое,116,ACH-000482,Necroptosis executioners,-6.960561752319336
2D,лёгкое,121,ACH-000779,Necroptosis executioners,2.6904678344726562
2D,лёгкое,122,ACH-000866,Necroptosis executioners,-6.920269012451172
2D,лёгкое,126,ACH-000586,Necroptosis executioners,-10.115785598754883
2D,лёгкое,127,ACH-000451,Necroptosis executioners,-3.1511917114257812
2D,лёгкое,129,ACH-000378,Necroptosis executioners,8.309154510498047
2D,лёгкое,131,ACH-000575,Necroptosis executioners,3.598482131958008
2D,лёгкое,132,ACH-000379,Necroptosis executioners,-5.027667999267578
2D,лёгкое,133,ACH-000454,Necroptosis executioners,-2.2552661895751953
2D,лёгкое,134,ACH-000712,Necroptosis executioners,-4.788578033447266
2D,лёгкое,135,ACH-000161,Necroptosis executioners,6.2808990478515625
2D,лёгкое,136,ACH-000395,Necroptosis executioners,-8.392435073852539
2D,лёгкое,139,ACH-000511,Necroptosis executioners,-6.775201797485352
2D,лёгкое,140,ACH-000916,Necroptosis executioners,0.8018989562988281
2D,лёгкое,142,ACH-000837,Necroptosis executioners,3.092092514038086
2D,лёгкое,144,ACH-000463,Necroptosis executioners,11.844505310058594
2D,лёгкое,148,ACH-000861,Necroptosis executioners,-1.5393314361572266
2D,лёгкое,150,ACH-000399,Necroptosis executioners,-13.441596984863281
2D,лёгкое,152,ACH-000066,Necroptosis executioners,4.889320373535156
2D,лёгкое,161,ACH-000563,Necroptosis executioners,13.64845085144043
2D,лёгкое,163,ACH-000562,Necroptosis executioners,6.749675750732422
2D,лёгкое,164,ACH-000314,Necroptosis executioners,3.2385025024414062
2D,лёгкое,169,ACH-002650,Necroptosis executioners,-21.11809539794922
2D,лёгкое,174,ACH-000757,Necroptosis executioners,2.8234481811523438
2D,лёгкое,175,ACH-000893,Necroptosis executioners,4.409120559692383
2D,лёгкое,181,ACH-000924,Necroptosis executioners,-8.272890090942383
2D,лёгкое,192,ACH-000892,Necroptosis executioners,-10.936492919921875
2D,лёгкое,195,ACH-000447,Necroptosis executioners,-1.5655193328857422
2D,лёгкое,198,ACH-000590,Necroptosis executioners,5.464216232299805
2D,лёгкое,200,ACH-000339,Necroptosis executioners,-2.2673568725585938
2D,лёгкое,202,ACH-000553,Necroptosis executioners,4.095476150512695
2D,лёгкое,203,ACH-000789,Necroptosis executioners,-3.6347503662109375
2D,лёгкое,205,ACH-002170,Necroptosis executioners,-7.918949127197266
2D,лёгкое,209,ACH-000416,Necroptosis executioners,-1.65350341796875
2D,лёгкое,211,ACH-000731,Necroptosis executioners,-0.6239261627197266
2D,лёгкое,212,ACH-000670,Necroptosis executioners,-14.251559257507324
2D,лёгкое,216,ACH-000442,Necroptosis executioners,-2.977914810180664
2D,лёгкое,218,ACH-000841,Necroptosis executioners,6.908172607421875
2D,лёгкое,224,ACH-000860,Necroptosis executioners,0.8435420989990234
2D,лёгкое,227,ACH-000744,Necroptosis executioners,0.818023681640625
2D,лёгкое,229,ACH-000853,Necroptosis executioners,-8.815549850463867
2D,лёгкое,231,ACH-000929,Necroptosis executioners,-1.3714275360107422
2D,лёгкое,233,ACH-000390,Necroptosis executioners,10.619487762451172
2D,лёгкое,234,ACH-002490,Necroptosis executioners,-6.194255828857422
2D,лёгкое,238,ACH-000311,Necroptosis executioners,12.203145980834961
2D,лёгкое,240,ACH-000675,Necroptosis executioners,-4.206964492797852
2D,лёгкое,242,ACH-000496,Necroptosis executioners,11.034549713134766
2D,лёгкое,244,ACH-000062,Necroptosis executioners,-2.8033008575439453
2D,лёгкое,250,ACH-000878,Necroptosis executioners,6.529392242431641
2D,лёгкое,252,ACH-000851,Necroptosis executioners,-15.938639640808105
2D,лёгкое,254,ACH-000891,Necroptosis executioners,-4.061895370483398
2D,лёгкое,255,ACH-003119,Necroptosis executioners,-9.732969284057617
2D,лёгкое,256,ACH-000603,Necroptosis executioners,4.352031707763672
2D,лёгкое,262,ACH-000813,Necroptosis executioners,-4.233829498291016
2D,лёгкое,266,ACH-000434,Necroptosis executioners,5.563617706298828
2D,лёгкое,270,ACH-000521,Necroptosis executioners,8.289005279541016
2D,лёгкое,283,ACH-000665,Necroptosis executioners,-3.1068687438964844
2D,лёгкое,284,ACH-000150,Necroptosis executioners,-4.960508346557617
2D,лёгкое,285,ACH-002531,Necroptosis executioners,-13.32473373413086
2D,лёгкое,291,ACH-000414,Necroptosis executioners,11.604070663452148
2D,лёгкое,295,ACH-000869,Necroptosis executioners,-8.788684844970703
2D,лёгкое,296,ACH-002522,Necroptosis executioners,-9.676553726196289
2D,лёгкое,300,ACH-000975,Necroptosis executioners,-7.778583526611328
2D,лёгкое,301,ACH-000706,Necroptosis executioners,-2.162586212158203
2D,лёгкое,306,ACH-000337,Necroptosis executioners,-1.8415546417236328
2D,лёгкое,307,ACH-003121,Necroptosis executioners,-11.665855407714844
2D,лёгкое,314,ACH-000298,Necroptosis executioners,-13.703520774841309
2D,лёгкое,315,ACH-000251,Necroptosis executioners,9.954599380493164
2D,лёгкое,316,ACH-002526,Necroptosis executioners,-10.587255477905273
2D,лёгкое,319,ACH-000826,Necroptosis executioners,4.973941802978516
2D,лёгкое,324,ACH-000886,Necroptosis executioners,1.1081562042236328
2D,лёгкое,326,ACH-000888,Necroptosis executioners,1.1860599517822266
2D,лёгкое,327,ACH-000669,Necroptosis executioners,-1.1618843078613281
2D,лёгкое,328,ACH-000844,Necroptosis executioners,-3.4722251892089844
2D,лёгкое,330,ACH-000030,Necroptosis executioners,-1.1135292053222656
2D,лёгкое,331,ACH-000589,Necroptosis executioners,5.414520263671875
2D,лёгкое,333,ACH-000925,Necroptosis executioners,10.74038314819336
2D,лёгкое,336,ACH-000628,Necroptosis executioners,-6.021650314331055
2D,лёгкое,337,ACH-000510,Necroptosis executioners,-0.059101104736328125
2D,лёгкое,341,ACH-000264,Necroptosis executioners,-1.8711051940917969
2D,лёгкое,349,ACH-001591,Necroptosis executioners,-13.618900299072266
2D,лёгкое,354,ACH-002035,Necroptosis executioners,-6.549541473388672
2D,лёгкое,361,ACH-000843,Necroptosis executioners,8.434074401855469
2D,лёгкое,364,ACH-000840,Necroptosis executioners,-2.6367359161376953
2D,лёгкое,371,ACH-000912,Necroptosis executioners,12.13330078125
2D,лёгкое,372,ACH-000667,Necroptosis executioners,10.291746139526367
2D,лёгкое,374,ACH-000015,Necroptosis executioners,2.6850948333740234
2D,лёгкое,375,ACH-000791,Necroptosis executioners,-3.3822269439697266
2D,лёгкое,379,ACH-000872,Necroptosis executioners,3.9920501708984375
2D,лёгкое,385,ACH-000900,Necroptosis executioners,0.1464099884033203
2D,лёгкое,386,ACH-000029,Necroptosis executioners,0.8583183288574219
2D,лёгкое,387,ACH-000718,Necroptosis executioners,3.8859386444091797
2D,лёгкое,396,ACH-000781,Necroptosis executioners,7.621427536010742
2D,лёгкое,397,ACH-000747,Necroptosis executioners,2.447345733642578
2D,лёгкое,0,ACH-001113,Necroptosis initiators,-10.37771224975586
2D,лёгкое,3,ACH-000327,Necroptosis initiators,-0.7199668884277344
2D,лёгкое,4,ACH-000769,Necroptosis initiators,-6.885341644287109
2D,лёгкое,5,ACH-000528,Necroptosis initiators,-4.544111251831055
2D,лёгкое,9,ACH-000800,Necroptosis initiators,-12.948637008666992
2D,лёгкое,17,ACH-000585,Necroptosis initiators,3.4708786010742188
2D,лёгкое,19,ACH-000176,Necroptosis initiators,-0.25789833068847656
2D,лёгкое,20,ACH-000587,Necroptosis initiators,1.4909744262695312
2D,лёгкое,21,ACH-000785,Necroptosis initiators,0.02954864501953125
2D,лёгкое,22,ACH-000627,Necroptosis initiators,6.955190658569336
2D,лёгкое,28,ACH-000392,Necroptosis initiators,15.046741485595703
2D,лёгкое,29,ACH-000035,Necroptosis initiators,-5.427951812744141
2D,лёгкое,34,ACH-000894,Necroptosis initiators,7.793361663818359
2D,лёгкое,40,ACH-000638,Necroptosis initiators,6.914894104003906
2D,лёгкое,41,ACH-000596,Necroptosis initiators,1.8590164184570312
2D,лёгкое,48,ACH-000578,Necroptosis initiators,9.711477279663086
2D,лёгкое,49,ACH-000033,Necroptosis initiators,-2.468836784362793
2D,лёгкое,52,ACH-000481,Necroptosis initiators,12.819686889648438
2D,лёгкое,55,ACH-000690,Necroptosis initiators,-1.2196426391601562
2D,лёгкое,57,ACH-000858,Necroptosis initiators,-9.810874938964844
2D,лёгкое,59,ACH-000787,Necroptosis initiators,3.12701416015625
2D,лёгкое,60,ACH-000749,Necroptosis initiators,-9.184932708740234
2D,лёгкое,61,ACH-000868,Necroptosis initiators,1.2679996490478516
2D,лёгкое,65,ACH-000700,Necroptosis initiators,-5.724800109863281
2D,лёгкое,66,ACH-000672,Necroptosis initiators,-2.245861053466797
2D,лёгкое,68,ACH-000186,Necroptosis initiators,8.16946029663086
2D,лёгкое,69,ACH-000677,Necroptosis initiators,-3.2076072692871094
2D,лёгкое,70,ACH-000021,Necroptosis initiators,-10.409950256347656
2D,лёгкое,72,ACH-000980,Necroptosis initiators,-3.3392438888549805
2D,лёгкое,73,ACH-000845,Necroptosis initiators,6.305070877075195
2D,лёгкое,76,ACH-000012,Necroptosis initiators,2.8113574981689453
2D,лёгкое,79,ACH-000698,Necroptosis initiators,6.450141906738281
2D,лёгкое,80,ACH-003120,Necroptosis initiators,-1.006072998046875
2D,лёгкое,83,ACH-000662,Necroptosis initiators,-8.765853881835938
2D,лёгкое,84,ACH-000867,Necroptosis initiators,-5.251987457275391
2D,лёгкое,87,ACH-000261,Necroptosis initiators,7.787986755371094
2D,лёгкое,91,ACH-000766,Necroptosis initiators,16.312057495117188
2D,лёгкое,92,ACH-000343,Necroptosis initiators,-9.550291061401367
2D,лёгкое,96,ACH-000733,Necroptosis initiators,5.131097793579102
2D,лёгкое,98,ACH-000774,Necroptosis initiators,14.469160079956055
2D,лёгкое,104,ACH-000921,Necroptosis initiators,-9.88475227355957
2D,лёгкое,113,ACH-000681,Necroptosis initiators,-9.295080184936523
2D,лёгкое,114,ACH-003012,Necroptosis initiators,-10.350848197937012
2D,лёгкое,116,ACH-000482,Necroptosis initiators,10.291740417480469
2D,лёгкое,121,ACH-000779,Necroptosis initiators,-4.161293029785156
2D,лёгкое,122,ACH-000866,Necroptosis initiators,-3.129701614379883
2D,лёгкое,126,ACH-000586,Necroptosis initiators,-2.3049659729003906
2D,лёгкое,127,ACH-000451,Necroptosis initiators,4.067270278930664
2D,лёгкое,129,ACH-000378,Necroptosis initiators,5.448097229003906
2D,лёгкое,131,ACH-000575,Necroptosis initiators,-0.9536838531494141
2D,лёгкое,132,ACH-000379,Necroptosis initiators,4.016223907470703
2D,лёгкое,133,ACH-000454,Necroptosis initiators,-16.596820831298828
2D,лёгкое,134,ACH-000712,Necroptosis initiators,7.17010498046875
2D,лёгкое,135,ACH-000161,Necroptosis initiators,-3.640125274658203
2D,лёгкое,136,ACH-000395,Necroptosis initiators,-2.0336341857910156
2D,лёгкое,139,ACH-000511,Necroptosis initiators,-9.544916152954102
2D,лёгкое,140,ACH-000916,Necroptosis initiators,6.423274993896484
2D,лёгкое,142,ACH-000837,Necroptosis initiators,-1.5715675354003906
2D,лёгкое,144,ACH-000463,Necroptosis initiators,-9.491188049316406
2D,лёгкое,148,ACH-000861,Necroptosis initiators,2.971200942993164
2D,лёгкое,150,ACH-000399,Necroptosis initiators,4.198904037475586
2D,лёгкое,152,ACH-000066,Necroptosis initiators,26.63335418701172
2D,лёгкое,161,ACH-000563,Necroptosis initiators,2.941650390625
2D,лёгкое,163,ACH-000562,Necroptosis initiators,18.27584457397461
2D,лёгкое,164,ACH-000314,Necroptosis initiators,-1.375457763671875
2D,лёгкое,169,ACH-002650,Necroptosis initiators,1.200836181640625
2D,лёгкое,174,ACH-000757,Necroptosis initiators,-5.257362365722656
2D,лёгкое,175,ACH-000893,Necroptosis initiators,-0.9268207550048828
2D,лёгкое,181,ACH-000924,Necroptosis initiators,-1.7434988021850586
2D,лёгкое,192,ACH-000892,Necroptosis initiators,-10.066085815429688
2D,лёгкое,195,ACH-000447,Necroptosis initiators,4.7335052490234375
2D,лёгкое,198,ACH-000590,Necroptosis initiators,0.6957874298095703
2D,лёгкое,200,ACH-000339,Necroptosis initiators,10.775306701660156
2D,лёгкое,202,ACH-000553,Necroptosis initiators,4.7711181640625
2D,лёгкое,203,ACH-000789,Necroptosis initiators,-7.465614318847656
2D,лёгкое,205,ACH-002170,Necroptosis initiators,13.926498413085938
2D,лёгкое,209,ACH-000416,Necroptosis initiators,-5.047821044921875
2D,лёгкое,211,ACH-000731,Necroptosis initiators,-2.5843544006347656
2D,лёгкое,212,ACH-000670,Necroptosis initiators,-11.217225074768066
2D,лёгкое,216,ACH-000442,Necroptosis initiators,1.7300643920898438
2D,лёгкое,218,ACH-000841,Necroptosis initiators,-6.882656097412109
2D,лёгкое,224,ACH-000860,Necroptosis initiators,7.470985412597656
2D,лёгкое,227,ACH-000744,Necroptosis initiators,-1.0853214263916016
2D,лёгкое,229,ACH-000853,Necroptosis initiators,-10.326671600341797
2D,лёгкое,231,ACH-000929,Necroptosis initiators,5.859127044677734
2D,лёгкое,233,ACH-000390,Necroptosis initiators,4.295616149902344
2D,лёгкое,234,ACH-002490,Necroptosis initiators,-1.7569313049316406
2D,лёгкое,238,ACH-000311,Necroptosis initiators,-8.400493621826172
2D,лёгкое,240,ACH-000675,Necroptosis initiators,11.265583038330078
2D,лёгкое,242,ACH-000496,Necroptosis initiators,-3.7905654907226562
2D,лёгкое,244,ACH-000062,Necroptosis initiators,-2.0604982376098633
2D,лёгкое,250,ACH-000878,Necroptosis initiators,13.142059326171875
2D,лёгкое,252,ACH-000851,Necroptosis initiators,-9.512680053710938
2D,лёгкое,254,ACH-000891,Necroptosis initiators,-8.978078842163086
2D,лёгкое,255,ACH-003119,Necroptosis initiators,0.0
2D,лёгкое,256,ACH-000603,Necroptosis initiators,7.363525390625
2D,лёгкое,262,ACH-000813,Necroptosis initiators,4.720069885253906
2D,лёгкое,266,ACH-000434,Necroptosis initiators,-4.8302154541015625
2D,лёгкое,270,ACH-000521,Necroptosis initiators,4.035030364990234
2D,лёгкое,283,ACH-000665,Necroptosis initiators,3.3902854919433594
2D,лёгкое,284,ACH-000150,Necroptosis initiators,20.642597198486328
2D,лёгкое,285,ACH-002531,Necroptosis initiators,15.103157997131348
2D,лёгкое,291,ACH-000414,Necroptosis initiators,-9.794755935668945
2D,лёгкое,295,ACH-000869,Necroptosis initiators,4.403076171875
2D,лёгкое,296,ACH-002522,Necroptosis initiators,10.482484817504883
2D,лёгкое,300,ACH-000975,Necroptosis initiators,-1.0638313293457031
2D,лёгкое,301,ACH-000706,Necroptosis initiators,-3.7234039306640625
2D,лёгкое,306,ACH-000337,Necroptosis initiators,3.626689910888672
2D,лёгкое,307,ACH-003121,Necroptosis initiators,-10.6651611328125
2D,лёгкое,314,ACH-000298,Necroptosis initiators,6.160005569458008
2D,лёгкое,315,ACH-000251,Necroptosis initiators,-2.1572113037109375
2D,лёгкое,316,ACH-002526,Necroptosis initiators,-2.0094566345214844
2D,лёгкое,319,ACH-000826,Necroptosis initiators,1.1175594329833984
2D,лёгкое,324,ACH-000886,Necroptosis initiators,-2.1894493103027344
2D,лёгкое,326,ACH-000888,Necroptosis initiators,2.0954227447509766
2D,лёгкое,327,ACH-000669,Necroptosis initiators,10.912315368652344
2D,лёгкое,328,ACH-000844,Necroptosis initiators,1.0987548828125
2D,лёгкое,330,ACH-000030,Necroptosis initiators,9.354179382324219
2D,лёгкое,331,ACH-000589,Necroptosis initiators,1.5984306335449219
2D,лёгкое,333,ACH-000925,Necroptosis initiators,-0.3331146240234375
2D,лёгкое,336,ACH-000628,Necroptosis initiators,10.364280700683594
2D,лёгкое,337,ACH-000510,Necroptosis initiators,-6.235223770141602
2D,лёгкое,341,ACH-000264,Necroptosis initiators,-5.697935104370117
2D,лёгкое,349,ACH-001591,Necroptosis initiators,-2.6542015075683594
2D,лёгкое,354,ACH-002035,Necroptosis initiators,-4.607242584228516
2D,лёгкое,361,ACH-000843,Necroptosis initiators,-7.573070526123047
2D,лёгкое,364,ACH-000840,Necroptosis initiators,9.023746490478516
2D,лёгкое,371,ACH-000912,Necroptosis initiators,-8.280948638916016
2D,лёгкое,372,ACH-000667,Necroptosis initiators,4.241888046264648
2D,лёгкое,374,ACH-000015,Necroptosis initiators,-7.774553298950195
2D,лёгкое,375,ACH-000791,Necroptosis initiators,19.573392868041992
2D,лёгкое,379,ACH-000872,Necroptosis initiators,-1.4829139709472656
2D,лёгкое,385,ACH-000900,Necroptosis initiators,3.2613372802734375
2D,лёгкое,386,ACH-000029,Necroptosis initiators,-6.2459716796875
2D,лёгкое,387,ACH-000718,Necroptosis initiators,5.029014587402344
2D,лёгкое,396,ACH-000781,Necroptosis initiators,-2.049753189086914
2D,лёгкое,397,ACH-000747,Necroptosis initiators,2.017515182495117
2D,лёгкое,0,ACH-001113,Pyroptosis executioners,-0.6098251342773438
2D,лёгкое,3,ACH-000327,Pyroptosis executioners,-15.390609741210938
2D,лёгкое,4,ACH-000769,Pyroptosis executioners,-8.27154541015625
2D,лёгкое,5,ACH-000528,Pyroptosis executioners,-20.9595947265625
2D,лёгкое,9,ACH-000800,Pyroptosis executioners,-14.197830200195312
2D,лёгкое,17,ACH-000585,Pyroptosis executioners,9.536857604980469
2D,лёгкое,19,ACH-000176,Pyroptosis executioners,1.3056106567382812
2D,лёгкое,20,ACH-000587,Pyroptosis executioners,-3.8980178833007812
2D,лёгкое,21,ACH-000785,Pyroptosis executioners,4.8114166259765625
2D,лёгкое,22,ACH-000627,Pyroptosis executioners,5.971954345703125
2D,лёгкое,28,ACH-000392,Pyroptosis executioners,12.575218200683594
2D,лёгкое,29,ACH-000035,Pyroptosis executioners,1.9503555297851562
2D,лёгкое,34,ACH-000894,Pyroptosis executioners,2.5950927734375
2D,лёгкое,40,ACH-000638,Pyroptosis executioners,2.8100128173828125
2D,лёгкое,41,ACH-000596,Pyroptosis executioners,7.3823394775390625
2D,лёгкое,48,ACH-000578,Pyroptosis executioners,6.353431701660156
2D,лёгкое,49,ACH-000033,Pyroptosis executioners,-5.885986328125
2D,лёгкое,52,ACH-000481,Pyroptosis executioners,-10.76456069946289
2D,лёгкое,55,ACH-000690,Pyroptosis executioners,3.8496665954589844
2D,лёгкое,57,ACH-000858,Pyroptosis executioners,4.2606964111328125
2D,лёгкое,59,ACH-000787,Pyroptosis executioners,17.966903686523438
2D,лёгкое,60,ACH-000749,Pyroptosis executioners,-13.819042205810547
2D,лёгкое,61,ACH-000868,Pyroptosis executioners,0.2874488830566406
2D,лёгкое,65,ACH-000700,Pyroptosis executioners,3.175373077392578
2D,лёгкое,66,ACH-000672,Pyroptosis executioners,11.538253784179688
2D,лёгкое,68,ACH-000186,Pyroptosis executioners,6.194927215576172
2D,лёгкое,69,ACH-000677,Pyroptosis executioners,-1.9020004272460938
2D,лёгкое,70,ACH-000021,Pyroptosis executioners,15.046741485595703
2D,лёгкое,72,ACH-000980,Pyroptosis executioners,-9.536861419677734
2D,лёгкое,73,ACH-000845,Pyroptosis executioners,12.526863098144531
2D,лёгкое,76,ACH-000012,Pyroptosis executioners,3.48699951171875
2D,лёгкое,79,ACH-000698,Pyroptosis executioners,8.09423828125
2D,лёгкое,80,ACH-003120,Pyroptosis executioners,-2.302276611328125
2D,лёгкое,83,ACH-000662,Pyroptosis executioners,4.58038330078125
2D,лёгкое,84,ACH-000867,Pyroptosis executioners,-2.2042198181152344
2D,лёгкое,87,ACH-000261,Pyroptosis executioners,-2.5225601196289062
2D,лёгкое,91,ACH-000766,Pyroptosis executioners,12.250160217285156
2D,лёгкое,92,ACH-000343,Pyroptosis executioners,6.43939208984375
2D,лёгкое,96,ACH-000733,Pyroptosis executioners,-1.6414146423339844
2D,лёгкое,98,ACH-000774,Pyroptosis executioners,8.760482788085938
2D,лёгкое,104,ACH-000921,Pyroptosis executioners,2.5548057556152344
2D,лёгкое,113,ACH-000681,Pyroptosis executioners,-2.353321075439453
2D,лёгкое,114,ACH-003012,Pyroptosis executioners,12.457015991210938
2D,лёгкое,116,ACH-000482,Pyroptosis executioners,6.380290985107422
2D,лёгкое,121,ACH-000779,Pyroptosis executioners,4.459484100341797
2D,лёгкое,122,ACH-000866,Pyroptosis executioners,-9.82430648803711
2D,лёгкое,126,ACH-000586,Pyroptosis executioners,-6.364166259765625
2D,лёгкое,127,ACH-000451,Pyroptosis executioners,-0.11014175415039062
2D,лёгкое,129,ACH-000378,Pyroptosis executioners,8.65032958984375
2D,лёгкое,131,ACH-000575,Pyroptosis executioners,-0.7602653503417969
2D,лёгкое,132,ACH-000379,Pyroptosis executioners,8.833011627197266
2D,лёгкое,133,ACH-000454,Pyroptosis executioners,2.38555908203125
2D,лёгкое,134,ACH-000712,Pyroptosis executioners,-3.6911697387695312
2D,лёгкое,135,ACH-000161,Pyroptosis executioners,-1.5044021606445312
2D,лёгкое,136,ACH-000395,Pyroptosis executioners,-0.0429840087890625
2D,лёгкое,139,ACH-000511,Pyroptosis executioners,0.16924667358398438
2D,лёгкое,140,ACH-000916,Pyroptosis executioners,-2.4204788208007812
2D,лёгкое,142,ACH-000837,Pyroptosis executioners,-16.825164794921875
2D,лёгкое,144,ACH-000463,Pyroptosis executioners,-8.760478973388672
2D,лёгкое,148,ACH-000861,Pyroptosis executioners,10.667850494384766
2D,лёгкое,150,ACH-000399,Pyroptosis executioners,2.721363067626953
2D,лёгкое,152,ACH-000066,Pyroptosis executioners,3.038360595703125
2D,лёгкое,161,ACH-000563,Pyroptosis executioners,10.275627136230469
2D,лёгкое,163,ACH-000562,Pyroptosis executioners,12.459701538085938
2D,лёгкое,164,ACH-000314,Pyroptosis executioners,1.1605453491210938
2D,лёгкое,169,ACH-002650,Pyroptosis executioners,-3.1082077026367188
2D,лёгкое,174,ACH-000757,Pyroptosis executioners,4.510532379150391
2D,лёгкое,175,ACH-000893,Pyroptosis executioners,9.00494384765625
2D,лёгкое,181,ACH-000924,Pyroptosis executioners,-16.406085968017578
2D,лёгкое,192,ACH-000892,Pyroptosis executioners,-5.767784118652344
2D,лёгкое,195,ACH-000447,Pyroptosis executioners,5.4669036865234375
2D,лёгкое,198,ACH-000590,Pyroptosis executioners,0.830108642578125
2D,лёгкое,200,ACH-000339,Pyroptosis executioners,3.3311843872070312
2D,лёгкое,202,ACH-000553,Pyroptosis executioners,8.438102722167969
2D,лёгкое,203,ACH-000789,Pyroptosis executioners,-16.218029022216797
2D,лёгкое,205,ACH-002170,Pyroptosis executioners,-7.452182769775391
2D,лёгкое,209,ACH-000416,Pyroptosis executioners,2.5601806640625
2D,лёгкое,211,ACH-000731,Pyroptosis executioners,13.147430419921875
2D,лёгкое,212,ACH-000670,Pyroptosis executioners,-5.321834564208984
2D,лёгкое,216,ACH-000442,Pyroptosis executioners,4.572319030761719
2D,лёгкое,218,ACH-000841,Pyroptosis executioners,3.8872756958007812
2D,лёгкое,224,ACH-000860,Pyroptosis executioners,-2.3264541625976562
2D,лёгкое,227,ACH-000744,Pyroptosis executioners,4.1774139404296875
2D,лёгкое,229,ACH-000853,Pyroptosis executioners,-17.228130340576172
2D,лёгкое,231,ACH-000929,Pyroptosis executioners,2.7186737060546875
2D,лёгкое,233,ACH-000390,Pyroptosis executioners,0.8945846557617188
2D,лёгкое,234,ACH-002490,Pyroptosis executioners,-15.637760162353516
2D,лёгкое,238,ACH-000311,Pyroptosis executioners,-4.921558380126953
2D,лёгкое,240,ACH-000675,Pyroptosis executioners,6.348052978515625
2D,лёгкое,242,ACH-000496,Pyroptosis executioners,-0.843536376953125
2D,лёгкое,244,ACH-000062,Pyroptosis executioners,-4.489040374755859
2D,лёгкое,250,ACH-000878,Pyroptosis executioners,-9.969371795654297
2D,лёгкое,252,ACH-000851,Pyroptosis executioners,-13.961418151855469
2D,лёгкое,254,ACH-000891,Pyroptosis executioners,-1.2465133666992188
2D,лёгкое,255,ACH-003119,Pyroptosis executioners,-9.74639892578125
2D,лёгкое,256,ACH-000603,Pyroptosis executioners,-7.17279052734375
2D,лёгкое,262,ACH-000813,Pyroptosis executioners,15.0870361328125
2D,лёгкое,266,ACH-000434,Pyroptosis executioners,-1.0100975036621094
2D,лёгкое,270,ACH-000521,Pyroptosis executioners,-5.364814758300781
2D,лёгкое,283,ACH-000665,Pyroptosis executioners,2.815387725830078
2D,лёгкое,284,ACH-000150,Pyroptosis executioners,7.0357818603515625
2D,лёгкое,285,ACH-002531,Pyroptosis executioners,-4.497100830078125
2D,лёгкое,291,ACH-000414,Pyroptosis executioners,-0.8542861938476562
2D,лёгкое,295,ACH-000869,Pyroptosis executioners,0.5399742126464844
2D,лёгкое,296,ACH-002522,Pyroptosis executioners,-11.479156494140625
2D,лёгкое,300,ACH-000975,Pyroptosis executioners,1.6387252807617188
2D,лёгкое,301,ACH-000706,Pyroptosis executioners,-9.9263916015625
2D,лёгкое,306,ACH-000337,Pyroptosis executioners,5.136470794677734
2D,лёгкое,307,ACH-003121,Pyroptosis executioners,-17.163658142089844
2D,лёгкое,314,ACH-000298,Pyroptosis executioners,0.6930999755859375
2D,лёгкое,315,ACH-000251,Pyroptosis executioners,-7.049213409423828
2D,лёгкое,316,ACH-002526,Pyroptosis executioners,-10.393829345703125
2D,лёгкое,319,ACH-000826,Pyroptosis executioners,-2.3506317138671875
2D,лёгкое,324,ACH-000886,Pyroptosis executioners,3.9974212646484375
2D,лёгкое,326,ACH-000888,Pyroptosis executioners,0.01074981689453125
2D,лёгкое,327,ACH-000669,Pyroptosis executioners,6.777885437011719
2D,лёгкое,328,ACH-000844,Pyroptosis executioners,-8.462287902832031
2D,лёгкое,330,ACH-000030,Pyroptosis executioners,9.501937866210938
2D,лёгкое,331,ACH-000589,Pyroptosis executioners,-17.98033905029297
2D,лёгкое,333,ACH-000925,Pyroptosis executioners,3.5702743530273438
2D,лёгкое,336,ACH-000628,Pyroptosis executioners,12.497314453125
2D,лёгкое,337,ACH-000510,Pyroptosis executioners,-4.317108154296875
2D,лёгкое,341,ACH-000264,Pyroptosis executioners,-5.461528778076172
2D,лёгкое,349,ACH-001591,Pyroptosis executioners,-13.367717742919922
2D,лёгкое,354,ACH-002035,Pyroptosis executioners,0.085968017578125
2D,лёгкое,361,ACH-000843,Pyroptosis executioners,8.924354553222656
2D,лёгкое,364,ACH-000840,Pyroptosis executioners,5.606597900390625
2D,лёгкое,371,ACH-000912,Pyroptosis executioners,-0.5614662170410156
2D,лёгкое,372,ACH-000667,Pyroptosis executioners,-0.8166770935058594
2D,лёгкое,374,ACH-000015,Pyroptosis executioners,-18.536426544189453
2D,лёгкое,375,ACH-000791,Pyroptosis executioners,12.717605590820312
2D,лёгкое,379,ACH-000872,Pyroptosis executioners,-11.336772918701172
2D,лёгкое,385,ACH-000900,Pyroptosis executioners,-7.637546539306641
2D,лёгкое,386,ACH-000029,Pyroptosis executioners,9.942512512207031
2D,лёгкое,387,ACH-000718,Pyroptosis executioners,-5.8295745849609375
2D,лёгкое,396,ACH-000781,Pyroptosis executioners,0.4593849182128906
2D,лёгкое,397,ACH-000747,Pyroptosis executioners,-0.48355865478515625
2D,лёгкое,0,ACH-001113,Pyroptosis initiators,-2.3667526245117188
2D,лёгкое,3,ACH-000327,Pyroptosis initiators,-2.5682373046875
2D,лёгкое,4,ACH-000769,Pyroptosis initiators,-2.4957008361816406
2D,лёгкое,5,ACH-000528,Pyroptosis initiators,0.0
2D,лёгкое,9,ACH-000800,Pyroptosis initiators,-6.530735015869141
2D,лёгкое,17,ACH-000585,Pyroptosis initiators,17.765419006347656
2D,лёгкое,19,ACH-000176,Pyroptosis initiators,12.937889099121094
2D,лёгкое,20,ACH-000587,Pyroptosis initiators,2.0685577392578125
2D,лёгкое,21,ACH-000785,Pyroptosis initiators,-1.0315933227539062
2D,лёгкое,22,ACH-000627,Pyroptosis initiators,13.840534210205078
2D,лёгкое,28,ACH-000392,Pyroptosis initiators,5.781215667724609
2D,лёгкое,29,ACH-000035,Pyroptosis initiators,3.521921157836914
2D,лёгкое,34,ACH-000894,Pyroptosis initiators,6.283580780029297
2D,лёгкое,40,ACH-000638,Pyroptosis initiators,3.989360809326172
2D,лёгкое,41,ACH-000596,Pyroptosis initiators,3.892650604248047
2D,лёгкое,48,ACH-000578,Pyroptosis initiators,5.33526611328125
2D,лёгкое,49,ACH-000033,Pyroptosis initiators,-0.4056549072265625
2D,лёгкое,52,ACH-000481,Pyroptosis initiators,-9.257469177246094
2D,лёгкое,55,ACH-000690,Pyroptosis initiators,0.0
2D,лёгкое,57,ACH-000858,Pyroptosis initiators,3.500429153442383
2D,лёгкое,59,ACH-000787,Pyroptosis initiators,13.111164093017578
2D,лёгкое,60,ACH-000749,Pyroptosis initiators,-5.974639892578125
2D,лёгкое,61,ACH-000868,Pyroptosis initiators,-2.576295852661133
2D,лёгкое,65,ACH-000700,Pyroptosis initiators,0.0
2D,лёгкое,66,ACH-000672,Pyroptosis initiators,0.9859237670898438
2D,лёгкое,68,ACH-000186,Pyroptosis initiators,4.204277038574219
2D,лёгкое,69,ACH-000677,Pyroptosis initiators,2.304964065551758
2D,лёгкое,70,ACH-000021,Pyroptosis initiators,0.0
2D,лёгкое,72,ACH-000980,Pyroptosis initiators,-8.215129852294922
2D,лёгкое,73,ACH-000845,Pyroptosis initiators,3.5380401611328125
2D,лёгкое,76,ACH-000012,Pyroptosis initiators,0.287445068359375
2D,лёгкое,79,ACH-000698,Pyroptosis initiators,0.4969902038574219
2D,лёгкое,80,ACH-003120,Pyroptosis initiators,-3.2398433685302734
2D,лёгкое,83,ACH-000662,Pyroptosis initiators,3.6132583618164062
2D,лёгкое,84,ACH-000867,Pyroptosis initiators,-2.5306243896484375
2D,лёгкое,87,ACH-000261,Pyroptosis initiators,3.6938552856445312
2D,лёгкое,91,ACH-000766,Pyroptosis initiators,4.96453857421875
2D,лёгкое,92,ACH-000343,Pyroptosis initiators,-1.7918548583984375
2D,лёгкое,96,ACH-000733,Pyroptosis initiators,2.3640670776367188
2D,лёгкое,98,ACH-000774,Pyroptosis initiators,12.41403579711914
2D,лёгкое,104,ACH-000921,Pyroptosis initiators,2.286163330078125
2D,лёгкое,113,ACH-000681,Pyroptosis initiators,-12.054048538208008
2D,лёгкое,114,ACH-003012,Pyroptosis initiators,0.0
2D,лёгкое,116,ACH-000482,Pyroptosis initiators,8.295722961425781
2D,лёгкое,121,ACH-000779,Pyroptosis initiators,-2.667634963989258
2D,лёгкое,122,ACH-000866,Pyroptosis initiators,-2.632709503173828
2D,лёгкое,126,ACH-000586,Pyroptosis initiators,-4.913496017456055
2D,лёгкое,127,ACH-000451,Pyroptosis initiators,-6.29163932800293
2D,лёгкое,129,ACH-000378,Pyroptosis initiators,11.825702667236328
2D,лёгкое,131,ACH-000575,Pyroptosis initiators,0.467437744140625
2D,лёгкое,132,ACH-000379,Pyroptosis initiators,-5.681819915771484
2D,лёгкое,133,ACH-000454,Pyroptosis initiators,-0.628631591796875
2D,лёгкое,134,ACH-000712,Pyroptosis initiators,-2.9147872924804688
2D,лёгкое,135,ACH-000161,Pyroptosis initiators,0.0
2D,лёгкое,136,ACH-000395,Pyroptosis initiators,-3.524606704711914
2D,лёгкое,139,ACH-000511,Pyroptosis initiators,12.532241821289062
2D,лёгкое,140,ACH-000916,Pyroptosis initiators,-2.7804641723632812
2D,лёгкое,142,ACH-000837,Pyroptosis initiators,4.423221588134766
2D,лёгкое,144,ACH-000463,Pyroptosis initiators,-1.6038055419921875
2D,лёгкое,148,ACH-000861,Pyroptosis initiators,16.218032836914062
2D,лёгкое,150,ACH-000399,Pyroptosis initiators,-13.367719650268555
2D,лёгкое,152,ACH-000066,Pyroptosis initiators,0.0
2D,лёгкое,161,ACH-000563,Pyroptosis initiators,4.73619270324707
2D,лёгкое,163,ACH-000562,Pyroptosis initiators,11.645711898803711
2D,лёгкое,164,ACH-000314,Pyroptosis initiators,4.763055801391602
2D,лёгкое,169,ACH-002650,Pyroptosis initiators,-1.8482685089111328
2D,лёгкое,174,ACH-000757,Pyroptosis initiators,-5.797334671020508
2D,лёгкое,175,ACH-000893,Pyroptosis initiators,2.9228439331054688
2D,лёгкое,181,ACH-000924,Pyroptosis initiators,-2.544057846069336
2D,лёгкое,192,ACH-000892,Pyroptosis initiators,0.3599834442138672
2D,лёгкое,195,ACH-000447,Pyroptosis initiators,21.472705841064453
2D,лёгкое,198,ACH-000590,Pyroptosis initiators,-0.16387176513671875
2D,лёгкое,200,ACH-000339,Pyroptosis initiators,6.374919891357422
2D,лёгкое,202,ACH-000553,Pyroptosis initiators,9.30582046508789
2D,лёгкое,203,ACH-000789,Pyroptosis initiators,-8.473028182983398
2D,лёгкое,205,ACH-002170,Pyroptosis initiators,2.382871627807617
2D,лёгкое,209,ACH-000416,Pyroptosis initiators,0.0
2D,лёгкое,211,ACH-000731,Pyroptosis initiators,6.141197204589844
2D,лёгкое,212,ACH-000670,Pyroptosis initiators,-9.125835418701172
2D,лёгкое,216,ACH-000442,Pyroptosis initiators,-1.7381210327148438
2D,лёгкое,218,ACH-000841,Pyroptosis initiators,1.740814208984375
2D,лёгкое,224,ACH-000860,Pyroptosis initiators,-5.974640846252441
2D,лёгкое,227,ACH-000744,Pyroptosis initiators,-3.4413223266601562
2D,лёгкое,229,ACH-000853,Pyroptosis initiators,-13.34085464477539
2D,лёгкое,231,ACH-000929,Pyroptosis initiators,0.0
2D,лёгкое,233,ACH-000390,Pyroptosis initiators,0.0
2D,лёгкое,234,ACH-002490,Pyroptosis initiators,-2.1787033081054688
2D,лёгкое,238,ACH-000311,Pyroptosis initiators,0.6286258697509766
2D,лёгкое,240,ACH-000675,Pyroptosis initiators,-2.5064468383789062
2D,лёгкое,242,ACH-000496,Pyroptosis initiators,5.826885223388672
2D,лёгкое,244,ACH-000062,Pyroptosis initiators,0.0
2D,лёгкое,250,ACH-000878,Pyroptosis initiators,-2.229745864868164
2D,лёгкое,252,ACH-000851,Pyroptosis initiators,-3.1699981689453125
2D,лёгкое,254,ACH-000891,Pyroptosis initiators,4.929615020751953
2D,лёгкое,255,ACH-003119,Pyroptosis initiators,5.899421691894531
2D,лёгкое,256,ACH-000603,Pyroptosis initiators,1.536642074584961
2D,лёгкое,262,ACH-000813,Pyroptosis initiators,6.8531036376953125
2D,лёгкое,266,ACH-000434,Pyroptosis initiators,2.1894454956054688
2D,лёгкое,270,ACH-000521,Pyroptosis initiators,-5.778532028198242
2D,лёгкое,283,ACH-000665,Pyroptosis initiators,1.9664745330810547
2D,лёгкое,284,ACH-000150,Pyroptosis initiators,6.928321838378906
2D,лёгкое,285,ACH-002531,Pyroptosis initiators,12.693428039550781
2D,лёгкое,291,ACH-000414,Pyroptosis initiators,3.5622177124023438
2D,лёгкое,295,ACH-000869,Pyroptosis initiators,-0.25521087646484375
2D,лёгкое,296,ACH-002522,Pyroptosis initiators,16.846660614013672
2D,лёгкое,300,ACH-000975,Pyroptosis initiators,-3.3070068359375
2D,лёгкое,301,ACH-000706,Pyroptosis initiators,-0.07253646850585938
2D,лёгкое,306,ACH-000337,Pyroptosis initiators,-1.1363639831542969
2D,лёгкое,307,ACH-003121,Pyroptosis initiators,-2.8301639556884766
2D,лёгкое,314,ACH-000298,Pyroptosis initiators,-3.924886703491211
2D,лёгкое,315,ACH-000251,Pyroptosis initiators,5.227813720703125
2D,лёгкое,316,ACH-002526,Pyroptosis initiators,-2.2001914978027344
2D,лёгкое,319,ACH-000826,Pyroptosis initiators,4.209648132324219
2D,лёгкое,324,ACH-000886,Pyroptosis initiators,-2.0873641967773438
2D,лёгкое,326,ACH-000888,Pyroptosis initiators,-0.7924995422363281
2D,лёгкое,327,ACH-000669,Pyroptosis initiators,13.6041259765625
2D,лёгкое,328,ACH-000844,Pyroptosis initiators,-3.398345947265625
2D,лёгкое,330,ACH-000030,Pyroptosis initiators,2.3452606201171875
2D,лёгкое,331,ACH-000589,Pyroptosis initiators,0.0
2D,лёгкое,333,ACH-000925,Pyroptosis initiators,7.1190643310546875
2D,лёгкое,336,ACH-000628,Pyroptosis initiators,8.618087768554688
2D,лёгкое,337,ACH-000510,Pyroptosis initiators,-14.060821533203125
2D,лёгкое,341,ACH-000264,Pyroptosis initiators,0.271331787109375
2D,лёгкое,349,ACH-001591,Pyroptosis initiators,-21.058992385864258
2D,лёгкое,354,ACH-002035,Pyroptosis initiators,-0.3680419921875
2D,лёгкое,361,ACH-000843,Pyroptosis initiators,0.0
2D,лёгкое,364,ACH-000840,Pyroptosis initiators,12.183000564575195
2D,лёгкое,371,ACH-000912,Pyroptosis initiators,0.0
2D,лёгкое,372,ACH-000667,Pyroptosis initiators,5.144529342651367
2D,лёгкое,374,ACH-000015,Pyroptosis initiators,-6.992799758911133
2D,лёгкое,375,ACH-000791,Pyroptosis initiators,6.823554992675781
2D,лёгкое,379,ACH-000872,Pyroptosis initiators,-4.067270278930664
2D,лёгкое,385,ACH-000900,Pyroptosis initiators,-1.1256179809570312
2D,лёгкое,386,ACH-000029,Pyroptosis initiators,-4.6421661376953125
2D,лёгкое,387,ACH-000718,Pyroptosis initiators,0.0
2D,лёгкое,396,ACH-000781,Pyroptosis initiators,3.5998287200927734
2D,лёгкое,397,ACH-000747,Pyroptosis initiators,-18.259723663330078
здоровая,молочная,9,TSP27||Epithelium,Apoptosis executioners,3.941009521484375
здоровая,молочная,10,TSP4||Epithelium,Apoptosis executioners,-0.6622085571289062
здоровая,молочная,9,TSP27||Epithelium,Apoptosis initiators,-9.429399490356445
здоровая,молочная,10,TSP4||Epithelium,Apoptosis initiators,-5.616674423217773
здоровая,молочная,9,TSP27||Epithelium,BRAKES,21.539867401123047
здоровая,молочная,10,TSP4||Epithelium,BRAKES,19.91994857788086
здоровая,молочная,9,TSP27||Epithelium,ENTRY adaptors,-0.43923187255859375
здоровая,молочная,10,TSP4||Epithelium,ENTRY adaptors,1.8885650634765625
здоровая,молочная,9,TSP27||Epithelium,ENTRY receptors,16.717708587646484
здоровая,молочная,10,TSP4||Epithelium,ENTRY receptors,10.02914810180664
здоровая,молочная,9,TSP27||Epithelium,Inhibitory signals,13.88082504272461
здоровая,молочная,10,TSP4||Epithelium,Inhibitory signals,11.195730209350586
здоровая,молочная,9,TSP27||Epithelium,MHC-I presentation,4.020923614501953
здоровая,молочная,10,TSP4||Epithelium,MHC-I presentation,12.3018798828125
здоровая,молочная,9,TSP27||Epithelium,NK activating ligands,-8.68189811706543
здоровая,молочная,10,TSP4||Epithelium,NK activating ligands,-13.853293418884277
здоровая,молочная,9,TSP27||Epithelium,Necroptosis executioners,-8.409223556518555
здоровая,молочная,10,TSP4||Epithelium,Necroptosis executioners,-18.985063552856445
здоровая,молочная,9,TSP27||Epithelium,Necroptosis initiators,7.659038543701172
здоровая,молочная,10,TSP4||Epithelium,Necroptosis initiators,5.456157684326172
здоровая,молочная,9,TSP27||Epithelium,Pyroptosis executioners,-6.043144226074219
здоровая,молочная,10,TSP4||Epithelium,Pyroptosis executioners,-2.5991287231445312
здоровая,молочная,9,TSP27||Epithelium,Pyroptosis initiators,1.5218696594238281
здоровая,молочная,10,TSP4||Epithelium,Pyroptosis initiators,4.647539138793945
пациент,молочная,87,pan_GSE140819|pan_GSE140819_HTAPP-963-SMP-4741,Apoptosis executioners,-11.250804901123047
пациент,молочная,88,pan_GSE140819|pan_GSE140819_HTAPP-394-SMP-1561,Apoptosis executioners,-9.131206512451172
пациент,молочная,89,pan_GSE140819|pan_GSE140819_HTAPP-394-SMP-1561,Apoptosis executioners,-8.368263244628906
пациент,молочная,90,pan_GSE140819|pan_GSE140819_HTAPP-589-SMP-2851,Apoptosis executioners,-3.5192413330078125
пациент,молочная,91,pan_GSE140819|pan_GSE140819_HTAPP-589-SMP-2851,Apoptosis executioners,-4.217704772949219
пациент,молочная,92,pan_GSE140819|pan_GSE140819_HTAPP-963-SMP-4741,Apoptosis executioners,-23.98452377319336
пациент,молочная,93,pan_GSE140819|pan_GSE140819_HTAPP-963-SMP-4741,Apoptosis executioners,-18.29196548461914
пациент,молочная,97,br_GSE161529|br_GSE161529_Patient_0126,Apoptosis executioners,2.2619781494140625
пациент,молочная,98,br_GSE161529|br_GSE161529_Patient_0135,Apoptosis executioners,9.225227355957031
пациент,молочная,99,br_GSE161529|br_GSE161529_Patient_0114,Apoptosis executioners,7.2050323486328125
пациент,молочная,100,br_GSE161529|br_GSE161529_Patient_4031,Apoptosis executioners,-10.291748046875
пациент,молочная,101,br_GSE161529|br_GSE161529_Patient_0554,Apoptosis executioners,-7.621429443359375
пациент,молочная,102,br_GSE161529|br_GSE161529_Patient_0177,Apoptosis executioners,-2.41510009765625
пациент,молочная,103,br_GSE161529|br_GSE161529_Patient_0308,Apoptosis executioners,4.822151184082031
пациент,молочная,104,br_GSE161529|br_GSE161529_Patient_0337,Apoptosis executioners,-3.766387939453125
пациент,молочная,105,br_GSE161529|br_GSE161529_Patient_0031,Apoptosis executioners,0.35460662841796875
пациент,молочная,106,br_GSE161529|br_GSE161529_Patient_0069,Apoptosis executioners,4.3654632568359375
пациент,молочная,107,br_GSE161529|br_GSE161529_Patient_0161,Apoptosis executioners,3.8120498657226562
пациент,молочная,108,br_GSE161529|br_GSE161529_Patient_0176,Apoptosis executioners,0.3277435302734375
пациент,молочная,109,br_GSE161529|br_GSE161529_Patient_0319,Apoptosis executioners,-15.331504821777344
пациент,молочная,110,br_GSE161529|br_GSE161529_Patient_0001,Apoptosis executioners,4.282188415527344
пациент,молочная,111,br_GSE161529|br_GSE161529_Patient_0360,Apoptosis executioners,-1.0396499633789062
пациент,молочная,112,br_GSE161529|br_GSE161529_Patient_0114,Apoptosis executioners,-6.2567138671875
пациент,молочная,113,br_GSE161529|br_GSE161529_Patient_0032,Apoptosis executioners,0.28476715087890625
пациент,молочная,114,br_GSE161529|br_GSE161529_Patient_0042,Apoptosis executioners,-5.340644836425781
пациент,молочная,115,br_GSE161529|br_GSE161529_Patient_0025,Apoptosis executioners,3.691162109375
пациент,молочная,116,br_GSE161529|br_GSE161529_Patient_0151,Apoptosis executioners,5.6549530029296875
пациент,молочная,117,br_GSE161529|br_GSE161529_Patient_0163,Apoptosis executioners,-0.8623504638671875
пациент,молочная,118,br_GSE161529|br_GSE161529_Patient_0029,Apoptosis executioners,9.045242309570312
пациент,молочная,119,br_GSE161529|br_GSE161529_Patient_0029,Apoptosis executioners,-0.8865280151367188
пациент,молочная,120,br_GSE161529|br_GSE161529_Patient_0043,Apoptosis executioners,0.23372650146484375
пациент,молочная,121,br_GSE161529|br_GSE161529_Patient_0043,Apoptosis executioners,-1.1927719116210938
пациент,молочная,122,br_GSE161529|br_GSE161529_Patient_0056,Apoptosis executioners,0.7575759887695312
пациент,молочная,123,br_GSE161529|br_GSE161529_Patient_0056,Apoptosis executioners,4.432624816894531
пациент,молочная,124,br_GSE161529|br_GSE161529_Patient_0064.T,Apoptosis executioners,-11.559745788574219
пациент,молочная,125,br_GSE161529|br_GSE161529_Patient_0064.T,Apoptosis executioners,7.91156005859375
пациент,молочная,126,br_GSE161529|br_GSE161529_Patient_0167,Apoptosis executioners,3.49505615234375
пациент,молочная,127,br_GSE161529|br_GSE161529_Patient_0167,Apoptosis executioners,0.0671539306640625
пациент,молочная,128,br_GSE161529|br_GSE161529_Patient_0173,Apoptosis executioners,5.058563232421875
пациент,молочная,129,br_GSE161529|br_GSE161529_Patient_0173,Apoptosis executioners,6.4098358154296875
пациент,молочная,130,br_GSE161529|br_GSE161529_Patient_0178,Apoptosis executioners,1.2223358154296875
пациент,молочная,131,br_GSE161529|br_GSE161529_Patient_0068,Apoptosis executioners,-19.361160278320312
пациент,молочная,132,br_GSE161529|br_GSE161529_Patient_0068,Apoptosis executioners,5.168708801269531
пациент,молочная,133,br_GSE176078|br_GSE176078_CID3921,Apoptosis executioners,-9.45895767211914
пациент,молочная,134,br_GSE176078|br_GSE176078_CID3941,Apoptosis executioners,-0.6796722412109375
пациент,молочная,135,br_GSE176078|br_GSE176078_CID4066,Apoptosis executioners,-2.3049697875976562
пациент,молочная,136,br_GSE176078|br_GSE176078_CID4067,Apoptosis executioners,0.4056549072265625
пациент,молочная,137,br_GSE176078|br_GSE176078_CID4290A,Apoptosis executioners,-7.981407165527344
пациент,молочная,138,br_GSE176078|br_GSE176078_CID4461,Apoptosis executioners,8.166778564453125
пациент,молочная,139,br_GSE176078|br_GSE176078_CID4463,Apoptosis executioners,-0.5050506591796875
пациент,молочная,140,br_GSE176078|br_GSE176078_CID4465,Apoptosis executioners,10.066085815429688
пациент,молочная,141,br_GSE176078|br_GSE176078_CID4471,Apoptosis executioners,-6.82086181640625
пациент,молочная,142,br_GSE176078|br_GSE176078_CID4495,Apoptosis executioners,-17.2764892578125
пациент,молочная,143,br_GSE176078|br_GSE176078_CID44971,Apoptosis executioners,-1.0718917846679688
пациент,молочная,144,br_GSE176078|br_GSE176078_CID44991,Apoptosis executioners,-17.24962615966797
пациент,молочная,145,br_GSE176078|br_GSE176078_CID4513,Apoptosis executioners,9.442832946777344
пациент,молочная,146,br_GSE176078|br_GSE176078_CID4515,Apoptosis executioners,-2.5037612915039062
пациент,молочная,147,br_GSE176078|br_GSE176078_CID45171,Apoptosis executioners,6.5737152099609375
пациент,молочная,148,br_GSE176078|br_GSE176078_CID4530N,Apoptosis executioners,2.1518402099609375
пациент,молочная,149,br_GSE176078|br_GSE176078_CID4535,Apoptosis executioners,-3.87652587890625
пациент,молочная,150,br_pan_blueprint|br_pan_blueprint_42,Apoptosis executioners,-7.868583679199219
пациент,молочная,151,br_pan_blueprint|br_pan_blueprint_43,Apoptosis executioners,-11.30184555053711
пациент,молочная,152,br_pan_blueprint|br_pan_blueprint_47,Apoptosis executioners,-13.90231704711914
пациент,молочная,153,br_pan_blueprint|br_pan_blueprint_48,Apoptosis executioners,-1.67901611328125
пациент,молочная,154,br_pan_blueprint|br_pan_blueprint_49,Apoptosis executioners,2.2727279663085938
пациент,молочная,155,br_pan_blueprint|br_pan_blueprint_51,Apoptosis executioners,2.6622543334960938
пациент,молочная,156,br_pan_blueprint|br_pan_blueprint_53,Apoptosis executioners,-4.400382995605469
пациент,молочная,157,br_pan_blueprint|br_pan_blueprint_54,Apoptosis executioners,-11.213191986083984
пациент,молочная,158,br_pdac_GSE179705|br_pdac_GSE179705_GSM5655248,Apoptosis executioners,8.250045776367188
пациент,молочная,159,br_pdac_GSE179705|br_pdac_GSE179705_GSM5655249,Apoptosis executioners,9.050621032714844
пациент,молочная,160,br_tnbc_PRJEB35405|br_tnbc_PRJEB35405_P2,Apoptosis executioners,0.00806427001953125
пациент,молочная,161,br_tnbc_PRJEB35405|br_tnbc_PRJEB35405_P3,Apoptosis executioners,-17.83795166015625
пациент,молочная,162,br_tnbc_PRJEB35405|br_tnbc_PRJEB35405_P5,Apoptosis executioners,-1.2357635498046875
пациент,молочная,163,br_tnbc_pan_GSE148673|br_tnbc_pan_GSE148673_GSM4476485,Apoptosis executioners,4.771110534667969
пациент,молочная,164,br_tnbc_pan_GSE148673|br_tnbc_pan_GSE148673_GSM4476486,Apoptosis executioners,1.6709671020507812
пациент,молочная,165,br_tnbc_pan_GSE148673|br_tnbc_pan_GSE148673_GSM4476487,Apoptosis executioners,-3.5326690673828125
пациент,молочная,166,br_tnbc_pan_GSE148673|br_tnbc_pan_GSE148673_GSM4476488,Apoptosis executioners,7.7342529296875
пациент,молочная,167,br_tnbc_pan_GSE148673|br_tnbc_pan_GSE148673_GSM4476489,Apoptosis executioners,-13.880828857421875
пациент,молочная,168,br_tnbc_pan_GSE148673|br_tnbc_pan_GSE148673_GSM5074416,Apoptosis executioners,-0.93756103515625
пациент,молочная,169,br_tnbc_pan_GSE148673|br_tnbc_pan_GSE148673_GSM5074417,Apoptosis executioners,-5.9235992431640625
пациент,молочная,87,pan_GSE140819|pan_GSE140819_HTAPP-963-SMP-4741,Apoptosis initiators,0.012088775634765625
пациент,молочная,88,pan_GSE140819|pan_GSE140819_HTAPP-394-SMP-1561,Apoptosis initiators,-13.974853515625
пациент,молочная,89,pan_GSE140819|pan_GSE140819_HTAPP-394-SMP-1561,Apoptosis initiators,-12.716257095336914
пациент,молочная,90,pan_GSE140819|pan_GSE140819_HTAPP-589-SMP-2851,Apoptosis initiators,-17.11798667907715
пациент,молочная,91,pan_GSE140819|pan_GSE140819_HTAPP-589-SMP-2851,Apoptosis initiators,-14.294538497924805
пациент,молочная,92,pan_GSE140819|pan_GSE140819_HTAPP-963-SMP-4741,Apoptosis initiators,-16.05550193786621
пациент,молочная,93,pan_GSE140819|pan_GSE140819_HTAPP-963-SMP-4741,Apoptosis initiators,-17.273801803588867
пациент,молочная,97,br_GSE161529|br_GSE161529_Patient_0126,Apoptosis initiators,-3.2801380157470703
пациент,молочная,98,br_GSE161529|br_GSE161529_Patient_0135,Apoptosis initiators,-3.7744483947753906
пациент,молочная,99,br_GSE161529|br_GSE161529_Patient_0114,Apoptosis initiators,-8.301095962524414
пациент,молочная,100,br_GSE161529|br_GSE161529_Patient_4031,Apoptosis initiators,-1.28411865234375
пациент,молочная,101,br_GSE161529|br_GSE161529_Patient_0554,Apoptosis initiators,-2.9161376953125
пациент,молочная,102,br_GSE161529|br_GSE161529_Patient_0177,Apoptosis initiators,-2.1531810760498047
пациент,молочная,103,br_GSE161529|br_GSE161529_Patient_0308,Apoptosis initiators,-6.477008819580078
пациент,молочная,104,br_GSE161529|br_GSE161529_Patient_0337,Apoptosis initiators,-6.854448318481445
пациент,молочная,105,br_GSE161529|br_GSE161529_Patient_0031,Apoptosis initiators,-4.300989151000977
пациент,молочная,106,br_GSE161529|br_GSE161529_Patient_0069,Apoptosis initiators,-10.291746139526367
пациент,молочная,107,br_GSE161529|br_GSE161529_Patient_0161,Apoptosis initiators,-7.71142578125
пациент,молочная,108,br_GSE161529|br_GSE161529_Patient_0176,Apoptosis initiators,-7.558296203613281
пациент,молочная,109,br_GSE161529|br_GSE161529_Patient_0319,Apoptosis initiators,0.7522068023681641
пациент,молочная,110,br_GSE161529|br_GSE161529_Patient_0001,Apoptosis initiators,-5.309743881225586
пациент,молочная,111,br_GSE161529|br_GSE161529_Patient_0360,Apoptosis initiators,-3.2908897399902344
пациент,молочная,112,br_GSE161529|br_GSE161529_Patient_0114,Apoptosis initiators,-1.3096351623535156
пациент,молочная,113,br_GSE161529|br_GSE161529_Patient_0032,Apoptosis initiators,-15.690147399902344
пациент,молочная,114,br_GSE161529|br_GSE161529_Patient_0042,Apoptosis initiators,-6.233882904052734
пациент,молочная,115,br_GSE161529|br_GSE161529_Patient_0025,Apoptosis initiators,-2.4621219635009766
пациент,молочная,116,br_GSE161529|br_GSE161529_Patient_0151,Apoptosis initiators,-3.096118927001953
пациент,молочная,117,br_GSE161529|br_GSE161529_Patient_0163,Apoptosis initiators,-6.965934753417969
пациент,молочная,118,br_GSE161529|br_GSE161529_Patient_0029,Apoptosis initiators,-7.1298065185546875
пациент,молочная,119,br_GSE161529|br_GSE161529_Patient_0029,Apoptosis initiators,-5.33526611328125
пациент,молочная,120,br_GSE161529|br_GSE161529_Patient_0043,Apoptosis initiators,-1.7958831787109375
пациент,молочная,121,br_GSE161529|br_GSE161529_Patient_0043,Apoptosis initiators,-4.161291122436523
пациент,молочная,122,br_GSE161529|br_GSE161529_Patient_0056,Apoptosis initiators,-20.966983795166016
пациент,молочная,123,br_GSE161529|br_GSE161529_Patient_0056,Apoptosis initiators,-4.322479248046875
пациент,молочная,124,br_GSE161529|br_GSE161529_Patient_0064.T,Apoptosis initiators,-3.85369873046875
пациент,молочная,125,br_GSE161529|br_GSE161529_Patient_0064.T,Apoptosis initiators,-6.973325729370117
пациент,молочная,126,br_GSE161529|br_GSE161529_Patient_0167,Apoptosis initiators,-6.66505241394043
пациент,молочная,127,br_GSE161529|br_GSE161529_Patient_0167,Apoptosis initiators,-4.953794479370117
пациент,молочная,128,br_GSE161529|br_GSE161529_Patient_0173,Apoptosis initiators,-5.542125701904297
пациент,молочная,129,br_GSE161529|br_GSE161529_Patient_0173,Apoptosis initiators,-4.73350715637207
пациент,молочная,130,br_GSE161529|br_GSE161529_Patient_0178,Apoptosis initiators,0.6823539733886719
пациент,молочная,131,br_GSE161529|br_GSE161529_Patient_0068,Apoptosis initiators,-3.3271560668945312
пациент,молочная,132,br_GSE161529|br_GSE161529_Patient_0068,Apoptosis initiators,0.646087646484375
пациент,молочная,133,br_GSE176078|br_GSE176078_CID3921,Apoptosis initiators,0.33714866638183594
пациент,молочная,134,br_GSE176078|br_GSE176078_CID3941,Apoptosis initiators,1.66424560546875
пациент,молочная,135,br_GSE176078|br_GSE176078_CID4066,Apoptosis initiators,1.379486083984375
пациент,молочная,136,br_GSE176078|br_GSE176078_CID4067,Apoptosis initiators,-3.619976043701172
пациент,молочная,137,br_GSE176078|br_GSE176078_CID4290A,Apoptosis initiators,-3.1807422637939453
пациент,молочная,138,br_GSE176078|br_GSE176078_CID4461,Apoptosis initiators,-0.8059310913085938
пациент,молочная,139,br_GSE176078|br_GSE176078_CID4463,Apoptosis initiators,-3.3016319274902344
пациент,молочная,140,br_GSE176078|br_GSE176078_CID4465,Apoptosis initiators,-6.160005569458008
пациент,молочная,141,br_GSE176078|br_GSE176078_CID4471,Apoptosis initiators,-2.1625823974609375
пациент,молочная,142,br_GSE176078|br_GSE176078_CID4495,Apoptosis initiators,2.061840057373047
пациент,молочная,143,br_GSE176078|br_GSE176078_CID44971,Apoptosis initiators,0.3089408874511719
пациент,молочная,144,br_GSE176078|br_GSE176078_CID44991,Apoptosis initiators,-3.0356788635253906
пациент,молочная,145,br_GSE176078|br_GSE176078_CID4513,Apoptosis initiators,1.3579959869384766
пациент,молочная,146,br_GSE176078|br_GSE176078_CID4515,Apoptosis initiators,-0.06850433349609375
пациент,молочная,147,br_GSE176078|br_GSE176078_CID45171,Apoptosis initiators,-1.7663345336914062
пациент,молочная,148,br_GSE176078|br_GSE176078_CID4530N,Apoptosis initiators,-0.831451416015625
пациент,молочная,149,br_GSE176078|br_GSE176078_CID4535,Apoptosis initiators,-2.8906078338623047
пациент,молочная,150,br_pan_blueprint|br_pan_blueprint_42,Apoptosis initiators,-6.992803573608398
пациент,молочная,151,br_pan_blueprint|br_pan_blueprint_43,Apoptosis initiators,-5.530035018920898
пациент,молочная,152,br_pan_blueprint|br_pan_blueprint_47,Apoptosis initiators,-4.910808563232422
пациент,молочная,153,br_pan_blueprint|br_pan_blueprint_48,Apoptosis initiators,2.722705841064453
пациент,молочная,154,br_pan_blueprint|br_pan_blueprint_49,Apoptosis initiators,-13.555770874023438
пациент,молочная,155,br_pan_blueprint|br_pan_blueprint_51,Apoptosis initiators,-4.850366592407227
пациент,молочная,156,br_pan_blueprint|br_pan_blueprint_53,Apoptosis initiators,-4.26203727722168
пациент,молочная,157,br_pan_blueprint|br_pan_blueprint_54,Apoptosis initiators,-1.6373825073242188
пациент,молочная,158,br_pdac_GSE179705|br_pdac_GSE179705_GSM5655248,Apoptosis initiators,-7.530088424682617
пациент,молочная,159,br_pdac_GSE179705|br_pdac_GSE179705_GSM5655249,Apoptosis initiators,-7.76783561706543
пациент,молочная,160,br_tnbc_PRJEB35405|br_tnbc_PRJEB35405_P2,Apoptosis initiators,1.5541038513183594
пациент,молочная,161,br_tnbc_PRJEB35405|br_tnbc_PRJEB35405_P3,Apoptosis initiators,-3.179401397705078
пациент,молочная,162,br_tnbc_PRJEB35405|br_tnbc_PRJEB35405_P5,Apoptosis initiators,0.1423797607421875
пациент,молочная,163,br_tnbc_pan_GSE148673|br_tnbc_pan_GSE148673_GSM4476485,Apoptosis initiators,-2.261981964111328
пациент,молочная,164,br_tnbc_pan_GSE148673|br_tnbc_pan_GSE148673_GSM4476486,Apoptosis initiators,-5.204973220825195
пациент,молочная,165,br_tnbc_pan_GSE148673|br_tnbc_pan_GSE148673_GSM4476487,Apoptosis initiators,-0.8126487731933594
пациент,молочная,166,br_tnbc_pan_GSE148673|br_tnbc_pan_GSE148673_GSM4476488,Apoptosis initiators,-2.198850631713867
пациент,молочная,167,br_tnbc_pan_GSE148673|br_tnbc_pan_GSE148673_GSM4476489,Apoptosis initiators,-2.969858169555664
пациент,молочная,168,br_tnbc_pan_GSE148673|br_tnbc_pan_GSE148673_GSM5074416,Apoptosis initiators,-7.380990982055664
пациент,молочная,169,br_tnbc_pan_GSE148673|br_tnbc_pan_GSE148673_GSM5074417,Apoptosis initiators,-6.405815124511719
пациент,молочная,87,pan_GSE140819|pan_GSE140819_HTAPP-963-SMP-4741,BRAKES,16.551151275634766
пациент,молочная,88,pan_GSE140819|pan_GSE140819_HTAPP-394-SMP-1561,BRAKES,11.180957794189453
пациент,молочная,89,pan_GSE140819|pan_GSE140819_HTAPP-394-SMP-1561,BRAKES,11.672574996948242
пациент,молочная,90,pan_GSE140819|pan_GSE140819_HTAPP-589-SMP-2851,BRAKES,10.799484252929688
пациент,молочная,91,pan_GSE140819|pan_GSE140819_HTAPP-589-SMP-2851,BRAKES,10.846492767333984
пациент,молочная,92,pan_GSE140819|pan_GSE140819_HTAPP-963-SMP-4741,BRAKES,24.768966674804688
пациент,молочная,93,pan_GSE140819|pan_GSE140819_HTAPP-963-SMP-4741,BRAKES,25.486248016357422
пациент,молочная,97,br_GSE161529|br_GSE161529_Patient_0126,BRAKES,5.088108062744141
пациент,молочная,98,br_GSE161529|br_GSE161529_Patient_0135,BRAKES,15.131366729736328
пациент,молочная,99,br_GSE161529|br_GSE161529_Patient_0114,BRAKES,13.463090896606445
пациент,молочная,100,br_GSE161529|br_GSE161529_Patient_4031,BRAKES,4.121002197265625
пациент,молочная,101,br_GSE161529|br_GSE161529_Patient_0554,BRAKES,22.461318969726562
пациент,молочная,102,br_GSE161529|br_GSE161529_Patient_0177,BRAKES,19.752042770385742
пациент,молочная,103,br_GSE161529|br_GSE161529_Patient_0308,BRAKES,9.660430908203125
пациент,молочная,104,br_GSE161529|br_GSE161529_Patient_0337,BRAKES,7.972007751464844
пациент,молочная,105,br_GSE161529|br_GSE161529_Patient_0031,BRAKES,9.281646728515625
пациент,молочная,106,br_GSE161529|br_GSE161529_Patient_0069,BRAKES,14.96749496459961
пациент,молочная,107,br_GSE161529|br_GSE161529_Patient_0161,BRAKES,6.979366302490234
пациент,молочная,108,br_GSE161529|br_GSE161529_Patient_0176,BRAKES,13.387870788574219
пациент,молочная,109,br_GSE161529|br_GSE161529_Patient_0319,BRAKES,8.28094482421875
пациент,молочная,110,br_GSE161529|br_GSE161529_Patient_0001,BRAKES,8.247367858886719
пациент,молочная,111,br_GSE161529|br_GSE161529_Patient_0360,BRAKES,5.5595855712890625
пациент,молочная,112,br_GSE161529|br_GSE161529_Patient_0114,BRAKES,13.33144760131836
пациент,молочная,113,br_GSE161529|br_GSE161529_Patient_0032,BRAKES,16.960834503173828
пациент,молочная,114,br_GSE161529|br_GSE161529_Patient_0042,BRAKES,12.321355819702148
пациент,молочная,115,br_GSE161529|br_GSE161529_Patient_0025,BRAKES,9.44686508178711
пациент,молочная,116,br_GSE161529|br_GSE161529_Patient_0151,BRAKES,11.348859786987305
пациент,молочная,117,br_GSE161529|br_GSE161529_Patient_0163,BRAKES,4.3560638427734375
пациент,молочная,118,br_GSE161529|br_GSE161529_Patient_0029,BRAKES,11.784067153930664
пациент,молочная,119,br_GSE161529|br_GSE161529_Patient_0029,BRAKES,5.203636169433594
пациент,молочная,120,br_GSE161529|br_GSE161529_Patient_0043,BRAKES,7.12443733215332
пациент,молочная,121,br_GSE161529|br_GSE161529_Patient_0043,BRAKES,1.2814292907714844
пациент,молочная,122,br_GSE161529|br_GSE161529_Patient_0056,BRAKES,5.903453826904297
пациент,молочная,123,br_GSE161529|br_GSE161529_Patient_0056,BRAKES,5.393028259277344
пациент,молочная,124,br_GSE161529|br_GSE161529_Patient_0064.T,BRAKES,12.647754669189453
пациент,молочная,125,br_GSE161529|br_GSE161529_Patient_0064.T,BRAKES,16.195201873779297
пациент,молочная,126,br_GSE161529|br_GSE161529_Patient_0167,BRAKES,4.088756561279297
пациент,молочная,127,br_GSE161529|br_GSE161529_Patient_0167,BRAKES,2.502420425415039
пациент,молочная,128,br_GSE161529|br_GSE161529_Patient_0173,BRAKES,11.281698226928711
пациент,молочная,129,br_GSE161529|br_GSE161529_Patient_0173,BRAKES,10.706802368164062
пациент,молочная,130,br_GSE161529|br_GSE161529_Patient_0178,BRAKES,10.873363494873047
пациент,молочная,131,br_GSE161529|br_GSE161529_Patient_0068,BRAKES,10.11309814453125
пациент,молочная,132,br_GSE161529|br_GSE161529_Patient_0068,BRAKES,0.34117698669433594
пациент,молочная,133,br_GSE176078|br_GSE176078_CID3921,BRAKES,3.7234039306640625
пациент,молочная,134,br_GSE176078|br_GSE176078_CID3941,BRAKES,3.5333423614501953
пациент,молочная,135,br_GSE176078|br_GSE176078_CID4066,BRAKES,5.996128082275391
пациент,молочная,136,br_GSE176078|br_GSE176078_CID4067,BRAKES,11.672576904296875
пациент,молочная,137,br_GSE176078|br_GSE176078_CID4290A,BRAKES,11.526163101196289
пациент,молочная,138,br_GSE176078|br_GSE176078_CID4461,BRAKES,11.426773071289062
пациент,молочная,139,br_GSE176078|br_GSE176078_CID4463,BRAKES,3.4144630432128906
пациент,молочная,140,br_GSE176078|br_GSE176078_CID4465,BRAKES,9.966686248779297
пациент,молочная,141,br_GSE176078|br_GSE176078_CID4471,BRAKES,11.845855712890625
пациент,молочная,142,br_GSE176078|br_GSE176078_CID4495,BRAKES,8.117073059082031
пациент,молочная,143,br_GSE176078|br_GSE176078_CID44971,BRAKES,9.175533294677734
пациент,молочная,144,br_GSE176078|br_GSE176078_CID44991,BRAKES,5.108264923095703
пациент,молочная,145,br_GSE176078|br_GSE176078_CID4513,BRAKES,6.310443878173828
пациент,молочная,146,br_GSE176078|br_GSE176078_CID4515,BRAKES,12.53626823425293
пациент,молочная,147,br_GSE176078|br_GSE176078_CID45171,BRAKES,6.820869445800781
пациент,молочная,148,br_GSE176078|br_GSE176078_CID4530N,BRAKES,10.634269714355469
пациент,молочная,149,br_GSE176078|br_GSE176078_CID4535,BRAKES,11.543632507324219
пациент,молочная,150,br_pan_blueprint|br_pan_blueprint_42,BRAKES,10.635610580444336
пациент,молочная,151,br_pan_blueprint|br_pan_blueprint_43,BRAKES,18.41553497314453
пациент,молочная,152,br_pan_blueprint|br_pan_blueprint_47,BRAKES,0.8824920654296875
пациент,молочная,153,br_pan_blueprint|br_pan_blueprint_48,BRAKES,-4.941703796386719
пациент,молочная,154,br_pan_blueprint|br_pan_blueprint_49,BRAKES,9.273588180541992
пациент,молочная,155,br_pan_blueprint|br_pan_blueprint_51,BRAKES,2.047069549560547
пациент,молочная,156,br_pan_blueprint|br_pan_blueprint_53,BRAKES,5.33392333984375
пациент,молочная,157,br_pan_blueprint|br_pan_blueprint_54,BRAKES,6.910865783691406
пациент,молочная,158,br_pdac_GSE179705|br_pdac_GSE179705_GSM5655248,BRAKES,13.731731414794922
пациент,молочная,159,br_pdac_GSE179705|br_pdac_GSE179705_GSM5655249,BRAKES,15.076297760009766
пациент,молочная,160,br_tnbc_PRJEB35405|br_tnbc_PRJEB35405_P2,BRAKES,8.399150848388672
пациент,молочная,161,br_tnbc_PRJEB35405|br_tnbc_PRJEB35405_P3,BRAKES,4.094135284423828
пациент,молочная,162,br_tnbc_PRJEB35405|br_tnbc_PRJEB35405_P5,BRAKES,12.72297477722168
пациент,молочная,163,br_tnbc_pan_GSE148673|br_tnbc_pan_GSE148673_GSM4476485,BRAKES,5.633464813232422
пациент,молочная,164,br_tnbc_pan_GSE148673|br_tnbc_pan_GSE148673_GSM4476486,BRAKES,10.34681510925293
пациент,молочная,165,br_tnbc_pan_GSE148673|br_tnbc_pan_GSE148673_GSM4476487,BRAKES,9.422683715820312
пациент,молочная,166,br_tnbc_pan_GSE148673|br_tnbc_pan_GSE148673_GSM4476488,BRAKES,5.366161346435547
пациент,молочная,167,br_tnbc_pan_GSE148673|br_tnbc_pan_GSE148673_GSM4476489,BRAKES,14.017837524414062
пациент,молочная,168,br_tnbc_pan_GSE148673|br_tnbc_pan_GSE148673_GSM5074416,BRAKES,-0.06581497192382812
пациент,молочная,169,br_tnbc_pan_GSE148673|br_tnbc_pan_GSE148673_GSM5074417,BRAKES,-0.9362258911132812
пациент,молочная,87,pan_GSE140819|pan_GSE140819_HTAPP-963-SMP-4741,ENTRY adaptors,2.2566070556640625
пациент,молочная,88,pan_GSE140819|pan_GSE140819_HTAPP-394-SMP-1561,ENTRY adaptors,-6.882652282714844
пациент,молочная,89,pan_GSE140819|pan_GSE140819_HTAPP-394-SMP-1561,ENTRY adaptors,-3.024930953979492
пациент,молочная,90,pan_GSE140819|pan_GSE140819_HTAPP-589-SMP-2851,ENTRY adaptors,-6.487751007080078
пациент,молочная,91,pan_GSE140819|pan_GSE140819_HTAPP-589-SMP-2851,ENTRY adaptors,-7.567699432373047
пациент,молочная,92,pan_GSE140819|pan_GSE140819_HTAPP-963-SMP-4741,ENTRY adaptors,-21.800453186035156
пациент,молочная,93,pan_GSE140819|pan_GSE140819_HTAPP-963-SMP-4741,ENTRY adaptors,-17.421558380126953
пациент,молочная,97,br_GSE161529|br_GSE161529_Patient_0126,ENTRY adaptors,-1.1444168090820312
пациент,молочная,98,br_GSE161529|br_GSE161529_Patient_0135,ENTRY adaptors,7.062646865844727
пациент,молочная,99,br_GSE161529|br_GSE161529_Patient_0114,ENTRY adaptors,8.878684997558594
пациент,молочная,100,br_GSE161529|br_GSE161529_Patient_4031,ENTRY adaptors,2.114225387573242
пациент,молочная,101,br_GSE161529|br_GSE161529_Patient_0554,ENTRY adaptors,0.37879180908203125
пациент,молочная,102,br_GSE161529|br_GSE161529_Patient_0177,ENTRY adaptors,5.211692810058594
пациент,молочная,103,br_GSE161529|br_GSE161529_Patient_0308,ENTRY adaptors,1.28680419921875
пациент,молочная,104,br_GSE161529|br_GSE161529_Patient_0337,ENTRY adaptors,11.352890014648438
пациент,молочная,105,br_GSE161529|br_GSE161529_Patient_0031,ENTRY adaptors,-4.4541168212890625
пациент,молочная,106,br_GSE161529|br_GSE161529_Patient_0069,ENTRY adaptors,-3.583709716796875
пациент,молочная,107,br_GSE161529|br_GSE161529_Patient_0161,ENTRY adaptors,-6.1062774658203125
пациент,молочная,108,br_GSE161529|br_GSE161529_Patient_0176,ENTRY adaptors,-1.3136749267578125
пациент,молочная,109,br_GSE161529|br_GSE161529_Patient_0319,ENTRY adaptors,3.6884765625
пациент,молочная,110,br_GSE161529|br_GSE161529_Patient_0001,ENTRY adaptors,0.5037059783935547
пациент,молочная,111,br_GSE161529|br_GSE161529_Patient_0360,ENTRY adaptors,-17.824520111083984
пациент,молочная,112,br_GSE161529|br_GSE161529_Patient_0114,ENTRY adaptors,-1.64141845703125
пациент,молочная,113,br_GSE161529|br_GSE161529_Patient_0032,ENTRY adaptors,8.545562744140625
пациент,молочная,114,br_GSE161529|br_GSE161529_Patient_0042,ENTRY adaptors,-11.696754455566406
пациент,молочная,115,br_GSE161529|br_GSE161529_Patient_0025,ENTRY adaptors,-4.916179656982422
пациент,молочная,116,br_GSE161529|br_GSE161529_Patient_0151,ENTRY adaptors,-7.519344329833984
пациент,молочная,117,br_GSE161529|br_GSE161529_Patient_0163,ENTRY adaptors,-5.187507629394531
пациент,молочная,118,br_GSE161529|br_GSE161529_Patient_0029,ENTRY adaptors,-2.5762939453125
пациент,молочная,119,br_GSE161529|br_GSE161529_Patient_0029,ENTRY adaptors,-2.8691158294677734
пациент,молочная,120,br_GSE161529|br_GSE161529_Patient_0043,ENTRY adaptors,4.395011901855469
пациент,молочная,121,br_GSE161529|br_GSE161529_Patient_0043,ENTRY adaptors,-12.325386047363281
пациент,молочная,122,br_GSE161529|br_GSE161529_Patient_0056,ENTRY adaptors,2.0927276611328125
пациент,молочная,123,br_GSE161529|br_GSE161529_Patient_0056,ENTRY adaptors,6.366859436035156
пациент,молочная,124,br_GSE161529|br_GSE161529_Patient_0064.T,ENTRY adaptors,-0.21759796142578125
пациент,молочная,125,br_GSE161529|br_GSE161529_Patient_0064.T,ENTRY adaptors,0.0
пациент,молочная,126,br_GSE161529|br_GSE161529_Patient_0167,ENTRY adaptors,4.190845489501953
пациент,молочная,127,br_GSE161529|br_GSE161529_Patient_0167,ENTRY adaptors,7.248016357421875
пациент,молочная,128,br_GSE161529|br_GSE161529_Patient_0173,ENTRY adaptors,7.556953430175781
пациент,молочная,129,br_GSE161529|br_GSE161529_Patient_0173,ENTRY adaptors,1.8482742309570312
пациент,молочная,130,br_GSE161529|br_GSE161529_Patient_0178,ENTRY adaptors,2.122283935546875
пациент,молочная,131,br_GSE161529|br_GSE161529_Patient_0068,ENTRY adaptors,5.851066589355469
пациент,молочная,132,br_GSE161529|br_GSE161529_Patient_0068,ENTRY adaptors,4.23919677734375
пациент,молочная,133,br_GSE176078|br_GSE176078_CID3921,ENTRY adaptors,7.278907775878906
пациент,молочная,134,br_GSE176078|br_GSE176078_CID3941,ENTRY adaptors,-1.9503555297851562
пациент,молочная,135,br_GSE176078|br_GSE176078_CID4066,ENTRY adaptors,-2.5870399475097656
пациент,молочная,136,br_GSE176078|br_GSE176078_CID4067,ENTRY adaptors,-5.407800674438477
пациент,молочная,137,br_GSE176078|br_GSE176078_CID4290A,ENTRY adaptors,-5.668386459350586
пациент,молочная,138,br_GSE176078|br_GSE176078_CID4461,ENTRY adaptors,1.67095947265625
пациент,молочная,139,br_GSE176078|br_GSE176078_CID4463,ENTRY adaptors,-8.241996765136719
пациент,молочная,140,br_GSE176078|br_GSE176078_CID4465,ENTRY adaptors,11.718246459960938
пациент,молочная,141,br_GSE176078|br_GSE176078_CID4471,ENTRY adaptors,0.19610977172851562
пациент,молочная,142,br_GSE176078|br_GSE176078_CID4495,ENTRY adaptors,6.9847412109375
пациент,молочная,143,br_GSE176078|br_GSE176078_CID44971,ENTRY adaptors,1.3109817504882812
пациент,молочная,144,br_GSE176078|br_GSE176078_CID44991,ENTRY adaptors,8.588546752929688
пациент,молочная,145,br_GSE176078|br_GSE176078_CID4513,ENTRY adaptors,15.027938842773438
пациент,молочная,146,br_GSE176078|br_GSE176078_CID4515,ENTRY adaptors,4.6448516845703125
пациент,молочная,147,br_GSE176078|br_GSE176078_CID45171,ENTRY adaptors,9.284332275390625
пациент,молочная,148,br_GSE176078|br_GSE176078_CID4530N,ENTRY adaptors,0.9187698364257812
пациент,молочная,149,br_GSE176078|br_GSE176078_CID4535,ENTRY adaptors,2.296905517578125
пациент,молочная,150,br_pan_blueprint|br_pan_blueprint_42,ENTRY adaptors,-5.3648223876953125
пациент,молочная,151,br_pan_blueprint|br_pan_blueprint_43,ENTRY adaptors,1.3217239379882812
пациент,молочная,152,br_pan_blueprint|br_pan_blueprint_47,ENTRY adaptors,-0.0725250244140625
пациент,молочная,153,br_pan_blueprint|br_pan_blueprint_48,ENTRY adaptors,-2.1679611206054688
пациент,молочная,154,br_pan_blueprint|br_pan_blueprint_49,ENTRY adaptors,1.007415771484375
пациент,молочная,155,br_pan_blueprint|br_pan_blueprint_51,ENTRY adaptors,3.008810043334961
пациент,молочная,156,br_pan_blueprint|br_pan_blueprint_53,ENTRY adaptors,-2.296905517578125
пациент,молочная,157,br_pan_blueprint|br_pan_blueprint_54,ENTRY adaptors,-5.988067626953125
пациент,молочная,158,br_pdac_GSE179705|br_pdac_GSE179705_GSM5655248,ENTRY adaptors,1.445302963256836
пациент,молочная,159,br_pdac_GSE179705|br_pdac_GSE179705_GSM5655249,ENTRY adaptors,-2.1975059509277344
пациент,молочная,160,br_tnbc_PRJEB35405|br_tnbc_PRJEB35405_P2,ENTRY adaptors,3.0679092407226562
пациент,молочная,161,br_tnbc_PRJEB35405|br_tnbc_PRJEB35405_P3,ENTRY adaptors,8.062004089355469
пациент,молочная,162,br_tnbc_PRJEB35405|br_tnbc_PRJEB35405_P5,ENTRY adaptors,4.569633483886719
пациент,молочная,163,br_tnbc_pan_GSE148673|br_tnbc_pan_GSE148673_GSM4476485,ENTRY adaptors,-0.92950439453125
пациент,молочная,164,br_tnbc_pan_GSE148673|br_tnbc_pan_GSE148673_GSM4476486,ENTRY adaptors,0.1316375732421875
пациент,молочная,165,br_tnbc_pan_GSE148673|br_tnbc_pan_GSE148673_GSM4476487,ENTRY adaptors,2.5386810302734375
пациент,молочная,166,br_tnbc_pan_GSE148673|br_tnbc_pan_GSE148673_GSM4476488,ENTRY adaptors,-5.5582427978515625
пациент,молочная,167,br_tnbc_pan_GSE148673|br_tnbc_pan_GSE148673_GSM4476489,ENTRY adaptors,-2.8341922760009766
пациент,молочная,168,br_tnbc_pan_GSE148673|br_tnbc_pan_GSE148673_GSM5074416,ENTRY adaptors,-1.1068115234375
пациент,молочная,169,br_tnbc_pan_GSE148673|br_tnbc_pan_GSE148673_GSM5074417,ENTRY adaptors,-1.9637832641601562
пациент,молочная,87,pan_GSE140819|pan_GSE140819_HTAPP-963-SMP-4741,ENTRY receptors,-7.687248229980469
пациент,молочная,88,pan_GSE140819|pan_GSE140819_HTAPP-394-SMP-1561,ENTRY receptors,-17.365142822265625
пациент,молочная,89,pan_GSE140819|pan_GSE140819_HTAPP-394-SMP-1561,ENTRY receptors,-17.683483123779297
пациент,молочная,90,pan_GSE140819|pan_GSE140819_HTAPP-589-SMP-2851,ENTRY receptors,-15.475227355957031
пациент,молочная,91,pan_GSE140819|pan_GSE140819_HTAPP-589-SMP-2851,ENTRY receptors,-16.275789260864258
пациент,молочная,92,pan_GSE140819|pan_GSE140819_HTAPP-963-SMP-4741,ENTRY receptors,10.240705490112305
пациент,молочная,93,pan_GSE140819|pan_GSE140819_HTAPP-963-SMP-4741,ENTRY receptors,10.088920593261719
пациент,молочная,97,br_GSE161529|br_GSE161529_Patient_0126,ENTRY receptors,-8.005584716796875
пациент,молочная,98,br_GSE161529|br_GSE161529_Patient_0135,ENTRY receptors,4.824846267700195
пациент,молочная,99,br_GSE161529|br_GSE161529_Patient_0114,ENTRY receptors,-1.5742530822753906
пациент,молочная,100,br_GSE161529|br_GSE161529_Patient_4031,ENTRY receptors,-5.797338485717773
пациент,молочная,101,br_GSE161529|br_GSE161529_Patient_0554,ENTRY receptors,-0.6783256530761719
пациент,молочная,102,br_GSE161529|br_GSE161529_Patient_0177,ENTRY receptors,-12.921770095825195
пациент,молочная,103,br_GSE161529|br_GSE161529_Patient_0308,ENTRY receptors,-13.51682186126709
пациент,молочная,104,br_GSE161529|br_GSE161529_Patient_0337,ENTRY receptors,-2.270040512084961
пациент,молочная,105,br_GSE161529|br_GSE161529_Patient_0031,ENTRY receptors,-18.347030639648438
пациент,молочная,106,br_GSE161529|br_GSE161529_Patient_0069,ENTRY receptors,-13.743820190429688
пациент,молочная,107,br_GSE161529|br_GSE161529_Patient_0161,ENTRY receptors,-8.088865280151367
пациент,молочная,108,br_GSE161529|br_GSE161529_Patient_0176,ENTRY receptors,-8.614068984985352
пациент,молочная,109,br_GSE161529|br_GSE161529_Patient_0319,ENTRY receptors,-6.627447128295898
пациент,молочная,110,br_GSE161529|br_GSE161529_Patient_0001,ENTRY receptors,-3.5850563049316406
пациент,молочная,111,br_GSE161529|br_GSE161529_Patient_0360,ENTRY receptors,-8.912261962890625
пациент,молочная,112,br_GSE161529|br_GSE161529_Patient_0114,ENTRY receptors,-3.9410057067871094
пациент,молочная,113,br_GSE161529|br_GSE161529_Patient_0032,ENTRY receptors,-5.73823356628418
пациент,молочная,114,br_GSE161529|br_GSE161529_Patient_0042,ENTRY receptors,-3.196868896484375
пациент,молочная,115,br_GSE161529|br_GSE161529_Patient_0025,ENTRY receptors,4.202934265136719
пациент,молочная,116,br_GSE161529|br_GSE161529_Patient_0151,ENTRY receptors,-11.833761215209961
пациент,молочная,117,br_GSE161529|br_GSE161529_Patient_0163,ENTRY receptors,-11.077529907226562
пациент,молочная,118,br_GSE161529|br_GSE161529_Patient_0029,ENTRY receptors,-8.4488525390625
пациент,молочная,119,br_GSE161529|br_GSE161529_Patient_0029,ENTRY receptors,-14.837202072143555
пациент,молочная,120,br_GSE161529|br_GSE161529_Patient_0043,ENTRY receptors,-13.882171630859375
пациент,молочная,121,br_GSE161529|br_GSE161529_Patient_0043,ENTRY receptors,-9.661775588989258
пациент,молочная,122,br_GSE161529|br_GSE161529_Patient_0056,ENTRY receptors,-19.890396118164062
пациент,молочная,123,br_GSE161529|br_GSE161529_Patient_0056,ENTRY receptors,-9.687299728393555
пациент,молочная,124,br_GSE161529|br_GSE161529_Patient_0064.T,ENTRY receptors,-7.922306060791016
пациент,молочная,125,br_GSE161529|br_GSE161529_Patient_0064.T,ENTRY receptors,-15.676042556762695
пациент,молочная,126,br_GSE161529|br_GSE161529_Patient_0167,ENTRY receptors,-11.29647445678711
пациент,молочная,127,br_GSE161529|br_GSE161529_Patient_0167,ENTRY receptors,-11.96405029296875
пациент,молочная,128,br_GSE161529|br_GSE161529_Patient_0173,ENTRY receptors,-13.265636444091797
пациент,молочная,129,br_GSE161529|br_GSE161529_Patient_0173,ENTRY receptors,-12.119869232177734
пациент,молочная,130,br_GSE161529|br_GSE161529_Patient_0178,ENTRY receptors,-3.028961181640625
пациент,молочная,131,br_GSE161529|br_GSE161529_Patient_0068,ENTRY receptors,-25.779067993164062
пациент,молочная,132,br_GSE161529|br_GSE161529_Patient_0068,ENTRY receptors,-9.720876693725586
пациент,молочная,133,br_GSE176078|br_GSE176078_CID3921,ENTRY receptors,-6.315820693969727
пациент,молочная,134,br_GSE176078|br_GSE176078_CID3941,ENTRY receptors,3.6038589477539062
пациент,молочная,135,br_GSE176078|br_GSE176078_CID4066,ENTRY receptors,-4.878574371337891
пациент,молочная,136,br_GSE176078|br_GSE176078_CID4067,ENTRY receptors,-3.5152034759521484
пациент,молочная,137,br_GSE176078|br_GSE176078_CID4290A,ENTRY receptors,4.521278381347656
пациент,молочная,138,br_GSE176078|br_GSE176078_CID4461,ENTRY receptors,-10.549642562866211
пациент,молочная,139,br_GSE176078|br_GSE176078_CID4463,ENTRY receptors,-5.344667434692383
пациент,молочная,140,br_GSE176078|br_GSE176078_CID4465,ENTRY receptors,-11.240732192993164
пациент,молочная,141,br_GSE176078|br_GSE176078_CID4471,ENTRY receptors,6.893402099609375
пациент,молочная,142,br_GSE176078|br_GSE176078_CID4495,ENTRY receptors,6.612667083740234
пациент,молочная,143,br_GSE176078|br_GSE176078_CID44971,ENTRY receptors,6.275520324707031
пациент,молочная,144,br_GSE176078|br_GSE176078_CID44991,ENTRY receptors,-7.1271209716796875
пациент,молочная,145,br_GSE176078|br_GSE176078_CID4513,ENTRY receptors,13.261608123779297
пациент,молочная,146,br_GSE176078|br_GSE176078_CID4515,ENTRY receptors,-4.4568023681640625
пациент,молочная,147,br_GSE176078|br_GSE176078_CID45171,ENTRY receptors,-7.477701187133789
пациент,молочная,148,br_GSE176078|br_GSE176078_CID4530N,ENTRY receptors,-4.090097427368164
пациент,молочная,149,br_GSE176078|br_GSE176078_CID4535,ENTRY receptors,-9.798788070678711
пациент,молочная,150,br_pan_blueprint|br_pan_blueprint_42,ENTRY receptors,-6.924297332763672
пациент,молочная,151,br_pan_blueprint|br_pan_blueprint_43,ENTRY receptors,3.922199249267578
пациент,молочная,152,br_pan_blueprint|br_pan_blueprint_47,ENTRY receptors,-7.489788055419922
пациент,молочная,153,br_pan_blueprint|br_pan_blueprint_48,ENTRY receptors,3.87451171875
пациент,молочная,154,br_pan_blueprint|br_pan_blueprint_49,ENTRY receptors,-5.415859222412109
пациент,молочная,155,br_pan_blueprint|br_pan_blueprint_51,ENTRY receptors,-7.542179107666016
пациент,молочная,156,br_pan_blueprint|br_pan_blueprint_53,ENTRY receptors,-13.065494537353516
пациент,молочная,157,br_pan_blueprint|br_pan_blueprint_54,ENTRY receptors,-5.0088653564453125
пациент,молочная,158,br_pdac_GSE179705|br_pdac_GSE179705_GSM5655248,ENTRY receptors,-7.68589973449707
пациент,молочная,159,br_pdac_GSE179705|br_pdac_GSE179705_GSM5655249,ENTRY receptors,-5.277509689331055
пациент,молочная,160,br_tnbc_PRJEB35405|br_tnbc_PRJEB35405_P2,ENTRY receptors,7.49113655090332
пациент,молочная,161,br_tnbc_PRJEB35405|br_tnbc_PRJEB35405_P3,ENTRY receptors,-5.998817443847656
пациент,молочная,162,br_tnbc_PRJEB35405|br_tnbc_PRJEB35405_P5,ENTRY receptors,-3.7596683502197266
пациент,молочная,163,br_tnbc_pan_GSE148673|br_tnbc_pan_GSE148673_GSM4476485,ENTRY receptors,-13.109820365905762
пациент,молочная,164,br_tnbc_pan_GSE148673|br_tnbc_pan_GSE148673_GSM4476486,ENTRY receptors,1.5944061279296875
пациент,молочная,165,br_tnbc_pan_GSE148673|br_tnbc_pan_GSE148673_GSM4476487,ENTRY receptors,-2.182729721069336
пациент,молочная,166,br_tnbc_pan_GSE148673|br_tnbc_pan_GSE148673_GSM4476488,ENTRY receptors,-0.0026874542236328125
пациент,молочная,167,br_tnbc_pan_GSE148673|br_tnbc_pan_GSE148673_GSM4476489,ENTRY receptors,6.169410705566406
пациент,молочная,168,br_tnbc_pan_GSE148673|br_tnbc_pan_GSE148673_GSM5074416,ENTRY receptors,-8.039169311523438
пациент,молочная,169,br_tnbc_pan_GSE148673|br_tnbc_pan_GSE148673_GSM5074417,ENTRY receptors,-14.170965194702148
пациент,молочная,87,pan_GSE140819|pan_GSE140819_HTAPP-963-SMP-4741,Inhibitory signals,17.81109046936035
пациент,молочная,88,pan_GSE140819|pan_GSE140819_HTAPP-394-SMP-1561,Inhibitory signals,10.587257385253906
пациент,молочная,89,pan_GSE140819|pan_GSE140819_HTAPP-394-SMP-1561,Inhibitory signals,5.958526611328125
пациент,молочная,90,pan_GSE140819|pan_GSE140819_HTAPP-589-SMP-2851,Inhibitory signals,7.108314514160156
пациент,молочная,91,pan_GSE140819|pan_GSE140819_HTAPP-589-SMP-2851,Inhibitory signals,8.031108856201172
пациент,молочная,92,pan_GSE140819|pan_GSE140819_HTAPP-963-SMP-4741,Inhibitory signals,21.196001052856445
пациент,молочная,93,pan_GSE140819|pan_GSE140819_HTAPP-963-SMP-4741,Inhibitory signals,19.670101165771484
пациент,молочная,97,br_GSE161529|br_GSE161529_Patient_0126,Inhibitory signals,8.965988159179688
пациент,молочная,98,br_GSE161529|br_GSE161529_Patient_0135,Inhibitory signals,5.908823013305664
пациент,молочная,99,br_GSE161529|br_GSE161529_Patient_0114,Inhibitory signals,9.570440292358398
пациент,молочная,100,br_GSE161529|br_GSE161529_Patient_4031,Inhibitory signals,0.4728126525878906
пациент,молочная,101,br_GSE161529|br_GSE161529_Patient_0554,Inhibitory signals,5.493765830993652
пациент,молочная,102,br_GSE161529|br_GSE161529_Patient_0177,Inhibitory signals,13.68337631225586
пациент,молочная,103,br_GSE161529|br_GSE161529_Patient_0308,Inhibitory signals,-1.7703590393066406
пациент,молочная,104,br_GSE161529|br_GSE161529_Patient_0337,Inhibitory signals,7.809478759765625
пациент,молочная,105,br_GSE161529|br_GSE161529_Patient_0031,Inhibitory signals,4.295616149902344
пациент,молочная,106,br_GSE161529|br_GSE161529_Patient_0069,Inhibitory signals,5.487051010131836
пациент,молочная,107,br_GSE161529|br_GSE161529_Patient_0161,Inhibitory signals,6.451482772827148
пациент,молочная,108,br_GSE161529|br_GSE161529_Patient_0176,Inhibitory signals,1.570220947265625
пациент,молочная,109,br_GSE161529|br_GSE161529_Patient_0319,Inhibitory signals,2.664947509765625
пациент,молочная,110,br_GSE161529|br_GSE161529_Patient_0001,Inhibitory signals,2.6756954193115234
пациент,молочная,111,br_GSE161529|br_GSE161529_Patient_0360,Inhibitory signals,5.939723968505859
пациент,молочная,112,br_GSE161529|br_GSE161529_Patient_0114,Inhibitory signals,2.5333099365234375
пациент,молочная,113,br_GSE161529|br_GSE161529_Patient_0032,Inhibitory signals,6.247989654541016
пациент,молочная,114,br_GSE161529|br_GSE161529_Patient_0042,Inhibitory signals,-0.24312210083007812
пациент,молочная,115,br_GSE161529|br_GSE161529_Patient_0025,Inhibitory signals,2.1639232635498047
пациент,молочная,116,br_GSE161529|br_GSE161529_Patient_0151,Inhibitory signals,1.9530410766601562
пациент,молочная,117,br_GSE161529|br_GSE161529_Patient_0163,Inhibitory signals,-2.286161422729492
пациент,молочная,118,br_GSE161529|br_GSE161529_Patient_0029,Inhibitory signals,4.2808380126953125
пациент,молочная,119,br_GSE161529|br_GSE161529_Patient_0029,Inhibitory signals,-0.002685546875
пациент,молочная,120,br_GSE161529|br_GSE161529_Patient_0043,Inhibitory signals,5.546154022216797
пациент,молочная,121,br_GSE161529|br_GSE161529_Patient_0043,Inhibitory signals,-5.421234130859375
пациент,молочная,122,br_GSE161529|br_GSE161529_Patient_0056,Inhibitory signals,0.0
пациент,молочная,123,br_GSE161529|br_GSE161529_Patient_0056,Inhibitory signals,-0.7763805389404297
пациент,молочная,124,br_GSE161529|br_GSE161529_Patient_0064.T,Inhibitory signals,4.487697601318359
пациент,молочная,125,br_GSE161529|br_GSE161529_Patient_0064.T,Inhibitory signals,6.341335296630859
пациент,молочная,126,br_GSE161529|br_GSE161529_Patient_0167,Inhibitory signals,2.9550857543945312
пациент,молочная,127,br_GSE161529|br_GSE161529_Patient_0167,Inhibitory signals,4.959163665771484
пациент,молочная,128,br_GSE161529|br_GSE161529_Patient_0173,Inhibitory signals,1.8522968292236328
пациент,молочная,129,br_GSE161529|br_GSE161529_Patient_0173,Inhibitory signals,1.8751335144042969
пациент,молочная,130,br_GSE161529|br_GSE161529_Patient_0178,Inhibitory signals,7.777233123779297
пациент,молочная,131,br_GSE161529|br_GSE161529_Patient_0068,Inhibitory signals,0.0
пациент,молочная,132,br_GSE161529|br_GSE161529_Patient_0068,Inhibitory signals,2.8892650604248047
пациент,молочная,133,br_GSE176078|br_GSE176078_CID3921,Inhibitory signals,3.6011695861816406
пациент,молочная,134,br_GSE176078|br_GSE176078_CID3941,Inhibitory signals,0.5695228576660156
пациент,молочная,135,br_GSE176078|br_GSE176078_CID4066,Inhibitory signals,7.628139495849609
пациент,молочная,136,br_GSE176078|br_GSE176078_CID4067,Inhibitory signals,-0.08059310913085938
пациент,молочная,137,br_GSE176078|br_GSE176078_CID4290A,Inhibitory signals,-2.0793018341064453
пациент,молочная,138,br_GSE176078|br_GSE176078_CID4461,Inhibitory signals,6.436702728271484
пациент,молочная,139,br_GSE176078|br_GSE176078_CID4463,Inhibitory signals,3.7596702575683594
пациент,молочная,140,br_GSE176078|br_GSE176078_CID4465,Inhibitory signals,3.386260986328125
пациент,молочная,141,br_GSE176078|br_GSE176078_CID4471,Inhibitory signals,7.147274017333984
пациент,молочная,142,br_GSE176078|br_GSE176078_CID4495,Inhibitory signals,16.380558013916016
пациент,молочная,143,br_GSE176078|br_GSE176078_CID44971,Inhibitory signals,6.534767150878906
пациент,молочная,144,br_GSE176078|br_GSE176078_CID44991,Inhibitory signals,0.8368263244628906
пациент,молочная,145,br_GSE176078|br_GSE176078_CID4513,Inhibitory signals,17.49005889892578
пациент,молочная,146,br_GSE176078|br_GSE176078_CID4515,Inhibitory signals,10.207123756408691
пациент,молочная,147,br_GSE176078|br_GSE176078_CID45171,Inhibitory signals,1.6239547729492188
пациент,молочная,148,br_GSE176078|br_GSE176078_CID4530N,Inhibitory signals,5.397056579589844
пациент,молочная,149,br_GSE176078|br_GSE176078_CID4535,Inhibitory signals,4.419195175170898
пациент,молочная,150,br_pan_blueprint|br_pan_blueprint_42,Inhibitory signals,7.949174880981445
пациент,молочная,151,br_pan_blueprint|br_pan_blueprint_43,Inhibitory signals,20.719161987304688
пациент,молочная,152,br_pan_blueprint|br_pan_blueprint_47,Inhibitory signals,-6.327905654907227
пациент,молочная,153,br_pan_blueprint|br_pan_blueprint_48,Inhibitory signals,0.6957893371582031
пациент,молочная,154,br_pan_blueprint|br_pan_blueprint_49,Inhibitory signals,4.807384490966797
пациент,молочная,155,br_pan_blueprint|br_pan_blueprint_51,Inhibitory signals,9.991537094116211
пациент,молочная,156,br_pan_blueprint|br_pan_blueprint_53,Inhibitory signals,2.2149696350097656
пациент,молочная,157,br_pan_blueprint|br_pan_blueprint_54,Inhibitory signals,-5.319149017333984
пациент,молочная,158,br_pdac_GSE179705|br_pdac_GSE179705_GSM5655248,Inhibitory signals,2.7838211059570312
пациент,молочная,159,br_pdac_GSE179705|br_pdac_GSE179705_GSM5655249,Inhibitory signals,2.923518180847168
пациент,молочная,160,br_tnbc_PRJEB35405|br_tnbc_PRJEB35405_P2,Inhibitory signals,6.869226455688477
пациент,молочная,161,br_tnbc_PRJEB35405|br_tnbc_PRJEB35405_P3,Inhibitory signals,1.7381267547607422
пациент,молочная,162,br_tnbc_PRJEB35405|br_tnbc_PRJEB35405_P5,Inhibitory signals,9.788040161132812
пациент,молочная,163,br_tnbc_pan_GSE148673|br_tnbc_pan_GSE148673_GSM4476485,Inhibitory signals,-1.7784252166748047
пациент,молочная,164,br_tnbc_pan_GSE148673|br_tnbc_pan_GSE148673_GSM4476486,Inhibitory signals,9.563051223754883
пациент,молочная,165,br_tnbc_pan_GSE148673|br_tnbc_pan_GSE148673_GSM4476487,Inhibitory signals,10.623519897460938
пациент,молочная,166,br_tnbc_pan_GSE148673|br_tnbc_pan_GSE148673_GSM4476488,Inhibitory signals,5.085430145263672
пациент,молочная,167,br_tnbc_pan_GSE148673|br_tnbc_pan_GSE148673_GSM4476489,Inhibitory signals,4.448744773864746
пациент,молочная,168,br_tnbc_pan_GSE148673|br_tnbc_pan_GSE148673_GSM5074416,Inhibitory signals,8.244680404663086
пациент,молочная,169,br_tnbc_pan_GSE148673|br_tnbc_pan_GSE148673_GSM5074417,Inhibitory signals,3.986673355102539
пациент,молочная,87,pan_GSE140819|pan_GSE140819_HTAPP-963-SMP-4741,MHC-I presentation,10.071462631225586
пациент,молочная,88,pan_GSE140819|pan_GSE140819_HTAPP-394-SMP-1561,MHC-I presentation,10.661128997802734
пациент,молочная,89,pan_GSE140819|pan_GSE140819_HTAPP-394-SMP-1561,MHC-I presentation,8.23796272277832
пациент,молочная,90,pan_GSE140819|pan_GSE140819_HTAPP-589-SMP-2851,MHC-I presentation,10.859931945800781
пациент,молочная,91,pan_GSE140819|pan_GSE140819_HTAPP-589-SMP-2851,MHC-I presentation,6.84235954284668
пациент,молочная,92,pan_GSE140819|pan_GSE140819_HTAPP-963-SMP-4741,MHC-I presentation,16.25295639038086
пациент,молочная,93,pan_GSE140819|pan_GSE140819_HTAPP-963-SMP-4741,MHC-I presentation,13.562492370605469
пациент,молочная,97,br_GSE161529|br_GSE161529_Patient_0126,MHC-I presentation,16.936656951904297
пациент,молочная,98,br_GSE161529|br_GSE161529_Patient_0135,MHC-I presentation,10.080860137939453
пациент,молочная,99,br_GSE161529|br_GSE161529_Patient_0114,MHC-I presentation,-0.11148452758789062
пациент,молочная,100,br_GSE161529|br_GSE161529_Patient_4031,MHC-I presentation,-1.0893478393554688
пациент,молочная,101,br_GSE161529|br_GSE161529_Patient_0554,MHC-I presentation,16.365787506103516
пациент,молочная,102,br_GSE161529|br_GSE161529_Patient_0177,MHC-I presentation,17.67005157470703
пациент,молочная,103,br_GSE161529|br_GSE161529_Patient_0308,MHC-I presentation,-1.0195045471191406
пациент,молочная,104,br_GSE161529|br_GSE161529_Patient_0337,MHC-I presentation,14.287830352783203
пациент,молочная,105,br_GSE161529|br_GSE161529_Patient_0031,MHC-I presentation,0.18268203735351562
пациент,молочная,106,br_GSE161529|br_GSE161529_Patient_0069,MHC-I presentation,5.207664489746094
пациент,молочная,107,br_GSE161529|br_GSE161529_Patient_0161,MHC-I presentation,11.418708801269531
пациент,молочная,108,br_GSE161529|br_GSE161529_Patient_0176,MHC-I presentation,5.065284729003906
пациент,молочная,109,br_GSE161529|br_GSE161529_Patient_0319,MHC-I presentation,7.903507232666016
пациент,молочная,110,br_GSE161529|br_GSE161529_Patient_0001,MHC-I presentation,3.1458168029785156
пациент,молочная,111,br_GSE161529|br_GSE161529_Patient_0360,MHC-I presentation,-0.8610000610351562
пациент,молочная,112,br_GSE161529|br_GSE161529_Patient_0114,MHC-I presentation,6.080081939697266
пациент,молочная,113,br_GSE161529|br_GSE161529_Patient_0032,MHC-I presentation,5.535408020019531
пациент,молочная,114,br_GSE161529|br_GSE161529_Patient_0042,MHC-I presentation,5.124382019042969
пациент,молочная,115,br_GSE161529|br_GSE161529_Patient_0025,MHC-I presentation,7.560985565185547
пациент,молочная,116,br_GSE161529|br_GSE161529_Patient_0151,MHC-I presentation,-0.6769809722900391
пациент,молочная,117,br_GSE161529|br_GSE161529_Patient_0163,MHC-I presentation,1.2599372863769531
пациент,молочная,118,br_GSE161529|br_GSE161529_Patient_0029,MHC-I presentation,2.1222877502441406
пациент,молочная,119,br_GSE161529|br_GSE161529_Patient_0029,MHC-I presentation,-0.5157966613769531
пациент,молочная,120,br_GSE161529|br_GSE161529_Patient_0043,MHC-I presentation,8.227214813232422
пациент,молочная,121,br_GSE161529|br_GSE161529_Patient_0043,MHC-I presentation,-3.3620758056640625
пациент,молочная,122,br_GSE161529|br_GSE161529_Patient_0056,MHC-I presentation,6.510585784912109
пациент,молочная,123,br_GSE161529|br_GSE161529_Patient_0056,MHC-I presentation,-2.652862548828125
пациент,молочная,124,br_GSE161529|br_GSE161529_Patient_0064.T,MHC-I presentation,0.04835700988769531
пациент,молочная,125,br_GSE161529|br_GSE161529_Patient_0064.T,MHC-I presentation,15.72774887084961
пациент,молочная,126,br_GSE161529|br_GSE161529_Patient_0167,MHC-I presentation,1.3579940795898438
пациент,молочная,127,br_GSE161529|br_GSE161529_Patient_0167,MHC-I presentation,7.058620452880859
пациент,молочная,128,br_GSE161529|br_GSE161529_Patient_0173,MHC-I presentation,11.29378890991211
пациент,молочная,129,br_GSE161529|br_GSE161529_Patient_0173,MHC-I presentation,12.408660888671875
пациент,молочная,130,br_GSE161529|br_GSE161529_Patient_0178,MHC-I presentation,14.360359191894531
пациент,молочная,131,br_GSE161529|br_GSE161529_Patient_0068,MHC-I presentation,-1.8025970458984375
пациент,молочная,132,br_GSE161529|br_GSE161529_Patient_0068,MHC-I presentation,7.864551544189453
пациент,молочная,133,br_GSE176078|br_GSE176078_CID3921,MHC-I presentation,7.789329528808594
пациент,молочная,134,br_GSE176078|br_GSE176078_CID3941,MHC-I presentation,3.4775962829589844
пациент,молочная,135,br_GSE176078|br_GSE176078_CID4066,MHC-I presentation,3.120298385620117
пациент,молочная,136,br_GSE176078|br_GSE176078_CID4067,MHC-I presentation,0.8314552307128906
пациент,молочная,137,br_GSE176078|br_GSE176078_CID4290A,MHC-I presentation,-1.6817092895507812
пациент,молочная,138,br_GSE176078|br_GSE176078_CID4461,MHC-I presentation,6.368198394775391
пациент,молочная,139,br_GSE176078|br_GSE176078_CID4463,MHC-I presentation,6.221794128417969
пациент,молочная,140,br_GSE176078|br_GSE176078_CID4465,MHC-I presentation,7.780601501464844
пациент,молочная,141,br_GSE176078|br_GSE176078_CID4471,MHC-I presentation,0.6474227905273438
пациент,молочная,142,br_GSE176078|br_GSE176078_CID4495,MHC-I presentation,10.552337646484375
пациент,молочная,143,br_GSE176078|br_GSE176078_CID44971,MHC-I presentation,5.806735992431641
пациент,молочная,144,br_GSE176078|br_GSE176078_CID44991,MHC-I presentation,10.059370040893555
пациент,молочная,145,br_GSE176078|br_GSE176078_CID4513,MHC-I presentation,7.3030853271484375
пациент,молочная,146,br_GSE176078|br_GSE176078_CID4515,MHC-I presentation,17.10858154296875
пациент,молочная,147,br_GSE176078|br_GSE176078_CID45171,MHC-I presentation,-2.022890090942383
пациент,молочная,148,br_GSE176078|br_GSE176078_CID4530N,MHC-I presentation,11.539596557617188
пациент,молочная,149,br_GSE176078|br_GSE176078_CID4535,MHC-I presentation,10.508007049560547
пациент,молочная,150,br_pan_blueprint|br_pan_blueprint_42,MHC-I presentation,9.759834289550781
пациент,молочная,151,br_pan_blueprint|br_pan_blueprint_43,MHC-I presentation,15.307331085205078
пациент,молочная,152,br_pan_blueprint|br_pan_blueprint_47,MHC-I presentation,-3.7851943969726562
пациент,молочная,153,br_pan_blueprint|br_pan_blueprint_48,MHC-I presentation,15.040027618408203
пациент,молочная,154,br_pan_blueprint|br_pan_blueprint_49,MHC-I presentation,1.7233543395996094
пациент,молочная,155,br_pan_blueprint|br_pan_blueprint_51,MHC-I presentation,12.991619110107422
пациент,молочная,156,br_pan_blueprint|br_pan_blueprint_53,MHC-I presentation,15.581344604492188
пациент,молочная,157,br_pan_blueprint|br_pan_blueprint_54,MHC-I presentation,-0.2337188720703125
пациент,молочная,158,br_pdac_GSE179705|br_pdac_GSE179705_GSM5655248,MHC-I presentation,2.4164505004882812
пациент,молочная,159,br_pdac_GSE179705|br_pdac_GSE179705_GSM5655249,MHC-I presentation,2.6152496337890625
пациент,молочная,160,br_tnbc_PRJEB35405|br_tnbc_PRJEB35405_P2,MHC-I presentation,3.0571632385253906
пациент,молочная,161,br_tnbc_PRJEB35405|br_tnbc_PRJEB35405_P3,MHC-I presentation,10.769933700561523
пациент,молочная,162,br_tnbc_PRJEB35405|br_tnbc_PRJEB35405_P5,MHC-I presentation,17.083065032958984
пациент,молочная,163,br_tnbc_pan_GSE148673|br_tnbc_pan_GSE148673_GSM4476485,MHC-I presentation,-2.7737464904785156
пациент,молочная,164,br_tnbc_pan_GSE148673|br_tnbc_pan_GSE148673_GSM4476486,MHC-I presentation,-3.4037208557128906
пациент,молочная,165,br_tnbc_pan_GSE148673|br_tnbc_pan_GSE148673_GSM4476487,MHC-I presentation,0.14104270935058594
пациент,молочная,166,br_tnbc_pan_GSE148673|br_tnbc_pan_GSE148673_GSM4476488,MHC-I presentation,7.552925109863281
пациент,молочная,167,br_tnbc_pan_GSE148673|br_tnbc_pan_GSE148673_GSM4476489,MHC-I presentation,17.191864013671875
пациент,молочная,168,br_tnbc_pan_GSE148673|br_tnbc_pan_GSE148673_GSM5074416,MHC-I presentation,10.121160507202148
пациент,молочная,169,br_tnbc_pan_GSE148673|br_tnbc_pan_GSE148673_GSM5074417,MHC-I presentation,12.68536376953125
пациент,молочная,87,pan_GSE140819|pan_GSE140819_HTAPP-963-SMP-4741,NK activating ligands,-15.487321853637695
пациент,молочная,88,pan_GSE140819|pan_GSE140819_HTAPP-394-SMP-1561,NK activating ligands,-35.02579116821289
пациент,молочная,89,pan_GSE140819|pan_GSE140819_HTAPP-394-SMP-1561,NK activating ligands,-33.659732818603516
пациент,молочная,90,pan_GSE140819|pan_GSE140819_HTAPP-589-SMP-2851,NK activating ligands,-24.120193481445312
пациент,молочная,91,pan_GSE140819|pan_GSE140819_HTAPP-589-SMP-2851,NK activating ligands,-25.505050659179688
пациент,молочная,92,pan_GSE140819|pan_GSE140819_HTAPP-963-SMP-4741,NK activating ligands,-25.909358978271484
пациент,молочная,93,pan_GSE140819|pan_GSE140819_HTAPP-963-SMP-4741,NK activating ligands,-21.731945037841797
пациент,молочная,97,br_GSE161529|br_GSE161529_Patient_0126,NK activating ligands,-8.156030654907227
пациент,молочная,98,br_GSE161529|br_GSE161529_Patient_0135,NK activating ligands,-2.079303741455078
пациент,молочная,99,br_GSE161529|br_GSE161529_Patient_0114,NK activating ligands,-14.710941314697266
пациент,молочная,100,br_GSE161529|br_GSE161529_Patient_4031,NK activating ligands,-13.037288665771484
пациент,молочная,101,br_GSE161529|br_GSE161529_Patient_0554,NK activating ligands,-9.311197280883789
пациент,молочная,102,br_GSE161529|br_GSE161529_Patient_0177,NK activating ligands,-16.5323429107666
пациент,молочная,103,br_GSE161529|br_GSE161529_Patient_0308,NK activating ligands,-17.11664581298828
пациент,молочная,104,br_GSE161529|br_GSE161529_Patient_0337,NK activating ligands,-13.53427791595459
пациент,молочная,105,br_GSE161529|br_GSE161529_Patient_0031,NK activating ligands,-24.666881561279297
пациент,молочная,106,br_GSE161529|br_GSE161529_Patient_0069,NK activating ligands,-7.620084762573242
пациент,молочная,107,br_GSE161529|br_GSE161529_Patient_0161,NK activating ligands,-13.75322437286377
пациент,молочная,108,br_GSE161529|br_GSE161529_Patient_0176,NK activating ligands,-23.080543518066406
пациент,молочная,109,br_GSE161529|br_GSE161529_Patient_0319,NK activating ligands,1.3056106567382812
пациент,молочная,110,br_GSE161529|br_GSE161529_Patient_0001,NK activating ligands,-7.254728317260742
пациент,молочная,111,br_GSE161529|br_GSE161529_Patient_0360,NK activating ligands,-8.820920944213867
пациент,молочная,112,br_GSE161529|br_GSE161529_Patient_0114,NK activating ligands,0.0
пациент,молочная,113,br_GSE161529|br_GSE161529_Patient_0032,NK activating ligands,-14.091712951660156
пациент,молочная,114,br_GSE161529|br_GSE161529_Patient_0042,NK activating ligands,-19.018644332885742
пациент,молочная,115,br_GSE161529|br_GSE161529_Patient_0025,NK activating ligands,-19.135501861572266
пациент,молочная,116,br_GSE161529|br_GSE161529_Patient_0151,NK activating ligands,-22.99457550048828
пациент,молочная,117,br_GSE161529|br_GSE161529_Patient_0163,NK activating ligands,-7.308459281921387
пациент,молочная,118,br_GSE161529|br_GSE161529_Patient_0029,NK activating ligands,-18.511579513549805
пациент,молочная,119,br_GSE161529|br_GSE161529_Patient_0029,NK activating ligands,-16.19922637939453
пациент,молочная,120,br_GSE161529|br_GSE161529_Patient_0043,NK activating ligands,-15.811037063598633
пациент,молочная,121,br_GSE161529|br_GSE161529_Patient_0043,NK activating ligands,-10.696056365966797
пациент,молочная,122,br_GSE161529|br_GSE161529_Patient_0056,NK activating ligands,0.0
пациент,молочная,123,br_GSE161529|br_GSE161529_Patient_0056,NK activating ligands,-13.181013107299805
пациент,молочная,124,br_GSE161529|br_GSE161529_Patient_0064.T,NK activating ligands,-17.56796646118164
пациент,молочная,125,br_GSE161529|br_GSE161529_Patient_0064.T,NK activating ligands,-0.463409423828125
пациент,молочная,126,br_GSE161529|br_GSE161529_Patient_0167,NK activating ligands,1.7730484008789062
пациент,молочная,127,br_GSE161529|br_GSE161529_Patient_0167,NK activating ligands,0.7642917633056641
пациент,молочная,128,br_GSE161529|br_GSE161529_Patient_0173,NK activating ligands,-4.748279571533203
пациент,молочная,129,br_GSE161529|br_GSE161529_Patient_0173,NK activating ligands,-8.460939407348633
пациент,молочная,130,br_GSE161529|br_GSE161529_Patient_0178,NK activating ligands,0.0
пациент,молочная,131,br_GSE161529|br_GSE161529_Patient_0068,NK activating ligands,0.0
пациент,молочная,132,br_GSE161529|br_GSE161529_Patient_0068,NK activating ligands,-2.9537391662597656
пациент,молочная,133,br_GSE176078|br_GSE176078_CID3921,NK activating ligands,-9.33403205871582
пациент,молочная,134,br_GSE176078|br_GSE176078_CID3941,NK activating ligands,-11.198420524597168
пациент,молочная,135,br_GSE176078|br_GSE176078_CID4066,NK activating ligands,-6.280895233154297
пациент,молочная,136,br_GSE176078|br_GSE176078_CID4067,NK activating ligands,-19.16102409362793
пациент,молочная,137,br_GSE176078|br_GSE176078_CID4290A,NK activating ligands,-13.390554428100586
пациент,молочная,138,br_GSE176078|br_GSE176078_CID4461,NK activating ligands,-8.725554466247559
пациент,молочная,139,br_GSE176078|br_GSE176078_CID4463,NK activating ligands,-16.88829803466797
пациент,молочная,140,br_GSE176078|br_GSE176078_CID4465,NK activating ligands,0.0
пациент,молочная,141,br_GSE176078|br_GSE176078_CID4471,NK activating ligands,-13.491300582885742
пациент,молочная,142,br_GSE176078|br_GSE176078_CID4495,NK activating ligands,-12.39388656616211
пациент,молочная,143,br_GSE176078|br_GSE176078_CID44971,NK activating ligands,-14.201858520507812
пациент,молочная,144,br_GSE176078|br_GSE176078_CID44991,NK activating ligands,-7.097566604614258
пациент,молочная,145,br_GSE176078|br_GSE176078_CID4513,NK activating ligands,0.0
пациент,молочная,146,br_GSE176078|br_GSE176078_CID4515,NK activating ligands,-8.941810607910156
пациент,молочная,147,br_GSE176078|br_GSE176078_CID45171,NK activating ligands,-2.5239105224609375
пациент,молочная,148,br_GSE176078|br_GSE176078_CID4530N,NK activating ligands,-12.20717716217041
пациент,молочная,149,br_GSE176078|br_GSE176078_CID4535,NK activating ligands,-25.411026000976562
пациент,молочная,150,br_pan_blueprint|br_pan_blueprint_42,NK activating ligands,-15.742533683776855
пациент,молочная,151,br_pan_blueprint|br_pan_blueprint_43,NK activating ligands,-17.002471923828125
пациент,молочная,152,br_pan_blueprint|br_pan_blueprint_47,NK activating ligands,-4.3668060302734375
пациент,молочная,153,br_pan_blueprint|br_pan_blueprint_48,NK activating ligands,-4.843648910522461
пациент,молочная,154,br_pan_blueprint|br_pan_blueprint_49,NK activating ligands,-12.710886001586914
пациент,молочная,155,br_pan_blueprint|br_pan_blueprint_51,NK activating ligands,-5.8349456787109375
пациент,молочная,156,br_pan_blueprint|br_pan_blueprint_53,NK activating ligands,-16.569955825805664
пациент,молочная,157,br_pan_blueprint|br_pan_blueprint_54,NK activating ligands,-14.211262702941895
пациент,молочная,158,br_pdac_GSE179705|br_pdac_GSE179705_GSM5655248,NK activating ligands,-15.600147247314453
пациент,молочная,159,br_pdac_GSE179705|br_pdac_GSE179705_GSM5655249,NK activating ligands,-15.143455505371094
пациент,молочная,160,br_tnbc_PRJEB35405|br_tnbc_PRJEB35405_P2,NK activating ligands,-14.649822235107422
пациент,молочная,161,br_tnbc_PRJEB35405|br_tnbc_PRJEB35405_P3,NK activating ligands,-5.562267303466797
пациент,молочная,162,br_tnbc_PRJEB35405|br_tnbc_PRJEB35405_P5,NK activating ligands,-8.530784606933594
пациент,молочная,163,br_tnbc_pan_GSE148673|br_tnbc_pan_GSE148673_GSM4476485,NK activating ligands,-6.133138656616211
пациент,молочная,164,br_tnbc_pan_GSE148673|br_tnbc_pan_GSE148673_GSM4476486,NK activating ligands,-11.896897315979004
пациент,молочная,165,br_tnbc_pan_GSE148673|br_tnbc_pan_GSE148673_GSM4476487,NK activating ligands,-0.90802001953125
пациент,молочная,166,br_tnbc_pan_GSE148673|br_tnbc_pan_GSE148673_GSM4476488,NK activating ligands,-8.63824462890625
пациент,молочная,167,br_tnbc_pan_GSE148673|br_tnbc_pan_GSE148673_GSM4476489,NK activating ligands,-17.31410026550293
пациент,молочная,168,br_tnbc_pan_GSE148673|br_tnbc_pan_GSE148673_GSM5074416,NK activating ligands,-16.98501205444336
пациент,молочная,169,br_tnbc_pan_GSE148673|br_tnbc_pan_GSE148673_GSM5074417,NK activating ligands,-13.758597373962402
пациент,молочная,87,pan_GSE140819|pan_GSE140819_HTAPP-963-SMP-4741,Necroptosis executioners,0.6353397369384766
пациент,молочная,88,pan_GSE140819|pan_GSE140819_HTAPP-394-SMP-1561,Necroptosis executioners,-16.710988998413086
пациент,молочная,89,pan_GSE140819|pan_GSE140819_HTAPP-394-SMP-1561,Necroptosis executioners,-17.09783935546875
пациент,молочная,90,pan_GSE140819|pan_GSE140819_HTAPP-589-SMP-2851,Necroptosis executioners,-13.459056854248047
пациент,молочная,91,pan_GSE140819|pan_GSE140819_HTAPP-589-SMP-2851,Necroptosis executioners,-14.563188552856445
пациент,молочная,92,pan_GSE140819|pan_GSE140819_HTAPP-963-SMP-4741,Necroptosis executioners,-9.985492706298828
пациент,молочная,93,pan_GSE140819|pan_GSE140819_HTAPP-963-SMP-4741,Necroptosis executioners,-9.620138168334961
пациент,молочная,97,br_GSE161529|br_GSE161529_Patient_0126,Necroptosis executioners,-7.67918586730957
пациент,молочная,98,br_GSE161529|br_GSE161529_Patient_0135,Necroptosis executioners,-10.838436126708984
пациент,молочная,99,br_GSE161529|br_GSE161529_Patient_0114,Necroptosis executioners,-4.202934265136719
пациент,молочная,100,br_GSE161529|br_GSE161529_Patient_4031,Necroptosis executioners,-17.88228416442871
пациент,молочная,101,br_GSE161529|br_GSE161529_Patient_0554,Necroptosis executioners,-10.92440414428711
пациент,молочная,102,br_GSE161529|br_GSE161529_Patient_0177,Necroptosis executioners,-14.77541446685791
пациент,молочная,103,br_GSE161529|br_GSE161529_Patient_0308,Necroptosis executioners,-10.935150146484375
пациент,молочная,104,br_GSE161529|br_GSE161529_Patient_0337,Necroptosis executioners,-2.5494327545166016
пациент,молочная,105,br_GSE161529|br_GSE161529_Patient_0031,Necroptosis executioners,-8.252740859985352
пациент,молочная,106,br_GSE161529|br_GSE161529_Patient_0069,Necroptosis executioners,-20.639911651611328
пациент,молочная,107,br_GSE161529|br_GSE161529_Patient_0161,Necroptosis executioners,-13.526216506958008
пациент,молочная,108,br_GSE161529|br_GSE161529_Patient_0176,Necroptosis executioners,-16.346982955932617
пациент,молочная,109,br_GSE161529|br_GSE161529_Patient_0319,Necroptosis executioners,-21.705081939697266
пациент,молочная,110,br_GSE161529|br_GSE161529_Patient_0001,Necroptosis executioners,-4.039060592651367
пациент,молочная,111,br_GSE161529|br_GSE161529_Patient_0360,Necroptosis executioners,-10.506662368774414
пациент,молочная,112,br_GSE161529|br_GSE161529_Patient_0114,Necroptosis executioners,-16.645851135253906
пациент,молочная,113,br_GSE161529|br_GSE161529_Patient_0032,Necroptosis executioners,-13.32608413696289
пациент,молочная,114,br_GSE161529|br_GSE161529_Patient_0042,Necroptosis executioners,-12.003009796142578
пациент,молочная,115,br_GSE161529|br_GSE161529_Patient_0025,Necroptosis executioners,-10.283687591552734
пациент,молочная,116,br_GSE161529|br_GSE161529_Patient_0151,Necroptosis executioners,-15.749246597290039
пациент,молочная,117,br_GSE161529|br_GSE161529_Patient_0163,Necroptosis executioners,-8.686599731445312
пациент,молочная,118,br_GSE161529|br_GSE161529_Patient_0029,Necroptosis executioners,-19.530410766601562
пациент,молочная,119,br_GSE161529|br_GSE161529_Patient_0029,Necroptosis executioners,-15.71969985961914
пациент,молочная,120,br_GSE161529|br_GSE161529_Patient_0043,Necroptosis executioners,-5.869871139526367
пациент,молочная,121,br_GSE161529|br_GSE161529_Patient_0043,Necroptosis executioners,4.674404144287109
пациент,молочная,122,br_GSE161529|br_GSE161529_Patient_0056,Necroptosis executioners,-15.434264183044434
пациент,молочная,123,br_GSE161529|br_GSE161529_Patient_0056,Necroptosis executioners,-11.71824836730957
пациент,молочная,124,br_GSE161529|br_GSE161529_Patient_0064.T,Necroptosis executioners,-13.600099563598633
пациент,молочная,125,br_GSE161529|br_GSE161529_Patient_0064.T,Necroptosis executioners,-26.430526733398438
пациент,молочная,126,br_GSE161529|br_GSE161529_Patient_0167,Necroptosis executioners,-12.205833435058594
пациент,молочная,127,br_GSE161529|br_GSE161529_Patient_0167,Necroptosis executioners,-15.252257347106934
пациент,молочная,128,br_GSE161529|br_GSE161529_Patient_0173,Necroptosis executioners,-13.624275207519531
пациент,молочная,129,br_GSE161529|br_GSE161529_Patient_0173,Necroptosis executioners,-13.793519973754883
пациент,молочная,130,br_GSE161529|br_GSE161529_Patient_0178,Necroptosis executioners,-27.96314239501953
пациент,молочная,131,br_GSE161529|br_GSE161529_Patient_0068,Necroptosis executioners,0.6783256530761719
пациент,молочная,132,br_GSE161529|br_GSE161529_Patient_0068,Necroptosis executioners,-10.021759033203125
пациент,молочная,133,br_GSE176078|br_GSE176078_CID3921,Necroptosis executioners,-14.612882614135742
пациент,молочная,134,br_GSE176078|br_GSE176078_CID3941,Necroptosis executioners,-29.321807861328125
пациент,молочная,135,br_GSE176078|br_GSE176078_CID4066,Necroptosis executioners,-18.148237228393555
пациент,молочная,136,br_GSE176078|br_GSE176078_CID4067,Necroptosis executioners,-18.861488342285156
пациент,молочная,137,br_GSE176078|br_GSE176078_CID4290A,Necroptosis executioners,-16.047443389892578
пациент,молочная,138,br_GSE176078|br_GSE176078_CID4461,Necroptosis executioners,-8.940465927124023
пациент,молочная,139,br_GSE176078|br_GSE176078_CID4463,Necroptosis executioners,-21.083171844482422
пациент,молочная,140,br_GSE176078|br_GSE176078_CID4465,Necroptosis executioners,-9.754463195800781
пациент,молочная,141,br_GSE176078|br_GSE176078_CID4471,Necroptosis executioners,-26.415754318237305
пациент,молочная,142,br_GSE176078|br_GSE176078_CID4495,Necroptosis executioners,-13.6068115234375
пациент,молочная,143,br_GSE176078|br_GSE176078_CID44971,Necroptosis executioners,-16.727113723754883
пациент,молочная,144,br_GSE176078|br_GSE176078_CID44991,Necroptosis executioners,-21.03347396850586
пациент,молочная,145,br_GSE176078|br_GSE176078_CID4513,Necroptosis executioners,-7.440093994140625
пациент,молочная,146,br_GSE176078|br_GSE176078_CID4515,Necroptosis executioners,1.1094970703125
пациент,молочная,147,br_GSE176078|br_GSE176078_CID45171,Necroptosis executioners,-4.761714935302734
пациент,молочная,148,br_GSE176078|br_GSE176078_CID4530N,Necroptosis executioners,-15.48597526550293
пациент,молочная,149,br_GSE176078|br_GSE176078_CID4535,Necroptosis executioners,-18.486726760864258
пациент,молочная,150,br_pan_blueprint|br_pan_blueprint_42,Necroptosis executioners,-15.201215744018555
пациент,молочная,151,br_pan_blueprint|br_pan_blueprint_43,Necroptosis executioners,-12.677303314208984
пациент,молочная,152,br_pan_blueprint|br_pan_blueprint_47,Necroptosis executioners,-18.314796447753906
пациент,молочная,153,br_pan_blueprint|br_pan_blueprint_48,Necroptosis executioners,-21.983129501342773
пациент,молочная,154,br_pan_blueprint|br_pan_blueprint_49,Necroptosis executioners,-21.273910522460938
пациент,молочная,155,br_pan_blueprint|br_pan_blueprint_51,Necroptosis executioners,-13.38383674621582
пациент,молочная,156,br_pan_blueprint|br_pan_blueprint_53,Necroptosis executioners,-14.725715637207031
пациент,молочная,157,br_pan_blueprint|br_pan_blueprint_54,Necroptosis executioners,-20.216796875
пациент,молочная,158,br_pdac_GSE179705|br_pdac_GSE179705_GSM5655248,Necroptosis executioners,-9.687301635742188
пациент,молочная,159,br_pdac_GSE179705|br_pdac_GSE179705_GSM5655249,Necroptosis executioners,-10.305179595947266
пациент,молочная,160,br_tnbc_PRJEB35405|br_tnbc_PRJEB35405_P2,Necroptosis executioners,-17.508865356445312
пациент,молочная,161,br_tnbc_PRJEB35405|br_tnbc_PRJEB35405_P3,Necroptosis executioners,-22.59295082092285
пациент,молочная,162,br_tnbc_PRJEB35405|br_tnbc_PRJEB35405_P5,Necroptosis executioners,1.4882888793945312
пациент,молочная,163,br_tnbc_pan_GSE148673|br_tnbc_pan_GSE148673_GSM4476485,Necroptosis executioners,-23.866321563720703
пациент,молочная,164,br_tnbc_pan_GSE148673|br_tnbc_pan_GSE148673_GSM4476486,Necroptosis executioners,-16.592790603637695
пациент,молочная,165,br_tnbc_pan_GSE148673|br_tnbc_pan_GSE148673_GSM4476487,Necroptosis executioners,-5.567644119262695
пациент,молочная,166,br_tnbc_pan_GSE148673|br_tnbc_pan_GSE148673_GSM4476488,Necroptosis executioners,-2.488983154296875
пациент,молочная,167,br_tnbc_pan_GSE148673|br_tnbc_pan_GSE148673_GSM4476489,Necroptosis executioners,7.523370742797852
пациент,молочная,168,br_tnbc_pan_GSE148673|br_tnbc_pan_GSE148673_GSM5074416,Necroptosis executioners,-8.823610305786133
пациент,молочная,169,br_tnbc_pan_GSE148673|br_tnbc_pan_GSE148673_GSM5074417,Necroptosis executioners,-10.917684555053711
пациент,молочная,87,pan_GSE140819|pan_GSE140819_HTAPP-963-SMP-4741,Necroptosis initiators,-0.4943046569824219
пациент,молочная,88,pan_GSE140819|pan_GSE140819_HTAPP-394-SMP-1561,Necroptosis initiators,2.635396957397461
пациент,молочная,89,pan_GSE140819|pan_GSE140819_HTAPP-394-SMP-1561,Necroptosis initiators,4.443370819091797
пациент,молочная,90,pan_GSE140819|pan_GSE140819_HTAPP-589-SMP-2851,Necroptosis initiators,10.211153030395508
пациент,молочная,91,pan_GSE140819|pan_GSE140819_HTAPP-589-SMP-2851,Necroptosis initiators,7.871265411376953
пациент,молочная,92,pan_GSE140819|pan_GSE140819_HTAPP-963-SMP-4741,Necroptosis initiators,8.577796936035156
пациент,молочная,93,pan_GSE140819|pan_GSE140819_HTAPP-963-SMP-4741,Necroptosis initiators,5.980014801025391
пациент,молочная,97,br_GSE161529|br_GSE161529_Patient_0126,Necroptosis initiators,-17.357078552246094
пациент,молочная,98,br_GSE161529|br_GSE161529_Patient_0135,Necroptosis initiators,8.37363052368164
пациент,молочная,99,br_GSE161529|br_GSE161529_Patient_0114,Necroptosis initiators,0.0
пациент,молочная,100,br_GSE161529|br_GSE161529_Patient_4031,Necroptosis initiators,3.9302616119384766
пациент,молочная,101,br_GSE161529|br_GSE161529_Patient_0554,Necroptosis initiators,16.412797927856445
пациент,молочная,102,br_GSE161529|br_GSE161529_Patient_0177,Necroptosis initiators,17.362455368041992
пациент,молочная,103,br_GSE161529|br_GSE161529_Patient_0308,Necroptosis initiators,1.0020408630371094
пациент,молочная,104,br_GSE161529|br_GSE161529_Patient_0337,Necroptosis initiators,0.6151943206787109
пациент,молочная,105,br_GSE161529|br_GSE161529_Patient_0031,Necroptosis initiators,2.218994140625
пациент,молочная,106,br_GSE161529|br_GSE161529_Patient_0069,Necroptosis initiators,0.0
пациент,молочная,107,br_GSE161529|br_GSE161529_Patient_0161,Necroptosis initiators,11.946592330932617
пациент,молочная,108,br_GSE161529|br_GSE161529_Patient_0176,Necroptosis initiators,-1.0503997802734375
пациент,молочная,109,br_GSE161529|br_GSE161529_Patient_0319,Necroptosis initiators,17.983020782470703
пациент,молочная,110,br_GSE161529|br_GSE161529_Patient_0001,Necroptosis initiators,21.44315528869629
пациент,молочная,111,br_GSE161529|br_GSE161529_Patient_0360,Necroptosis initiators,14.595422744750977
пациент,молочная,112,br_GSE161529|br_GSE161529_Patient_0114,Necroptosis initiators,0.0
пациент,молочная,113,br_GSE161529|br_GSE161529_Patient_0032,Necroptosis initiators,22.458629608154297
пациент,молочная,114,br_GSE161529|br_GSE161529_Patient_0042,Necroptosis initiators,8.019020080566406
пациент,молочная,115,br_GSE161529|br_GSE161529_Patient_0025,Necroptosis initiators,19.37728500366211
пациент,молочная,116,br_GSE161529|br_GSE161529_Patient_0151,Necroptosis initiators,0.0
пациент,молочная,117,br_GSE161529|br_GSE161529_Patient_0163,Necroptosis initiators,1.1605415344238281
пациент,молочная,118,br_GSE161529|br_GSE161529_Patient_0029,Necroptosis initiators,19.78830909729004
пациент,молочная,119,br_GSE161529|br_GSE161529_Patient_0029,Necroptosis initiators,7.3568115234375
пациент,молочная,120,br_GSE161529|br_GSE161529_Patient_0043,Necroptosis initiators,24.007360458374023
пациент,молочная,121,br_GSE161529|br_GSE161529_Patient_0043,Necroptosis initiators,0.0
пациент,молочная,122,br_GSE161529|br_GSE161529_Patient_0056,Necroptosis initiators,0.0
пациент,молочная,123,br_GSE161529|br_GSE161529_Patient_0056,Necroptosis initiators,0.0
пациент,молочная,124,br_GSE161529|br_GSE161529_Patient_0064.T,Necroptosis initiators,0.0
пациент,молочная,125,br_GSE161529|br_GSE161529_Patient_0064.T,Necroptosis initiators,23.987213134765625
пациент,молочная,126,br_GSE161529|br_GSE161529_Patient_0167,Necroptosis initiators,20.188587188720703
пациент,молочная,127,br_GSE161529|br_GSE161529_Patient_0167,Necroptosis initiators,19.08983612060547
пациент,молочная,128,br_GSE161529|br_GSE161529_Patient_0173,Necroptosis initiators,-1.1444244384765625
пациент,молочная,129,br_GSE161529|br_GSE161529_Patient_0173,Necroptosis initiators,-3.5219192504882812
пациент,молочная,130,br_GSE161529|br_GSE161529_Patient_0178,Necroptosis initiators,0.0
пациент,молочная,131,br_GSE161529|br_GSE161529_Patient_0068,Necroptosis initiators,22.12819480895996
пациент,молочная,132,br_GSE161529|br_GSE161529_Patient_0068,Necroptosis initiators,16.989038467407227
пациент,молочная,133,br_GSE176078|br_GSE176078_CID3921,Necroptosis initiators,9.66714859008789
пациент,молочная,134,br_GSE176078|br_GSE176078_CID3941,Necroptosis initiators,0.0
пациент,молочная,135,br_GSE176078|br_GSE176078_CID4066,Necroptosis initiators,13.816352844238281
пациент,молочная,136,br_GSE176078|br_GSE176078_CID4067,Necroptosis initiators,0.0
пациент,молочная,137,br_GSE176078|br_GSE176078_CID4290A,Necroptosis initiators,20.50558853149414
пациент,молочная,138,br_GSE176078|br_GSE176078_CID4461,Necroptosis initiators,0.0
пациент,молочная,139,br_GSE176078|br_GSE176078_CID4463,Necroptosis initiators,0.0
пациент,молочная,140,br_GSE176078|br_GSE176078_CID4465,Necroptosis initiators,0.0
пациент,молочная,141,br_GSE176078|br_GSE176078_CID4471,Necroptosis initiators,0.0
пациент,молочная,142,br_GSE176078|br_GSE176078_CID4495,Necroptosis initiators,-11.986888885498047
пациент,молочная,143,br_GSE176078|br_GSE176078_CID44971,Necroptosis initiators,-4.924243927001953
пациент,молочная,144,br_GSE176078|br_GSE176078_CID44991,Necroptosis initiators,14.686759948730469
пациент,молочная,145,br_GSE176078|br_GSE176078_CID4513,Necroptosis initiators,0.0
пациент,молочная,146,br_GSE176078|br_GSE176078_CID4515,Necroptosis initiators,10.138618469238281
пациент,молочная,147,br_GSE176078|br_GSE176078_CID45171,Necroptosis initiators,0.9026451110839844
пациент,молочная,148,br_GSE176078|br_GSE176078_CID4530N,Necroptosis initiators,23.00666046142578
пациент,молочная,149,br_GSE176078|br_GSE176078_CID4535,Necroptosis initiators,-5.84300422668457
пациент,молочная,150,br_pan_blueprint|br_pan_blueprint_42,Necroptosis initiators,18.678808212280273
пациент,молочная,151,br_pan_blueprint|br_pan_blueprint_43,Necroptosis initiators,-13.585321426391602
пациент,молочная,152,br_pan_blueprint|br_pan_blueprint_47,Necroptosis initiators,-0.6528053283691406
пациент,молочная,153,br_pan_blueprint|br_pan_blueprint_48,Necroptosis initiators,24.6265869140625
пациент,молочная,154,br_pan_blueprint|br_pan_blueprint_49,Necroptosis initiators,2.6004714965820312
пациент,молочная,155,br_pan_blueprint|br_pan_blueprint_51,Necroptosis initiators,1.7381267547607422
пациент,молочная,156,br_pan_blueprint|br_pan_blueprint_53,Necroptosis initiators,23.670211791992188
пациент,молочная,157,br_pan_blueprint|br_pan_blueprint_54,Necroptosis initiators,10.51740837097168
пациент,молочная,158,br_pdac_GSE179705|br_pdac_GSE179705_GSM5655248,Necroptosis initiators,18.17913246154785
пациент,молочная,159,br_pdac_GSE179705|br_pdac_GSE179705_GSM5655249,Necroptosis initiators,20.459917068481445
пациент,молочная,160,br_tnbc_PRJEB35405|br_tnbc_PRJEB35405_P2,Necroptosis initiators,0.0
пациент,молочная,161,br_tnbc_PRJEB35405|br_tnbc_PRJEB35405_P3,Necroptosis initiators,15.667312622070312
пациент,молочная,162,br_tnbc_PRJEB35405|br_tnbc_PRJEB35405_P5,Necroptosis initiators,10.898883819580078
пациент,молочная,163,br_tnbc_pan_GSE148673|br_tnbc_pan_GSE148673_GSM4476485,Necroptosis initiators,-5.410488128662109
пациент,молочная,164,br_tnbc_pan_GSE148673|br_tnbc_pan_GSE148673_GSM4476486,Necroptosis initiators,-3.8442935943603516
пациент,молочная,165,br_tnbc_pan_GSE148673|br_tnbc_pan_GSE148673_GSM4476487,Necroptosis initiators,3.3284969329833984
пациент,молочная,166,br_tnbc_pan_GSE148673|br_tnbc_pan_GSE148673_GSM4476488,Necroptosis initiators,-11.973457336425781
пациент,молочная,167,br_tnbc_pan_GSE148673|br_tnbc_pan_GSE148673_GSM4476489,Necroptosis initiators,8.945842742919922
пациент,молочная,168,br_tnbc_pan_GSE148673|br_tnbc_pan_GSE148673_GSM5074416,Necroptosis initiators,-4.505161285400391
пациент,молочная,169,br_tnbc_pan_GSE148673|br_tnbc_pan_GSE148673_GSM5074417,Necroptosis initiators,5.152587890625
пациент,молочная,87,pan_GSE140819|pan_GSE140819_HTAPP-963-SMP-4741,Pyroptosis executioners,-5.985383987426758
пациент,молочная,88,pan_GSE140819|pan_GSE140819_HTAPP-394-SMP-1561,Pyroptosis executioners,2.4768943786621094
пациент,молочная,89,pan_GSE140819|pan_GSE140819_HTAPP-394-SMP-1561,Pyroptosis executioners,3.3043212890625
пациент,молочная,90,pan_GSE140819|pan_GSE140819_HTAPP-589-SMP-2851,Pyroptosis executioners,2.8718032836914062
пациент,молочная,91,pan_GSE140819|pan_GSE140819_HTAPP-589-SMP-2851,Pyroptosis executioners,-0.30088043212890625
пациент,молочная,92,pan_GSE140819|pan_GSE140819_HTAPP-963-SMP-4741,Pyroptosis executioners,3.949066162109375
пациент,молочная,93,pan_GSE140819|pan_GSE140819_HTAPP-963-SMP-4741,Pyroptosis executioners,11.643028259277344
пациент,молочная,97,br_GSE161529|br_GSE161529_Patient_0126,Pyroptosis executioners,11.277671813964844
пациент,молочная,98,br_GSE161529|br_GSE161529_Patient_0135,Pyroptosis executioners,-4.714698791503906
пациент,молочная,99,br_GSE161529|br_GSE161529_Patient_0114,Pyroptosis executioners,5.2949676513671875
пациент,молочная,100,br_GSE161529|br_GSE161529_Patient_4031,Pyroptosis executioners,-13.74919319152832
пациент,молочная,101,br_GSE161529|br_GSE161529_Patient_0554,Pyroptosis executioners,-6.442079544067383
пациент,молочная,102,br_GSE161529|br_GSE161529_Patient_0177,Pyroptosis executioners,-9.5556640625
пациент,молочная,103,br_GSE161529|br_GSE161529_Patient_0308,Pyroptosis executioners,-7.323230743408203
пациент,молочная,104,br_GSE161529|br_GSE161529_Patient_0337,Pyroptosis executioners,-0.6259384155273438
пациент,молочная,105,br_GSE161529|br_GSE161529_Patient_0031,Pyroptosis executioners,-4.22845458984375
пациент,молочная,106,br_GSE161529|br_GSE161529_Patient_0069,Pyroptosis executioners,21.754783630371094
пациент,молочная,107,br_GSE161529|br_GSE161529_Patient_0161,Pyroptosis executioners,-8.593917846679688
пациент,молочная,108,br_GSE161529|br_GSE161529_Patient_0176,Pyroptosis executioners,9.789382934570312
пациент,молочная,109,br_GSE161529|br_GSE161529_Patient_0319,Pyroptosis executioners,1.2303886413574219
пациент,молочная,110,br_GSE161529|br_GSE161529_Patient_0001,Pyroptosis executioners,-12.830432891845703
пациент,молочная,111,br_GSE161529|br_GSE161529_Patient_0360,Pyroptosis executioners,-16.924564361572266
пациент,молочная,112,br_GSE161529|br_GSE161529_Patient_0114,Pyroptosis executioners,0.0
пациент,молочная,113,br_GSE161529|br_GSE161529_Patient_0032,Pyroptosis executioners,6.651622772216797
пациент,молочная,114,br_GSE161529|br_GSE161529_Patient_0042,Pyroptosis executioners,-4.518589019775391
пациент,молочная,115,br_GSE161529|br_GSE161529_Patient_0025,Pyroptosis executioners,-9.88609504699707
пациент,молочная,116,br_GSE161529|br_GSE161529_Patient_0151,Pyroptosis executioners,-15.498062133789062
пациент,молочная,117,br_GSE161529|br_GSE161529_Patient_0163,Pyroptosis executioners,-8.013648986816406
пациент,молочная,118,br_GSE161529|br_GSE161529_Patient_0029,Pyroptosis executioners,-16.483989715576172
пациент,молочная,119,br_GSE161529|br_GSE161529_Patient_0029,Pyroptosis executioners,-9.424026489257812
пациент,молочная,120,br_GSE161529|br_GSE161529_Patient_0043,Pyroptosis executioners,-5.031698226928711
пациент,молочная,121,br_GSE161529|br_GSE161529_Patient_0043,Pyroptosis executioners,0.8892097473144531
пациент,молочная,122,br_GSE161529|br_GSE161529_Patient_0056,Pyroptosis executioners,0.0
пациент,молочная,123,br_GSE161529|br_GSE161529_Patient_0056,Pyroptosis executioners,-9.496562957763672
пациент,молочная,124,br_GSE161529|br_GSE161529_Patient_0064.T,Pyroptosis executioners,-4.060552597045898
пациент,молочная,125,br_GSE161529|br_GSE161529_Patient_0064.T,Pyroptosis executioners,0.0
пациент,молочная,126,br_GSE161529|br_GSE161529_Patient_0167,Pyroptosis executioners,-12.005695343017578
пациент,молочная,127,br_GSE161529|br_GSE161529_Patient_0167,Pyroptosis executioners,-11.782722473144531
пациент,молочная,128,br_GSE161529|br_GSE161529_Patient_0173,Pyroptosis executioners,-6.796688079833984
пациент,молочная,129,br_GSE161529|br_GSE161529_Patient_0173,Pyroptosis executioners,-6.149257659912109
пациент,молочная,130,br_GSE161529|br_GSE161529_Patient_0178,Pyroptosis executioners,10.639640808105469
пациент,молочная,131,br_GSE161529|br_GSE161529_Patient_0068,Pyroptosis executioners,0.0
пациент,молочная,132,br_GSE161529|br_GSE161529_Patient_0068,Pyroptosis executioners,-11.280357360839844
пациент,молочная,133,br_GSE176078|br_GSE176078_CID3921,Pyroptosis executioners,8.051258087158203
пациент,молочная,134,br_GSE176078|br_GSE176078_CID3941,Pyroptosis executioners,0.0
пациент,молочная,135,br_GSE176078|br_GSE176078_CID4066,Pyroptosis executioners,-2.616588592529297
пациент,молочная,136,br_GSE176078|br_GSE176078_CID4067,Pyroptosis executioners,-12.075542449951172
пациент,молочная,137,br_GSE176078|br_GSE176078_CID4290A,Pyroptosis executioners,-12.569847106933594
пациент,молочная,138,br_GSE176078|br_GSE176078_CID4461,Pyroptosis executioners,2.1921310424804688
пациент,молочная,139,br_GSE176078|br_GSE176078_CID4463,Pyroptosis executioners,-7.242637634277344
пациент,молочная,140,br_GSE176078|br_GSE176078_CID4465,Pyroptosis executioners,-33.00827407836914
пациент,молочная,141,br_GSE176078|br_GSE176078_CID4471,Pyroptosis executioners,-6.44342041015625
пациент,молочная,142,br_GSE176078|br_GSE176078_CID4495,Pyroptosis executioners,-4.7845458984375
пациент,молочная,143,br_GSE176078|br_GSE176078_CID44971,Pyroptosis executioners,-1.2142715454101562
пациент,молочная,144,br_GSE176078|br_GSE176078_CID44991,Pyroptosis executioners,2.715991973876953
пациент,молочная,145,br_GSE176078|br_GSE176078_CID4513,Pyroptosis executioners,7.89544677734375
пациент,молочная,146,br_GSE176078|br_GSE176078_CID4515,Pyroptosis executioners,1.0611419677734375
пациент,молочная,147,br_GSE176078|br_GSE176078_CID45171,Pyroptosis executioners,-5.945091247558594
пациент,молочная,148,br_GSE176078|br_GSE176078_CID4530N,Pyroptosis executioners,-10.00967025756836
пациент,молочная,149,br_GSE176078|br_GSE176078_CID4535,Pyroptosis executioners,-8.55630874633789
пациент,молочная,150,br_pan_blueprint|br_pan_blueprint_42,Pyroptosis executioners,12.795501708984375
пациент,молочная,151,br_pan_blueprint|br_pan_blueprint_43,Pyroptosis executioners,-3.406404495239258
пациент,молочная,152,br_pan_blueprint|br_pan_blueprint_47,Pyroptosis executioners,-0.8086166381835938
пациент,молочная,153,br_pan_blueprint|br_pan_blueprint_48,Pyroptosis executioners,5.343330383300781
пациент,молочная,154,br_pan_blueprint|br_pan_blueprint_49,Pyroptosis executioners,8.150650024414062
пациент,молочная,155,br_pan_blueprint|br_pan_blueprint_51,Pyroptosis executioners,2.9953765869140625
пациент,молочная,156,br_pan_blueprint|br_pan_blueprint_53,Pyroptosis executioners,-2.364063262939453
пациент,молочная,157,br_pan_blueprint|br_pan_blueprint_54,Pyroptosis executioners,-9.84579849243164
пациент,молочная,158,br_pdac_GSE179705|br_pdac_GSE179705_GSM5655248,Pyroptosis executioners,-7.505912780761719
пациент,молочная,159,br_pdac_GSE179705|br_pdac_GSE179705_GSM5655249,Pyroptosis executioners,-5.058567047119141
пациент,молочная,160,br_tnbc_PRJEB35405|br_tnbc_PRJEB35405_P2,Pyroptosis executioners,-2.2431793212890625
пациент,молочная,161,br_tnbc_PRJEB35405|br_tnbc_PRJEB35405_P3,Pyroptosis executioners,5.646892547607422
пациент,молочная,162,br_tnbc_PRJEB35405|br_tnbc_PRJEB35405_P5,Pyroptosis executioners,1.173980712890625
пациент,молочная,163,br_tnbc_pan_GSE148673|br_tnbc_pan_GSE148673_GSM4476485,Pyroptosis executioners,-7.707393646240234
пациент,молочная,164,br_tnbc_pan_GSE148673|br_tnbc_pan_GSE148673_GSM4476486,Pyroptosis executioners,-5.128412246704102
пациент,молочная,165,br_tnbc_pan_GSE148673|br_tnbc_pan_GSE148673_GSM4476487,Pyroptosis executioners,-4.22039794921875
пациент,молочная,166,br_tnbc_pan_GSE148673|br_tnbc_pan_GSE148673_GSM4476488,Pyroptosis executioners,9.01568603515625
пациент,молочная,167,br_tnbc_pan_GSE148673|br_tnbc_pan_GSE148673_GSM4476489,Pyroptosis executioners,-7.333974838256836
пациент,молочная,168,br_tnbc_pan_GSE148673|br_tnbc_pan_GSE148673_GSM5074416,Pyroptosis executioners,-10.966045379638672
пациент,молочная,169,br_tnbc_pan_GSE148673|br_tnbc_pan_GSE148673_GSM5074417,Pyroptosis executioners,-10.186973571777344
пациент,молочная,87,pan_GSE140819|pan_GSE140819_HTAPP-963-SMP-4741,Pyroptosis initiators,0.0
пациент,молочная,88,pan_GSE140819|pan_GSE140819_HTAPP-394-SMP-1561,Pyroptosis initiators,-8.37363052368164
пациент,молочная,89,pan_GSE140819|pan_GSE140819_HTAPP-394-SMP-1561,Pyroptosis initiators,-4.650224685668945
пациент,молочная,90,pan_GSE140819|pan_GSE140819_HTAPP-589-SMP-2851,Pyroptosis initiators,-4.859766006469727
пациент,молочная,91,pan_GSE140819|pan_GSE140819_HTAPP-589-SMP-2851,Pyroptosis initiators,-7.258756637573242
пациент,молочная,92,pan_GSE140819|pan_GSE140819_HTAPP-963-SMP-4741,Pyroptosis initiators,-0.73876953125
пациент,молочная,93,pan_GSE140819|pan_GSE140819_HTAPP-963-SMP-4741,Pyroptosis initiators,-7.325918197631836
пациент,молочная,97,br_GSE161529|br_GSE161529_Patient_0126,Pyroptosis initiators,0.0
пациент,молочная,98,br_GSE161529|br_GSE161529_Patient_0135,Pyroptosis initiators,8.336019515991211
пациент,молочная,99,br_GSE161529|br_GSE161529_Patient_0114,Pyroptosis initiators,0.0
пациент,молочная,100,br_GSE161529|br_GSE161529_Patient_4031,Pyroptosis initiators,14.772727966308594
пациент,молочная,101,br_GSE161529|br_GSE161529_Patient_0554,Pyroptosis initiators,10.418006896972656
пациент,молочная,102,br_GSE161529|br_GSE161529_Patient_0177,Pyroptosis initiators,0.0
пациент,молочная,103,br_GSE161529|br_GSE161529_Patient_0308,Pyroptosis initiators,-2.6891250610351562
пациент,молочная,104,br_GSE161529|br_GSE161529_Patient_0337,Pyroptosis initiators,15.127338409423828
пациент,молочная,105,br_GSE161529|br_GSE161529_Patient_0031,Pyroptosis initiators,-3.2076072692871094
пациент,молочная,106,br_GSE161529|br_GSE161529_Patient_0069,Pyroptosis initiators,0.0
пациент,молочная,107,br_GSE161529|br_GSE161529_Patient_0161,Pyroptosis initiators,0.0
пациент,молочная,108,br_GSE161529|br_GSE161529_Patient_0176,Pyroptosis initiators,8.327957153320312
пациент,молочная,109,br_GSE161529|br_GSE161529_Patient_0319,Pyroptosis initiators,-3.032989501953125
пациент,молочная,110,br_GSE161529|br_GSE161529_Patient_0001,Pyroptosis initiators,0.0
пациент,молочная,111,br_GSE161529|br_GSE161529_Patient_0360,Pyroptosis initiators,4.806037902832031
пациент,молочная,112,br_GSE161529|br_GSE161529_Patient_0114,Pyroptosis initiators,0.0
пациент,молочная,113,br_GSE161529|br_GSE161529_Patient_0032,Pyroptosis initiators,0.0
пациент,молочная,114,br_GSE161529|br_GSE161529_Patient_0042,Pyroptosis initiators,0.0
пациент,молочная,115,br_GSE161529|br_GSE161529_Patient_0025,Pyroptosis initiators,2.9899978637695312
пациент,молочная,116,br_GSE161529|br_GSE161529_Patient_0151,Pyroptosis initiators,0.0
пациент,молочная,117,br_GSE161529|br_GSE161529_Patient_0163,Pyroptosis initiators,-4.319793701171875
пациент,молочная,118,br_GSE161529|br_GSE161529_Patient_0029,Pyroptosis initiators,0.0
пациент,молочная,119,br_GSE161529|br_GSE161529_Patient_0029,Pyroptosis initiators,-3.1323890686035156
пациент,молочная,120,br_GSE161529|br_GSE161529_Patient_0043,Pyroptosis initiators,8.16946029663086
пациент,молочная,121,br_GSE161529|br_GSE161529_Patient_0043,Pyroptosis initiators,0.0
пациент,молочная,122,br_GSE161529|br_GSE161529_Patient_0056,Pyroptosis initiators,0.0
пациент,молочная,123,br_GSE161529|br_GSE161529_Patient_0056,Pyroptosis initiators,0.0
пациент,молочная,124,br_GSE161529|br_GSE161529_Patient_0064.T,Pyroptosis initiators,0.0
пациент,молочная,125,br_GSE161529|br_GSE161529_Patient_0064.T,Pyroptosis initiators,0.0
пациент,молочная,126,br_GSE161529|br_GSE161529_Patient_0167,Pyroptosis initiators,-1.2411365509033203
пациент,молочная,127,br_GSE161529|br_GSE161529_Patient_0167,Pyroptosis initiators,0.0
пациент,молочная,128,br_GSE161529|br_GSE161529_Patient_0173,Pyroptosis initiators,0.0
пациент,молочная,129,br_GSE161529|br_GSE161529_Patient_0173,Pyroptosis initiators,1.1041297912597656
пациент,молочная,130,br_GSE161529|br_GSE161529_Patient_0178,Pyroptosis initiators,0.0
пациент,молочная,131,br_GSE161529|br_GSE161529_Patient_0068,Pyroptosis initiators,0.0
пациент,молочная,132,br_GSE161529|br_GSE161529_Patient_0068,Pyroptosis initiators,0.0
пациент,молочная,133,br_GSE176078|br_GSE176078_CID3921,Pyroptosis initiators,18.40479278564453
пациент,молочная,134,br_GSE176078|br_GSE176078_CID3941,Pyroptosis initiators,0.0
пациент,молочная,135,br_GSE176078|br_GSE176078_CID4066,Pyroptosis initiators,0.0
пациент,молочная,136,br_GSE176078|br_GSE176078_CID4067,Pyroptosis initiators,3.0114974975585938
пациент,молочная,137,br_GSE176078|br_GSE176078_CID4290A,Pyroptosis initiators,0.0
пациент,молочная,138,br_GSE176078|br_GSE176078_CID4461,Pyroptosis initiators,3.446697235107422
пациент,молочная,139,br_GSE176078|br_GSE176078_CID4463,Pyroptosis initiators,0.0
пациент,молочная,140,br_GSE176078|br_GSE176078_CID4465,Pyroptosis initiators,0.0
пациент,молочная,141,br_GSE176078|br_GSE176078_CID4471,Pyroptosis initiators,0.0
пациент,молочная,142,br_GSE176078|br_GSE176078_CID4495,Pyroptosis initiators,17.386632919311523
пациент,молочная,143,br_GSE176078|br_GSE176078_CID44971,Pyroptosis initiators,9.202394485473633
пациент,молочная,144,br_GSE176078|br_GSE176078_CID44991,Pyroptosis initiators,8.110357284545898
пациент,молочная,145,br_GSE176078|br_GSE176078_CID4513,Pyroptosis initiators,20.903181076049805
пациент,молочная,146,br_GSE176078|br_GSE176078_CID4515,Pyroptosis initiators,14.391250610351562
пациент,молочная,147,br_GSE176078|br_GSE176078_CID45171,Pyroptosis initiators,20.008596420288086
пациент,молочная,148,br_GSE176078|br_GSE176078_CID4530N,Pyroptosis initiators,7.734258651733398
пациент,молочная,149,br_GSE176078|br_GSE176078_CID4535,Pyroptosis initiators,3.583709716796875
пациент,молочная,150,br_pan_blueprint|br_pan_blueprint_42,Pyroptosis initiators,8.427360534667969
пациент,молочная,151,br_pan_blueprint|br_pan_blueprint_43,Pyroptosis initiators,13.249517440795898
пациент,молочная,152,br_pan_blueprint|br_pan_blueprint_47,Pyroptosis initiators,-5.910165786743164
пациент,молочная,153,br_pan_blueprint|br_pan_blueprint_48,Pyroptosis initiators,0.0
пациент,молочная,154,br_pan_blueprint|br_pan_blueprint_49,Pyroptosis initiators,6.820869445800781
пациент,молочная,155,br_pan_blueprint|br_pan_blueprint_51,Pyroptosis initiators,0.0
пациент,молочная,156,br_pan_blueprint|br_pan_blueprint_53,Pyroptosis initiators,0.0
пациент,молочная,157,br_pan_blueprint|br_pan_blueprint_54,Pyroptosis initiators,0.9711475372314453
пациент,молочная,158,br_pdac_GSE179705|br_pdac_GSE179705_GSM5655248,Pyroptosis initiators,4.768428802490234
пациент,молочная,159,br_pdac_GSE179705|br_pdac_GSE179705_GSM5655249,Pyroptosis initiators,2.6891250610351562
пациент,молочная,160,br_tnbc_PRJEB35405|br_tnbc_PRJEB35405_P2,Pyroptosis initiators,16.618309020996094
пациент,молочная,161,br_tnbc_PRJEB35405|br_tnbc_PRJEB35405_P3,Pyroptosis initiators,15.0736083984375
пациент,молочная,162,br_tnbc_PRJEB35405|br_tnbc_PRJEB35405_P5,Pyroptosis initiators,12.709541320800781
пациент,молочная,163,br_tnbc_pan_GSE148673|br_tnbc_pan_GSE148673_GSM4476485,Pyroptosis initiators,-0.8274269104003906
пациент,молочная,164,br_tnbc_pan_GSE148673|br_tnbc_pan_GSE148673_GSM4476486,Pyroptosis initiators,-3.945035934448242
пациент,молочная,165,br_tnbc_pan_GSE148673|br_tnbc_pan_GSE148673_GSM4476487,Pyroptosis initiators,10.185632705688477
пациент,молочная,166,br_tnbc_pan_GSE148673|br_tnbc_pan_GSE148673_GSM4476488,Pyroptosis initiators,0.0
пациент,молочная,167,br_tnbc_pan_GSE148673|br_tnbc_pan_GSE148673_GSM4476489,Pyroptosis initiators,10.555017471313477
пациент,молочная,168,br_tnbc_pan_GSE148673|br_tnbc_pan_GSE148673_GSM5074416,Pyroptosis initiators,0.0
пациент,молочная,169,br_tnbc_pan_GSE148673|br_tnbc_pan_GSE148673_GSM5074417,Pyroptosis initiators,-5.316461563110352
органоид,молочная,24,ACH-002882,Apoptosis executioners,7.100257873535156
органоид,молочная,25,ACH-002883,Apoptosis executioners,1.5957489013671875
органоид,молочная,26,ACH-002884,Apoptosis executioners,-6.976676940917969
органоид,молочная,27,ACH-002885,Apoptosis executioners,3.8738479614257812
органоид,молочная,29,ACH-002947,Apoptosis executioners,-9.499252319335938
органоид,молочная,30,ACH-002948,Apoptosis executioners,5.316459655761719
органоид,молочная,31,ACH-002949,Apoptosis executioners,-0.89459228515625
органоид,молочная,32,ACH-002950,Apoptosis executioners,5.367500305175781
органоид,молочная,33,ACH-002951,Apoptosis executioners,-0.5856399536132812
органоид,молочная,58,ACH-003022,Apoptosis executioners,2.8100128173828125
органоид,молочная,59,ACH-003023,Apoptosis executioners,5.805397033691406
органоид,молочная,60,ACH-003024,Apoptosis executioners,7.1459197998046875
органоид,молочная,61,ACH-003026,Apoptosis executioners,8.107673645019531
органоид,молочная,62,ACH-003027,Apoptosis executioners,-6.579093933105469
органоид,молочная,63,ACH-003030,Apoptosis executioners,2.1760177612304688
органоид,молочная,81,ACH-003127,Apoptosis executioners,10.420692443847656
органоид,молочная,82,ACH-003129,Apoptosis executioners,0.7629470825195312
органоид,молочная,83,ACH-003130,Apoptosis executioners,0.20417022705078125
органоид,молочная,84,ACH-003131,Apoptosis executioners,0.15581512451171875
органоид,молочная,86,ACH-003210,Apoptosis executioners,5.789276123046875
органоид,молочная,87,ACH-003215,Apoptosis executioners,5.808082580566406
органоид,молочная,88,ACH-003216,Apoptosis executioners,6.772514343261719
органоид,молочная,102,ACH-003359,Apoptosis executioners,-4.9134979248046875
органоид,молочная,103,ACH-003360,Apoptosis executioners,6.818183898925781
органоид,молочная,113,ACH-003374,Apoptosis executioners,3.9302597045898438
органоид,молочная,144,ACH-003704,Apoptosis executioners,4.892005920410156
органоид,молочная,150,ACH-003834,Apoptosis executioners,6.922950744628906
органоид,молочная,151,ACH-003839,Apoptosis executioners,6.2755126953125
органоид,молочная,24,ACH-002882,Apoptosis initiators,1.65216064453125
органоид,молочная,25,ACH-002883,Apoptosis initiators,6.584461212158203
органоид,молочная,26,ACH-002884,Apoptosis initiators,0.8113059997558594
органоид,молочная,27,ACH-002885,Apoptosis initiators,1.28076171875
органоид,молочная,29,ACH-002947,Apoptosis initiators,1.2720298767089844
органоид,молочная,30,ACH-002948,Apoptosis initiators,0.466094970703125
органоид,молочная,31,ACH-002949,Apoptosis initiators,6.713413238525391
органоид,молочная,32,ACH-002950,Apoptosis initiators,2.6300220489501953
органоид,молочная,33,ACH-002951,Apoptosis initiators,2.0672149658203125
органоид,молочная,58,ACH-003022,Apoptosis initiators,2.632709503173828
органоид,молочная,59,ACH-003023,Apoptosis initiators,2.887920379638672
органоид,молочная,60,ACH-003024,Apoptosis initiators,1.9194564819335938
органоид,молочная,61,ACH-003026,Apoptosis initiators,3.4534149169921875
органоид,молочная,62,ACH-003027,Apoptosis initiators,-5.355415344238281
органоид,молочная,63,ACH-003030,Apoptosis initiators,2.5145034790039062
органоид,молочная,81,ACH-003127,Apoptosis initiators,0.3075904846191406
органоид,молочная,82,ACH-003129,Apoptosis initiators,2.4419708251953125
органоид,молочная,83,ACH-003130,Apoptosis initiators,0.49430084228515625
органоид,молочная,84,ACH-003131,Apoptosis initiators,1.3539657592773438
органоид,молочная,86,ACH-003210,Apoptosis initiators,1.6252975463867188
органоид,молочная,87,ACH-003215,Apoptosis initiators,2.6447982788085938
органоид,молочная,88,ACH-003216,Apoptosis initiators,-2.628681182861328
органоид,молочная,102,ACH-003359,Apoptosis initiators,1.9476661682128906
органоид,молочная,103,ACH-003360,Apoptosis initiators,0.826080322265625
органоид,молочная,113,ACH-003374,Apoptosis initiators,-1.5003776550292969
органоид,молочная,144,ACH-003704,Apoptosis initiators,3.4332733154296875
органоид,молочная,150,ACH-003834,Apoptosis initiators,2.2216835021972656
органоид,молочная,151,ACH-003839,Apoptosis initiators,1.6360435485839844
органоид,молочная,24,ACH-002882,BRAKES,2.632709503173828
органоид,молочная,25,ACH-002883,BRAKES,-0.17193222045898438
органоид,молочная,26,ACH-002884,BRAKES,6.550880432128906
органоид,молочная,27,ACH-002885,BRAKES,-2.296903610229492
органоид,молочная,29,ACH-002947,BRAKES,5.145870208740234
органоид,молочная,30,ACH-002948,BRAKES,3.8402633666992188
органоид,молочная,31,ACH-002949,BRAKES,-2.491670608520508
органоид,молочная,32,ACH-002950,BRAKES,6.236570358276367
органоид,молочная,33,ACH-002951,BRAKES,5.356761932373047
органоид,молочная,58,ACH-003022,BRAKES,13.221309661865234
органоид,молочная,59,ACH-003023,BRAKES,2.478240966796875
органоид,молочная,60,ACH-003024,BRAKES,1.2639732360839844
органоид,молочная,61,ACH-003026,BRAKES,3.3889427185058594
органоид,молочная,62,ACH-003027,BRAKES,-6.057918548583984
органоид,молочная,63,ACH-003030,BRAKES,13.954708099365234
органоид,молочная,81,ACH-003127,BRAKES,5.645549774169922
органоид,молочная,82,ACH-003129,BRAKES,2.730762481689453
органоид,молочная,83,ACH-003130,BRAKES,4.084728240966797
органоид,молочная,84,ACH-003131,BRAKES,4.437999725341797
органоид,молочная,86,ACH-003210,BRAKES,7.546207427978516
органоид,молочная,87,ACH-003215,BRAKES,3.1458206176757812
органоид,молочная,88,ACH-003216,BRAKES,3.6643028259277344
органоид,молочная,102,ACH-003359,BRAKES,3.521923065185547
органоид,молочная,103,ACH-003360,BRAKES,2.908069610595703
органоид,молочная,113,ACH-003374,BRAKES,1.2223320007324219
органоид,молочная,144,ACH-003704,BRAKES,-4.059206008911133
органоид,молочная,150,ACH-003834,BRAKES,0.9080123901367188
органоид,молочная,151,ACH-003839,BRAKES,-3.3392438888549805
органоид,молочная,24,ACH-002882,ENTRY adaptors,-0.1450653076171875
органоид,молочная,25,ACH-002883,ENTRY adaptors,0.6501235961914062
органоид,молочная,26,ACH-002884,ENTRY adaptors,5.579734802246094
органоид,молочная,27,ACH-002885,ENTRY adaptors,-0.53997802734375
органоид,молочная,29,ACH-002947,ENTRY adaptors,1.5339508056640625
органоид,молочная,30,ACH-002948,ENTRY adaptors,3.1458206176757812
органоид,молочная,31,ACH-002949,ENTRY adaptors,-0.3196868896484375
органоид,молочная,32,ACH-002950,ENTRY adaptors,0.8838348388671875
органоид,молочная,33,ACH-002951,ENTRY adaptors,2.1491546630859375
органоид,молочная,58,ACH-003022,ENTRY adaptors,-3.3849124908447266
органоид,молочная,59,ACH-003023,ENTRY adaptors,0.013427734375
органоид,молочная,60,ACH-003024,ENTRY adaptors,-3.8496665954589844
органоид,молочная,61,ACH-003026,ENTRY adaptors,5.407798767089844
органоид,молочная,62,ACH-003027,ENTRY adaptors,4.120994567871094
органоид,молочная,63,ACH-003030,ENTRY adaptors,-2.9712066650390625
органоид,молочная,81,ACH-003127,ENTRY adaptors,1.7139511108398438
органоид,молочная,82,ACH-003129,ENTRY adaptors,-7.285621643066406
органоид,молочная,83,ACH-003130,ENTRY adaptors,0.2364044189453125
органоид,молочная,84,ACH-003131,ENTRY adaptors,-4.099506378173828
органоид,молочная,86,ACH-003210,ENTRY adaptors,0.72802734375
органоид,молочная,87,ACH-003215,ENTRY adaptors,0.5023574829101562
органоид,молочная,88,ACH-003216,ENTRY adaptors,-3.2693958282470703
органоид,молочная,102,ACH-003359,ENTRY adaptors,-5.628089904785156
органоид,молочная,103,ACH-003360,ENTRY adaptors,-0.7924957275390625
органоид,молочная,113,ACH-003374,ENTRY adaptors,7.237266540527344
органоид,молочная,144,ACH-003704,ENTRY adaptors,-4.591117858886719
органоид,молочная,150,ACH-003834,ENTRY adaptors,8.349449157714844
органоид,молочная,151,ACH-003839,ENTRY adaptors,1.9610977172851562
органоид,молочная,24,ACH-002882,ENTRY receptors,17.2590274810791
органоид,молочная,25,ACH-002883,ENTRY receptors,3.5259475708007812
органоид,молочная,26,ACH-002884,ENTRY receptors,-4.325166702270508
органоид,молочная,27,ACH-002885,ENTRY receptors,-0.4177436828613281
органоид,молочная,29,ACH-002947,ENTRY receptors,5.630775451660156
органоид,молочная,30,ACH-002948,ENTRY receptors,7.356813430786133
органоид,молочная,31,ACH-002949,ENTRY receptors,0.9536857604980469
органоид,молочная,32,ACH-002950,ENTRY receptors,4.584409713745117
органоид,молочная,33,ACH-002951,ENTRY receptors,6.323877334594727
органоид,молочная,58,ACH-003022,ENTRY receptors,10.842472076416016
органоид,молочная,59,ACH-003023,ENTRY receptors,-3.3661041259765625
органоид,молочная,60,ACH-003024,ENTRY receptors,5.626745223999023
органоид,молочная,61,ACH-003026,ENTRY receptors,11.195732116699219
органоид,молочная,62,ACH-003027,ENTRY receptors,-5.563617706298828
органоид,молочная,63,ACH-003030,ENTRY receptors,11.703468322753906
органоид,молочная,81,ACH-003127,ENTRY receptors,-0.6890716552734375
органоид,молочная,82,ACH-003129,ENTRY receptors,-5.606601715087891
органоид,молочная,83,ACH-003130,ENTRY receptors,16.504138946533203
органоид,молочная,84,ACH-003131,ENTRY receptors,0.11283111572265625
органоид,молочная,86,ACH-003210,ENTRY receptors,3.7596702575683594
органоид,молочная,87,ACH-003215,ENTRY receptors,11.468408584594727
органоид,молочная,88,ACH-003216,ENTRY receptors,-1.7058944702148438
органоид,молочная,102,ACH-003359,ENTRY receptors,9.578498840332031
органоид,молочная,103,ACH-003360,ENTRY receptors,0.3734169006347656
органоид,молочная,113,ACH-003374,ENTRY receptors,-3.2908897399902344
органоид,молочная,144,ACH-003704,ENTRY receptors,-2.9893341064453125
органоид,молочная,150,ACH-003834,ENTRY receptors,7.906190872192383
органоид,молочная,151,ACH-003839,ENTRY receptors,11.890176773071289
органоид,молочная,24,ACH-002882,Inhibitory signals,-1.566192626953125
органоид,молочная,25,ACH-002883,Inhibitory signals,3.645498275756836
органоид,молочная,26,ACH-002884,Inhibitory signals,7.187566757202148
органоид,молочная,27,ACH-002885,Inhibitory signals,-1.6682777404785156
органоид,молочная,29,ACH-002947,Inhibitory signals,-1.9973678588867188
органоид,молочная,30,ACH-002948,Inhibitory signals,2.065868377685547
органоид,молочная,31,ACH-002949,Inhibitory signals,-5.331241607666016
органоид,молочная,32,ACH-002950,Inhibitory signals,-6.1089630126953125
органоид,молочная,33,ACH-002951,Inhibitory signals,3.5340147018432617
органоид,молочная,58,ACH-003022,Inhibitory signals,6.498498916625977
органоид,молочная,59,ACH-003023,Inhibitory signals,4.321140289306641
органоид,молочная,60,ACH-003024,Inhibitory signals,5.5609283447265625
органоид,молочная,61,ACH-003026,Inhibitory signals,3.452075958251953
органоид,молочная,62,ACH-003027,Inhibitory signals,-4.237856864929199
органоид,молочная,63,ACH-003030,Inhibitory signals,1.1591968536376953
органоид,молочная,81,ACH-003127,Inhibitory signals,3.677736282348633
органоид,молочная,82,ACH-003129,Inhibitory signals,0.6299724578857422
органоид,молочная,83,ACH-003130,Inhibitory signals,1.1377067565917969
органоид,молочная,84,ACH-003131,Inhibitory signals,-9.18761920928955
органоид,молочная,86,ACH-003210,Inhibitory signals,7.354129791259766
органоид,молочная,87,ACH-003215,Inhibitory signals,3.9383163452148438
органоид,молочная,88,ACH-003216,Inhibitory signals,-7.066677093505859
органоид,молочная,102,ACH-003359,Inhibitory signals,-3.1431331634521484
органоид,молочная,103,ACH-003360,Inhibitory signals,8.896142959594727
органоид,молочная,113,ACH-003374,Inhibitory signals,1.560821533203125
органоид,молочная,144,ACH-003704,Inhibitory signals,-5.239902496337891
органоид,молочная,150,ACH-003834,Inhibitory signals,1.7743949890136719
органоид,молочная,151,ACH-003839,Inhibitory signals,1.2357673645019531
органоид,молочная,24,ACH-002882,MHC-I presentation,-2.527935028076172
органоид,молочная,25,ACH-002883,MHC-I presentation,1.5541038513183594
органоид,молочная,26,ACH-002884,MHC-I presentation,-0.1249237060546875
органоид,молочная,27,ACH-002885,MHC-I presentation,-8.706748962402344
органоид,молочная,29,ACH-002947,MHC-I presentation,0.6635513305664062
органоид,молочная,30,ACH-002948,MHC-I presentation,8.185577392578125
органоид,молочная,31,ACH-002949,MHC-I presentation,-9.366268157958984
органоид,молочная,32,ACH-002950,MHC-I presentation,6.2956695556640625
органоид,молочная,33,ACH-002951,MHC-I presentation,3.2385025024414062
органоид,молочная,58,ACH-003022,MHC-I presentation,5.441379547119141
органоид,молочная,59,ACH-003023,MHC-I presentation,8.039169311523438
органоид,молочная,60,ACH-003024,MHC-I presentation,4.855735778808594
органоид,молочная,61,ACH-003026,MHC-I presentation,13.933216094970703
органоид,молочная,62,ACH-003027,MHC-I presentation,-4.699926376342773
органоид,молочная,63,ACH-003030,MHC-I presentation,6.746990203857422
органоид,молочная,81,ACH-003127,MHC-I presentation,-12.748497009277344
органоид,молочная,82,ACH-003129,MHC-I presentation,0.7589187622070312
органоид,молочная,83,ACH-003130,MHC-I presentation,7.438747406005859
органоид,молочная,84,ACH-003131,MHC-I presentation,-12.225982666015625
органоид,молочная,86,ACH-003210,MHC-I presentation,4.309043884277344
органоид,молочная,87,ACH-003215,MHC-I presentation,4.699924468994141
органоид,молочная,88,ACH-003216,MHC-I presentation,-17.10993003845215
органоид,молочная,102,ACH-003359,MHC-I presentation,0.6259384155273438
органоид,молочная,103,ACH-003360,MHC-I presentation,0.07119369506835938
органоид,молочная,113,ACH-003374,MHC-I presentation,0.12626266479492188
органоид,молочная,144,ACH-003704,MHC-I presentation,-13.68069076538086
органоид,молочная,150,ACH-003834,MHC-I presentation,8.998226165771484
органоид,молочная,151,ACH-003839,MHC-I presentation,2.291534423828125
органоид,молочная,24,ACH-002882,NK activating ligands,-3.441326141357422
органоид,молочная,25,ACH-002883,NK activating ligands,-1.5232124328613281
органоид,молочная,26,ACH-002884,NK activating ligands,3.7851924896240234
органоид,молочная,27,ACH-002885,NK activating ligands,-0.830108642578125
органоид,молочная,29,ACH-002947,NK activating ligands,11.793464660644531
органоид,молочная,30,ACH-002948,NK activating ligands,2.4554061889648438
органоид,молочная,31,ACH-002949,NK activating ligands,-0.07388114929199219
органоид,молочная,32,ACH-002950,NK activating ligands,-1.512465476989746
органоид,молочная,33,ACH-002951,NK activating ligands,-6.20836067199707
органоид,молочная,58,ACH-003022,NK activating ligands,-2.233774185180664
органоид,молочная,59,ACH-003023,NK activating ligands,2.511821746826172
органоид,молочная,60,ACH-003024,NK activating ligands,1.383514404296875
органоид,молочная,61,ACH-003026,NK activating ligands,-16.59010124206543
органоид,молочная,62,ACH-003027,NK activating ligands,-8.521383285522461
органоид,молочная,63,ACH-003030,NK activating ligands,-4.842308044433594
органоид,молочная,81,ACH-003127,NK activating ligands,1.5111236572265625
органоид,молочная,82,ACH-003129,NK activating ligands,0.5157928466796875
органоид,молочная,83,ACH-003130,NK activating ligands,-2.118255615234375
органоид,молочная,84,ACH-003131,NK activating ligands,-12.048675537109375
органоид,молочная,86,ACH-003210,NK activating ligands,-7.707389831542969
органоид,молочная,87,ACH-003215,NK activating ligands,-3.4372997283935547
органоид,молочная,88,ACH-003216,NK activating ligands,-8.075434684753418
органоид,молочная,102,ACH-003359,NK activating ligands,5.7449493408203125
органоид,молочная,103,ACH-003360,NK activating ligands,-2.8906078338623047
органоид,молочная,113,ACH-003374,NK activating ligands,-1.3163528442382812
органоид,молочная,144,ACH-003704,NK activating ligands,-7.810823440551758
органоид,молочная,150,ACH-003834,NK activating ligands,9.831026077270508
органоид,молочная,151,ACH-003839,NK activating ligands,3.6320648193359375
органоид,молочная,24,ACH-002882,Necroptosis executioners,-9.107026100158691
органоид,молочная,25,ACH-002883,Necroptosis executioners,-2.7052478790283203
органоид,молочная,26,ACH-002884,Necroptosis executioners,-9.497903823852539
органоид,молочная,27,ACH-002885,Necroptosis executioners,-4.779173851013184
органоид,молочная,29,ACH-002947,Necroptosis executioners,-2.953737258911133
органоид,молочная,30,ACH-002948,Necroptosis executioners,-4.865139007568359
органоид,молочная,31,ACH-002949,Necroptosis executioners,-1.7072296142578125
органоид,молочная,32,ACH-002950,Necroptosis executioners,-2.900010108947754
органоид,молочная,33,ACH-002951,Necroptosis executioners,11.31259536743164
органоид,молочная,58,ACH-003022,Necroptosis executioners,-7.111000061035156
органоид,молочная,59,ACH-003023,Necroptosis executioners,-5.5582427978515625
органоид,молочная,60,ACH-003024,Necroptosis executioners,-7.055929183959961
органоид,молочная,61,ACH-003026,Necroptosis executioners,-0.5963897705078125
органоид,молочная,62,ACH-003027,Necroptosis executioners,-13.225336074829102
органоид,молочная,63,ACH-003030,Necroptosis executioners,-5.243927001953125
органоид,молочная,81,ACH-003127,Necroptosis executioners,-3.358051300048828
органоид,молочная,82,ACH-003129,Necroptosis executioners,5.364818572998047
органоид,молочная,83,ACH-003130,Necroptosis executioners,4.190847396850586
органоид,молочная,84,ACH-003131,Necroptosis executioners,-7.76112174987793
органоид,молочная,86,ACH-003210,Necroptosis executioners,-4.977970123291016
органоид,молочная,87,ACH-003215,Necroptosis executioners,-6.9901123046875
органоид,молочная,88,ACH-003216,Necroptosis executioners,-2.5816688537597656
органоид,молочная,102,ACH-003359,Necroptosis executioners,-0.4190864562988281
органоид,молочная,103,ACH-003360,Necroptosis executioners,-7.13383674621582
органоид,молочная,113,ACH-003374,Necroptosis executioners,-12.407320022583008
органоид,молочная,144,ACH-003704,Necroptosis executioners,-10.291746139526367
органоид,молочная,150,ACH-003834,Necroptosis executioners,-2.673004150390625
органоид,молочная,151,ACH-003839,Necroptosis executioners,4.159952163696289
органоид,молочная,24,ACH-002882,Necroptosis initiators,9.633567810058594
органоид,молочная,25,ACH-002883,Necroptosis initiators,3.8980178833007812
органоид,молочная,26,ACH-002884,Necroptosis initiators,3.7757911682128906
органоид,молочная,27,ACH-002885,Necroptosis initiators,4.037717819213867
органоид,молочная,29,ACH-002947,Necroptosis initiators,-13.70889663696289
органоид,молочная,30,ACH-002948,Necroptosis initiators,3.887277603149414
органоид,молочная,31,ACH-002949,Necroptosis initiators,-1.754241943359375
органоид,молочная,32,ACH-002950,Necroptosis initiators,-3.215667724609375
органоид,молочная,33,ACH-002951,Necroptosis initiators,5.440032958984375
органоид,молочная,58,ACH-003022,Necroptosis initiators,-2.205564498901367
органоид,молочная,59,ACH-003023,Necroptosis initiators,25.65011978149414
органоид,молочная,60,ACH-003024,Necroptosis initiators,9.265525817871094
органоид,молочная,61,ACH-003026,Necroptosis initiators,7.0223541259765625
органоид,молочная,62,ACH-003027,Necroptosis initiators,0.0
органоид,молочная,63,ACH-003030,Necroptosis initiators,-2.4957008361816406
органоид,молочная,81,ACH-003127,Necroptosis initiators,-4.260692596435547
органоид,молочная,82,ACH-003129,Necroptosis initiators,-10.565764427185059
органоид,молочная,83,ACH-003130,Necroptosis initiators,-0.38953399658203125
органоид,молочная,84,ACH-003131,Necroptosis initiators,-5.813453674316406
органоид,молочная,86,ACH-003210,Necroptosis initiators,0.0
органоид,молочная,87,ACH-003215,Necroptosis initiators,-5.585105895996094
органоид,молочная,88,ACH-003216,Necroptosis initiators,-5.249301910400391
органоид,молочная,102,ACH-003359,Necroptosis initiators,0.0
органоид,молочная,103,ACH-003360,Necroptosis initiators,0.0
органоид,молочная,113,ACH-003374,Necroptosis initiators,0.0
органоид,молочная,144,ACH-003704,Necroptosis initiators,-4.424564361572266
органоид,молочная,150,ACH-003834,Necroptosis initiators,6.06597900390625
органоид,молочная,151,ACH-003839,Necroptosis initiators,-0.091339111328125
органоид,молочная,24,ACH-002882,Pyroptosis executioners,-8.83837890625
органоид,молочная,25,ACH-002883,Pyroptosis executioners,-10.89350700378418
органоид,молочная,26,ACH-002884,Pyroptosis executioners,-11.567806243896484
органоид,молочная,27,ACH-002885,Pyroptosis executioners,-1.2411422729492188
органоид,молочная,29,ACH-002947,Pyroptosis executioners,-12.080913543701172
органоид,молочная,30,ACH-002948,Pyroptosis executioners,-3.12969970703125
органоид,молочная,31,ACH-002949,Pyroptosis executioners,2.1867599487304688
органоид,молочная,32,ACH-002950,Pyroptosis executioners,-5.770469665527344
органоид,молочная,33,ACH-002951,Pyroptosis executioners,1.1686019897460938
органоид,молочная,58,ACH-003022,Pyroptosis executioners,-7.1190643310546875
органоид,молочная,59,ACH-003023,Pyroptosis executioners,-7.898124694824219
органоид,молочная,60,ACH-003024,Pyroptosis executioners,1.0047225952148438
органоид,молочная,61,ACH-003026,Pyroptosis executioners,3.0571670532226562
органоид,молочная,62,ACH-003027,Pyroptosis executioners,-10.067436218261719
органоид,молочная,63,ACH-003030,Pyroptosis executioners,3.2828292846679688
органоид,молочная,81,ACH-003127,Pyroptosis executioners,-4.9161834716796875
органоид,молочная,82,ACH-003129,Pyroptosis executioners,1.9073753356933594
органоид,молочная,83,ACH-003130,Pyroptosis executioners,-6.616706848144531
органоид,молочная,84,ACH-003131,Pyroptosis executioners,-5.501823425292969
органоид,молочная,86,ACH-003210,Pyroptosis executioners,-6.479682922363281
органоид,молочная,87,ACH-003215,Pyroptosis executioners,-3.5622177124023438
органоид,молочная,88,ACH-003216,Pyroptosis executioners,-4.169353485107422
органоид,молочная,102,ACH-003359,Pyroptosis executioners,-15.326133728027344
органоид,молочная,103,ACH-003360,Pyroptosis executioners,-10.794113159179688
органоид,молочная,113,ACH-003374,Pyroptosis executioners,-13.821731567382812
органоид,молочная,144,ACH-003704,Pyroptosis executioners,-2.0739288330078125
органоид,молочная,150,ACH-003834,Pyroptosis executioners,-0.39490509033203125
органоид,молочная,151,ACH-003839,Pyroptosis executioners,11.288414001464844
органоид,молочная,24,ACH-002882,Pyroptosis initiators,11.326026916503906
органоид,молочная,25,ACH-002883,Pyroptosis initiators,17.09918212890625
органоид,молочная,26,ACH-002884,Pyroptosis initiators,9.346118927001953
органоид,молочная,27,ACH-002885,Pyroptosis initiators,0.0
органоид,молочная,29,ACH-002947,Pyroptosis initiators,-2.1948204040527344
органоид,молочная,30,ACH-002948,Pyroptosis initiators,9.38641357421875
органоид,молочная,31,ACH-002949,Pyroptosis initiators,0.0
органоид,молочная,32,ACH-002950,Pyroptosis initiators,0.0
органоид,молочная,33,ACH-002951,Pyroptosis initiators,2.597787857055664
органоид,молочная,58,ACH-003022,Pyroptosis initiators,9.206426620483398
органоид,молочная,59,ACH-003023,Pyroptosis initiators,3.5058059692382812
органоид,молочная,60,ACH-003024,Pyroptosis initiators,0.5292282104492188
органоид,молочная,61,ACH-003026,Pyroptosis initiators,4.96453857421875
органоид,молочная,62,ACH-003027,Pyroptosis initiators,6.248661041259766
органоид,молочная,63,ACH-003030,Pyroptosis initiators,0.0
органоид,молочная,81,ACH-003127,Pyroptosis initiators,-2.4661521911621094
органоид,молочная,82,ACH-003129,Pyroptosis initiators,0.0
органоид,молочная,83,ACH-003130,Pyroptosis initiators,0.0
органоид,молочная,84,ACH-003131,Pyroptosis initiators,-8.66644287109375
органоид,молочная,86,ACH-003210,Pyroptosis initiators,8.959274291992188
органоид,молочная,87,ACH-003215,Pyroptosis initiators,16.82785415649414
органоид,молочная,88,ACH-003216,Pyroptosis initiators,0.0
органоид,молочная,102,ACH-003359,Pyroptosis initiators,3.5998268127441406
органоид,молочная,103,ACH-003360,Pyroptosis initiators,0.0
органоид,молочная,113,ACH-003374,Pyroptosis initiators,7.272186279296875
органоид,молочная,144,ACH-003704,Pyroptosis initiators,0.0
органоид,молочная,150,ACH-003834,Pyroptosis initiators,0.5695228576660156
органоид,молочная,151,ACH-003839,Pyroptosis initiators,19.742639541625977
2D,молочная,6,ACH-000828,Apoptosis executioners,1.4238128662109375
2D,молочная,14,ACH-000117,Apoptosis executioners,5.996131896972656
2D,молочная,24,ACH-000276,Apoptosis executioners,1.9476699829101562
2D,молочная,25,ACH-000554,Apoptosis executioners,4.988716125488281
2D,молочная,26,ACH-000818,Apoptosis executioners,2.3210830688476562
2D,молочная,30,ACH-000856,Apoptosis executioners,6.5710296630859375
2D,молочная,38,ACH-000223,Apoptosis executioners,-9.429393768310547
2D,молочная,50,ACH-000019,Apoptosis executioners,-2.7401657104492188
2D,молочная,51,ACH-000330,Apoptosis executioners,-3.0652313232421875
2D,молочная,58,ACH-000725,Apoptosis executioners,2.2485504150390625
2D,молочная,63,ACH-000643,Apoptosis executioners,-0.102081298828125
2D,молочная,74,ACH-000711,Apoptosis executioners,0.19879913330078125
2D,молочная,86,ACH-000248,Apoptosis executioners,-3.5434112548828125
2D,молочная,90,ACH-000783,Apoptosis executioners,6.659675598144531
2D,молочная,93,ACH-000857,Apoptosis executioners,-2.4392929077148438
2D,молочная,94,ACH-002499,Apoptosis executioners,1.748870849609375
2D,молочная,108,ACH-000759,Apoptosis executioners,6.4662628173828125
2D,молочная,119,ACH-000910,Apoptosis executioners,1.539337158203125
2D,молочная,146,ACH-000147,Apoptosis executioners,-8.419303894042969
2D,молочная,147,ACH-000930,Apoptosis executioners,-1.6145553588867188
2D,молочная,156,ACH-000374,Apoptosis executioners,-7.89813232421875
2D,молочная,160,ACH-000148,Apoptosis executioners,-16.5377197265625
2D,молочная,165,ACH-001705,Apoptosis executioners,-2.296905517578125
2D,молочная,168,ACH-001392,Apoptosis executioners,3.2720870971679688
2D,молочная,177,ACH-000668,Apoptosis executioners,4.386955261230469
2D,молочная,183,ACH-000876,Apoptosis executioners,-8.199012756347656
2D,молочная,187,ACH-000624,Apoptosis executioners,3.4574508666992188
2D,молочная,188,ACH-000699,Apoptosis executioners,-9.759834289550781
2D,молочная,189,ACH-000044,Apoptosis executioners,0.9939804077148438
2D,молочная,193,ACH-002921,Apoptosis executioners,11.062751770019531
2D,молочная,196,ACH-001396,Apoptosis executioners,-3.7099761962890625
2D,молочная,208,ACH-000352,Apoptosis executioners,-5.14990234375
2D,молочная,214,ACH-001419,Apoptosis executioners,-3.586395263671875
2D,молочная,220,ACH-001390,Apoptosis executioners,-8.28765869140625
2D,молочная,223,ACH-001389,Apoptosis executioners,-5.988067626953125
2D,молочная,232,ACH-001395,Apoptosis executioners,3.680419921875
2D,молочная,236,ACH-001683,Apoptosis executioners,2.7697219848632812
2D,молочная,246,ACH-000536,Apoptosis executioners,1.9879608154296875
2D,молочная,257,ACH-001819,Apoptosis executioners,-9.082847595214844
2D,молочная,267,ACH-002401,Apoptosis executioners,1.7515640258789062
2D,молочная,272,ACH-000212,Apoptosis executioners,-1.9664764404296875
2D,молочная,273,ACH-000621,Apoptosis executioners,0.4056549072265625
2D,молочная,281,ACH-000849,Apoptosis executioners,-6.291648864746094
2D,молочная,282,ACH-000028,Apoptosis executioners,-5.316459655761719
2D,молочная,297,ACH-000277,Apoptosis executioners,5.5286865234375
2D,молочная,308,ACH-001394,Apoptosis executioners,-0.19342041015625
2D,молочная,322,ACH-000721,Apoptosis executioners,-11.833763122558594
2D,молочная,351,ACH-000097,Apoptosis executioners,1.29754638671875
2D,молочная,353,ACH-000859,Apoptosis executioners,12.193748474121094
2D,молочная,358,ACH-000927,Apoptosis executioners,9.031806945800781
2D,молочная,370,ACH-002399,Apoptosis executioners,10.350845336914062
2D,молочная,376,ACH-001391,Apoptosis executioners,0.1262664794921875
2D,молочная,377,ACH-000768,Apoptosis executioners,-2.0470657348632812
2D,молочная,378,ACH-000288,Apoptosis executioners,-13.644424438476562
2D,молочная,380,ACH-001662,Apoptosis executioners,-15.567909240722656
2D,молочная,381,ACH-000349,Apoptosis executioners,-4.451423645019531
2D,молочная,389,ACH-000934,Apoptosis executioners,2.5574874877929688
2D,молочная,6,ACH-000828,Apoptosis initiators,-1.8509597778320312
2D,молочная,14,ACH-000117,Apoptosis initiators,1.8428974151611328
2D,молочная,24,ACH-000276,Apoptosis initiators,-2.482267379760742
2D,молочная,25,ACH-000554,Apoptosis initiators,-0.028207778930664062
2D,молочная,26,ACH-000818,Apoptosis initiators,-1.2290496826171875
2D,молочная,30,ACH-000856,Apoptosis initiators,-0.9375667572021484
2D,молочная,38,ACH-000223,Apoptosis initiators,-2.112884521484375
2D,молочная,50,ACH-000019,Apoptosis initiators,0.9926376342773438
2D,молочная,51,ACH-000330,Apoptosis initiators,1.7864837646484375
2D,молочная,58,ACH-000725,Apoptosis initiators,0.29282188415527344
2D,молочная,63,ACH-000643,Apoptosis initiators,-1.6132087707519531
2D,молочная,74,ACH-000711,Apoptosis initiators,1.7085800170898438
2D,молочная,86,ACH-000248,Apoptosis initiators,-6.06597900390625
2D,молочная,90,ACH-000783,Apoptosis initiators,0.12357521057128906
2D,молочная,93,ACH-000857,Apoptosis initiators,-1.0033836364746094
2D,молочная,94,ACH-002499,Apoptosis initiators,0.33849143981933594
2D,молочная,108,ACH-000759,Apoptosis initiators,-1.8603572845458984
2D,молочная,119,ACH-000910,Apoptosis initiators,-1.4426193237304688
2D,молочная,146,ACH-000147,Apoptosis initiators,0.013431549072265625
2D,молочная,147,ACH-000930,Apoptosis initiators,-6.150600433349609
2D,молочная,156,ACH-000374,Apoptosis initiators,-1.8496112823486328
2D,молочная,160,ACH-000148,Apoptosis initiators,1.3727664947509766
2D,молочная,165,ACH-001705,Apoptosis initiators,1.4990272521972656
2D,молочная,168,ACH-001392,Apoptosis initiators,-2.6810684204101562
2D,молочная,177,ACH-000668,Apoptosis initiators,0.0550689697265625
2D,молочная,183,ACH-000876,Apoptosis initiators,1.6091766357421875
2D,молочная,187,ACH-000624,Apoptosis initiators,1.1283035278320312
2D,молочная,188,ACH-000699,Apoptosis initiators,-8.005586624145508
2D,молочная,189,ACH-000044,Apoptosis initiators,-3.850341796875
2D,молочная,193,ACH-002921,Apoptosis initiators,-2.796581268310547
2D,молочная,196,ACH-001396,Apoptosis initiators,1.3257598876953125
2D,молочная,208,ACH-000352,Apoptosis initiators,0.463409423828125
2D,молочная,214,ACH-001419,Apoptosis initiators,-2.306306838989258
2D,молочная,220,ACH-001390,Apoptosis initiators,0.6366844177246094
2D,молочная,223,ACH-001389,Apoptosis initiators,2.583009719848633
2D,молочная,232,ACH-001395,Apoptosis initiators,0.9308509826660156
2D,молочная,236,ACH-001683,Apoptosis initiators,2.994037628173828
2D,молочная,246,ACH-000536,Apoptosis initiators,-0.07118797302246094
2D,молочная,257,ACH-001819,Apoptosis initiators,4.333227157592773
2D,молочная,267,ACH-002401,Apoptosis initiators,1.6038017272949219
2D,молочная,272,ACH-000212,Apoptosis initiators,0.09806060791015625
2D,молочная,273,ACH-000621,Apoptosis initiators,1.6266422271728516
2D,молочная,281,ACH-000849,Apoptosis initiators,-0.024173736572265625
2D,молочная,282,ACH-000028,Apoptosis initiators,-1.2988967895507812
2D,молочная,297,ACH-000277,Apoptosis initiators,2.7455406188964844
2D,молочная,308,ACH-001394,Apoptosis initiators,0.7508583068847656
2D,молочная,322,ACH-000721,Apoptosis initiators,-0.4204254150390625
2D,молочная,351,ACH-000097,Apoptosis initiators,0.7454891204833984
2D,молочная,353,ACH-000859,Apoptosis initiators,-1.4963493347167969
2D,молочная,358,ACH-000927,Apoptosis initiators,0.2941627502441406
2D,молочная,370,ACH-002399,Apoptosis initiators,2.848968505859375
2D,молочная,376,ACH-001391,Apoptosis initiators,0.10477066040039062
2D,молочная,377,ACH-000768,Apoptosis initiators,1.7784233093261719
2D,молочная,378,ACH-000288,Apoptosis initiators,0.6138496398925781
2D,молочная,380,ACH-001662,Apoptosis initiators,-12.814311981201172
2D,молочная,381,ACH-000349,Apoptosis initiators,1.7139511108398438
2D,молочная,389,ACH-000934,Apoptosis initiators,0.9590606689453125
2D,молочная,6,ACH-000828,BRAKES,-0.2767066955566406
2D,молочная,14,ACH-000117,BRAKES,-4.930959701538086
2D,молочная,24,ACH-000276,BRAKES,1.8482723236083984
2D,молочная,25,ACH-000554,BRAKES,-1.3405303955078125
2D,молочная,26,ACH-000818,BRAKES,-3.739522933959961
2D,молочная,30,ACH-000856,BRAKES,5.3675079345703125
2D,молочная,38,ACH-000223,BRAKES,3.3258094787597656
2D,молочная,50,ACH-000019,BRAKES,-4.683807373046875
2D,молочная,51,ACH-000330,BRAKES,-7.609336853027344
2D,молочная,58,ACH-000725,BRAKES,-4.681121826171875
2D,молочная,63,ACH-000643,BRAKES,3.5743064880371094
2D,молочная,74,ACH-000711,BRAKES,0.9133872985839844
2D,молочная,86,ACH-000248,BRAKES,-1.5312690734863281
2D,молочная,90,ACH-000783,BRAKES,-6.060606002807617
2D,молочная,93,ACH-000857,BRAKES,3.6347503662109375
2D,молочная,94,ACH-002499,BRAKES,2.7065868377685547
2D,молочная,108,ACH-000759,BRAKES,-5.484365463256836
2D,молочная,119,ACH-000910,BRAKES,-5.540777206420898
2D,молочная,146,ACH-000147,BRAKES,-3.8214588165283203
2D,молочная,147,ACH-000930,BRAKES,-2.161243438720703
2D,молочная,156,ACH-000374,BRAKES,7.290988922119141
2D,молочная,160,ACH-000148,BRAKES,6.734230041503906
2D,молочная,165,ACH-001705,BRAKES,4.95513916015625
2D,молочная,168,ACH-001392,BRAKES,-7.786647796630859
2D,молочная,177,ACH-000668,BRAKES,2.444660186767578
2D,молочная,183,ACH-000876,BRAKES,-1.9597587585449219
2D,молочная,187,ACH-000624,BRAKES,0.10477066040039062
2D,молочная,188,ACH-000699,BRAKES,2.263324737548828
2D,молочная,189,ACH-000044,BRAKES,-9.096282958984375
2D,молочная,193,ACH-002921,BRAKES,-5.536750793457031
2D,молочная,196,ACH-001396,BRAKES,-1.6346988677978516
2D,молочная,208,ACH-000352,BRAKES,-3.864442825317383
2D,молочная,214,ACH-001419,BRAKES,2.4446563720703125
2D,молочная,220,ACH-001390,BRAKES,1.4949989318847656
2D,молочная,223,ACH-001389,BRAKES,2.9806060791015625
2D,молочная,232,ACH-001395,BRAKES,-4.310394287109375
2D,молочная,236,ACH-001683,BRAKES,-3.2008914947509766
2D,молочная,246,ACH-000536,BRAKES,0.087310791015625
2D,молочная,257,ACH-001819,BRAKES,-0.7548866271972656
2D,молочная,267,ACH-002401,BRAKES,4.95782470703125
2D,молочная,272,ACH-000212,BRAKES,4.216367721557617
2D,молочная,273,ACH-000621,BRAKES,0.22163009643554688
2D,молочная,281,ACH-000849,BRAKES,4.286211013793945
2D,молочная,282,ACH-000028,BRAKES,-6.518646240234375
2D,молочная,297,ACH-000277,BRAKES,-2.7361373901367188
2D,молочная,308,ACH-001394,BRAKES,4.956478118896484
2D,молочная,322,ACH-000721,BRAKES,2.378843307495117
2D,молочная,351,ACH-000097,BRAKES,-1.0866622924804688
2D,молочная,353,ACH-000859,BRAKES,2.131694793701172
2D,молочная,358,ACH-000927,BRAKES,-0.7710056304931641
2D,молочная,370,ACH-002399,BRAKES,8.092899322509766
2D,молочная,376,ACH-001391,BRAKES,11.428112030029297
2D,молочная,377,ACH-000768,BRAKES,6.428651809692383
2D,молочная,378,ACH-000288,BRAKES,4.616647720336914
2D,молочная,380,ACH-001662,BRAKES,-5.718086242675781
2D,молочная,381,ACH-000349,BRAKES,-3.9732398986816406
2D,молочная,389,ACH-000934,BRAKES,-2.2176513671875
2D,молочная,6,ACH-000828,ENTRY adaptors,-7.301750183105469
2D,молочная,14,ACH-000117,ENTRY adaptors,-4.897377014160156
2D,молочная,24,ACH-000276,ENTRY adaptors,-6.060611724853516
2D,молочная,25,ACH-000554,ENTRY adaptors,0.7226524353027344
2D,молочная,26,ACH-000818,ENTRY adaptors,-6.788627624511719
2D,молочная,30,ACH-000856,ENTRY adaptors,-12.344184875488281
2D,молочная,38,ACH-000223,ENTRY adaptors,8.107673645019531
2D,молочная,50,ACH-000019,ENTRY adaptors,-3.8845901489257812
2D,молочная,51,ACH-000330,ENTRY adaptors,-5.32989501953125
2D,молочная,58,ACH-000725,ENTRY adaptors,-3.6320648193359375
2D,молочная,63,ACH-000643,ENTRY adaptors,5.937034606933594
2D,молочная,74,ACH-000711,ENTRY adaptors,5.4561614990234375
2D,молочная,86,ACH-000248,ENTRY adaptors,-1.480224609375
2D,молочная,90,ACH-000783,ENTRY adaptors,3.1619415283203125
2D,молочная,93,ACH-000857,ENTRY adaptors,2.9174652099609375
2D,молочная,94,ACH-002499,ENTRY adaptors,-6.2970123291015625
2D,молочная,108,ACH-000759,ENTRY adaptors,4.056526184082031
2D,молочная,119,ACH-000910,ENTRY adaptors,-2.315704345703125
2D,молочная,146,ACH-000147,ENTRY adaptors,-0.25521087646484375
2D,молочная,147,ACH-000930,ENTRY adaptors,-10.646356582641602
2D,молочная,156,ACH-000374,ENTRY adaptors,6.6704254150390625
2D,молочная,160,ACH-000148,ENTRY adaptors,-2.549427032470703
2D,молочная,165,ACH-001705,ENTRY adaptors,8.333335876464844
2D,молочная,168,ACH-001392,ENTRY adaptors,-11.747802734375
2D,молочная,177,ACH-000668,ENTRY adaptors,9.75177001953125
2D,молочная,183,ACH-000876,ENTRY adaptors,-2.0658721923828125
2D,молочная,187,ACH-000624,ENTRY adaptors,10.232635498046875
2D,молочная,188,ACH-000699,ENTRY adaptors,-0.069854736328125
2D,молочная,189,ACH-000044,ENTRY adaptors,-9.974739074707031
2D,молочная,193,ACH-002921,ENTRY adaptors,4.663656234741211
2D,молочная,196,ACH-001396,ENTRY adaptors,-7.656351089477539
2D,молочная,208,ACH-000352,ENTRY adaptors,-2.0013961791992188
2D,молочная,214,ACH-001419,ENTRY adaptors,7.16741943359375
2D,молочная,220,ACH-001390,ENTRY adaptors,-1.6252899169921875
2D,молочная,223,ACH-001389,ENTRY adaptors,-8.870622634887695
2D,молочная,232,ACH-001395,ENTRY adaptors,2.3721237182617188
2D,молочная,236,ACH-001683,ENTRY adaptors,-8.435417175292969
2D,молочная,246,ACH-000536,ENTRY adaptors,12.494621276855469
2D,молочная,257,ACH-001819,ENTRY adaptors,-14.254249572753906
2D,молочная,267,ACH-002401,ENTRY adaptors,8.787338256835938
2D,молочная,272,ACH-000212,ENTRY adaptors,-1.0665130615234375
2D,молочная,273,ACH-000621,ENTRY adaptors,-3.769073486328125
2D,молочная,281,ACH-000849,ENTRY adaptors,8.193641662597656
2D,молочная,282,ACH-000028,ENTRY adaptors,3.0840301513671875
2D,молочная,297,ACH-000277,ENTRY adaptors,-6.595207214355469
2D,молочная,308,ACH-001394,ENTRY adaptors,9.56103515625
2D,молочная,322,ACH-000721,ENTRY adaptors,-2.936279296875
2D,молочная,351,ACH-000097,ENTRY adaptors,4.443367004394531
2D,молочная,353,ACH-000859,ENTRY adaptors,4.5561981201171875
2D,молочная,358,ACH-000927,ENTRY adaptors,0.20685577392578125
2D,молочная,370,ACH-002399,ENTRY adaptors,14.608856201171875
2D,молочная,376,ACH-001391,ENTRY adaptors,11.751823425292969
2D,молочная,377,ACH-000768,ENTRY adaptors,5.3943634033203125
2D,молочная,378,ACH-000288,ENTRY adaptors,-2.3613815307617188
2D,молочная,380,ACH-001662,ENTRY adaptors,-3.051788330078125
2D,молочная,381,ACH-000349,ENTRY adaptors,3.6132583618164062
2D,молочная,389,ACH-000934,ENTRY adaptors,4.9188690185546875
2D,молочная,6,ACH-000828,ENTRY receptors,-0.3465538024902344
2D,молочная,14,ACH-000117,ENTRY receptors,-4.454113006591797
2D,молочная,24,ACH-000276,ENTRY receptors,-5.962551116943359
2D,молочная,25,ACH-000554,ENTRY receptors,0.7468338012695312
2D,молочная,26,ACH-000818,ENTRY receptors,-6.427305221557617
2D,молочная,30,ACH-000856,ENTRY receptors,0.6501216888427734
2D,молочная,38,ACH-000223,ENTRY receptors,4.898721694946289
2D,молочная,50,ACH-000019,ENTRY receptors,2.165273666381836
2D,молочная,51,ACH-000330,ENTRY receptors,-7.152641296386719
2D,молочная,58,ACH-000725,ENTRY receptors,-9.875349044799805
2D,молочная,63,ACH-000643,ENTRY receptors,3.719371795654297
2D,молочная,74,ACH-000711,ENTRY receptors,7.347412109375
2D,молочная,86,ACH-000248,ENTRY receptors,-7.578447341918945
2D,молочная,90,ACH-000783,ENTRY receptors,-15.238822937011719
2D,молочная,93,ACH-000857,ENTRY receptors,8.880025863647461
2D,молочная,94,ACH-002499,ENTRY receptors,7.613368988037109
2D,молочная,108,ACH-000759,ENTRY receptors,4.272777557373047
2D,молочная,119,ACH-000910,ENTRY receptors,-3.898021697998047
2D,молочная,146,ACH-000147,ENTRY receptors,-0.4902763366699219
2D,молочная,147,ACH-000930,ENTRY receptors,1.4547100067138672
2D,молочная,156,ACH-000374,ENTRY receptors,3.6293811798095703
2D,молочная,160,ACH-000148,ENTRY receptors,10.728290557861328
2D,молочная,165,ACH-001705,ENTRY receptors,5.446754455566406
2D,молочная,168,ACH-001392,ENTRY receptors,1.259267807006836
2D,молочная,177,ACH-000668,ENTRY receptors,-3.2425308227539062
2D,молочная,183,ACH-000876,ENTRY receptors,-4.296957015991211
2D,молочная,187,ACH-000624,ENTRY receptors,3.2989501953125
2D,молочная,188,ACH-000699,ENTRY receptors,4.988712310791016
2D,молочная,189,ACH-000044,ENTRY receptors,-31.6368465423584
2D,молочная,193,ACH-002921,ENTRY receptors,-10.005643844604492
2D,молочная,196,ACH-001396,ENTRY receptors,-0.9812221527099609
2D,молочная,208,ACH-000352,ENTRY receptors,-4.386955261230469
2D,молочная,214,ACH-001419,ENTRY receptors,-0.7911567687988281
2D,молочная,220,ACH-001390,ENTRY receptors,12.602087020874023
2D,молочная,223,ACH-001389,ENTRY receptors,6.808773040771484
2D,молочная,232,ACH-001395,ENTRY receptors,-4.325162887573242
2D,молочная,236,ACH-001683,ENTRY receptors,3.1726837158203125
2D,молочная,246,ACH-000536,ENTRY receptors,-4.706640243530273
2D,молочная,257,ACH-001819,ENTRY receptors,-6.241941452026367
2D,молочная,267,ACH-002401,ENTRY receptors,2.480928421020508
2D,молочная,272,ACH-000212,ENTRY receptors,3.292234420776367
2D,молочная,273,ACH-000621,ENTRY receptors,-9.315223693847656
2D,молочная,281,ACH-000849,ENTRY receptors,-3.953094482421875
2D,молочная,282,ACH-000028,ENTRY receptors,-0.9792060852050781
2D,молочная,297,ACH-000277,ENTRY receptors,-7.625453948974609
2D,молочная,308,ACH-001394,ENTRY receptors,17.433643341064453
2D,молочная,322,ACH-000721,ENTRY receptors,7.708740234375
2D,молочная,351,ACH-000097,ENTRY receptors,2.904041290283203
2D,молочная,353,ACH-000859,ENTRY receptors,5.305715560913086
2D,молочная,358,ACH-000927,ENTRY receptors,-10.37099838256836
2D,молочная,370,ACH-002399,ENTRY receptors,0.1423778533935547
2D,молочная,376,ACH-001391,ENTRY receptors,13.394580841064453
2D,молочная,377,ACH-000768,ENTRY receptors,10.188316345214844
2D,молочная,378,ACH-000288,ENTRY receptors,5.667045593261719
2D,молочная,380,ACH-001662,ENTRY receptors,-7.242639541625977
2D,молочная,381,ACH-000349,ENTRY receptors,-8.109016418457031
2D,молочная,389,ACH-000934,ENTRY receptors,2.639423370361328
2D,молочная,6,ACH-000828,Inhibitory signals,-4.440683364868164
2D,молочная,14,ACH-000117,Inhibitory signals,-3.6992263793945312
2D,молочная,24,ACH-000276,Inhibitory signals,2.7777786254882812
2D,молочная,25,ACH-000554,Inhibitory signals,-3.3620786666870117
2D,молочная,26,ACH-000818,Inhibitory signals,-0.92547607421875
2D,молочная,30,ACH-000856,Inhibitory signals,-7.05190372467041
2D,молочная,38,ACH-000223,Inhibitory signals,11.766600608825684
2D,молочная,50,ACH-000019,Inhibitory signals,-3.1767139434814453
2D,молочная,51,ACH-000330,Inhibitory signals,-6.943100929260254
2D,молочная,58,ACH-000725,Inhibitory signals,-1.2371044158935547
2D,молочная,63,ACH-000643,Inhibitory signals,12.340155601501465
2D,молочная,74,ACH-000711,Inhibitory signals,20.39678955078125
2D,молочная,86,ACH-000248,Inhibitory signals,1.5057525634765625
2D,молочная,90,ACH-000783,Inhibitory signals,-6.432679176330566
2D,молочная,93,ACH-000857,Inhibitory signals,25.368040084838867
2D,молочная,94,ACH-002499,Inhibitory signals,3.491025924682617
2D,молочная,108,ACH-000759,Inhibitory signals,0.4069976806640625
2D,молочная,119,ACH-000910,Inhibitory signals,-18.22345733642578
2D,молочная,146,ACH-000147,Inhibitory signals,-5.07804012298584
2D,молочная,147,ACH-000930,Inhibitory signals,-1.8523006439208984
2D,молочная,156,ACH-000374,Inhibitory signals,5.264076232910156
2D,молочная,160,ACH-000148,Inhibitory signals,4.717384338378906
2D,молочная,165,ACH-001705,Inhibitory signals,11.281700134277344
2D,молочная,168,ACH-001392,Inhibitory signals,-4.3533782958984375
2D,молочная,177,ACH-000668,Inhibitory signals,14.847947120666504
2D,молочная,183,ACH-000876,Inhibitory signals,5.759727478027344
2D,молочная,187,ACH-000624,Inhibitory signals,4.544109344482422
2D,молочная,188,ACH-000699,Inhibitory signals,0.5211677551269531
2D,молочная,189,ACH-000044,Inhibitory signals,-9.982807159423828
2D,молочная,193,ACH-002921,Inhibitory signals,2.306307792663574
2D,молочная,196,ACH-001396,Inhibitory signals,-5.242588043212891
2D,молочная,208,ACH-000352,Inhibitory signals,-7.342037200927734
2D,молочная,214,ACH-001419,Inhibitory signals,-1.4654521942138672
2D,молочная,220,ACH-001390,Inhibitory signals,-6.364175796508789
2D,молочная,223,ACH-001389,Inhibitory signals,4.009511947631836
2D,молочная,232,ACH-001395,Inhibitory signals,-2.736138343811035
2D,молочная,236,ACH-001683,Inhibitory signals,-1.6091785430908203
2D,молочная,246,ACH-000536,Inhibitory signals,0.5748977661132812
2D,молочная,257,ACH-001819,Inhibitory signals,-11.997634887695312
2D,молочная,267,ACH-002401,Inhibitory signals,22.48683738708496
2D,молочная,272,ACH-000212,Inhibitory signals,-4.785892486572266
2D,молочная,273,ACH-000621,Inhibitory signals,1.4775428771972656
2D,молочная,281,ACH-000849,Inhibitory signals,6.014935493469238
2D,молочная,282,ACH-000028,Inhibitory signals,-8.331991195678711
2D,молочная,297,ACH-000277,Inhibitory signals,-7.789329528808594
2D,молочная,308,ACH-001394,Inhibitory signals,2.343916893005371
2D,молочная,322,ACH-000721,Inhibitory signals,0.087310791015625
2D,молочная,351,ACH-000097,Inhibitory signals,-4.644852638244629
2D,молочная,353,ACH-000859,Inhibitory signals,19.807113647460938
2D,молочная,358,ACH-000927,Inhibitory signals,-6.859820365905762
2D,молочная,370,ACH-002399,Inhibitory signals,14.62631607055664
2D,молочная,376,ACH-001391,Inhibitory signals,-0.4822120666503906
2D,молочная,377,ACH-000768,Inhibitory signals,5.504512786865234
2D,молочная,378,ACH-000288,Inhibitory signals,4.427927017211914
2D,молочная,380,ACH-001662,Inhibitory signals,3.1659727096557617
2D,молочная,381,ACH-000349,Inhibitory signals,-5.675104141235352
2D,молочная,389,ACH-000934,Inhibitory signals,2.413763999938965
2D,молочная,6,ACH-000828,MHC-I presentation,-7.3151702880859375
2D,молочная,14,ACH-000117,MHC-I presentation,6.550880432128906
2D,молочная,24,ACH-000276,MHC-I presentation,8.26617431640625
2D,молочная,25,ACH-000554,MHC-I presentation,-10.941865921020508
2D,молочная,26,ACH-000818,MHC-I presentation,-4.443368911743164
2D,молочная,30,ACH-000856,MHC-I presentation,-14.309314727783203
2D,молочная,38,ACH-000223,MHC-I presentation,11.94659423828125
2D,молочная,50,ACH-000019,MHC-I presentation,-19.14490509033203
2D,молочная,51,ACH-000330,MHC-I presentation,-26.707231521606445
2D,молочная,58,ACH-000725,MHC-I presentation,-2.0470657348632812
2D,молочная,63,ACH-000643,MHC-I presentation,17.36111068725586
2D,молочная,74,ACH-000711,MHC-I presentation,10.952617645263672
2D,молочная,86,ACH-000248,MHC-I presentation,-0.3183403015136719
2D,молочная,90,ACH-000783,MHC-I presentation,-13.355628967285156
2D,молочная,93,ACH-000857,MHC-I presentation,12.20986557006836
2D,молочная,94,ACH-002499,MHC-I presentation,11.855255126953125
2D,молочная,108,ACH-000759,MHC-I presentation,-6.537448883056641
2D,молочная,119,ACH-000910,MHC-I presentation,-14.850631713867188
2D,молочная,146,ACH-000147,MHC-I presentation,0.04835700988769531
2D,молочная,147,ACH-000930,MHC-I presentation,1.959756851196289
2D,молочная,156,ACH-000374,MHC-I presentation,12.172927856445312
2D,молочная,160,ACH-000148,MHC-I presentation,9.544916152954102
2D,молочная,165,ACH-001705,MHC-I presentation,0.93621826171875
2D,молочная,168,ACH-001392,MHC-I presentation,-3.5528125762939453
2D,молочная,177,ACH-000668,MHC-I presentation,13.89963150024414
2D,молочная,183,ACH-000876,MHC-I presentation,8.071403503417969
2D,молочная,187,ACH-000624,MHC-I presentation,14.603477478027344
2D,молочная,188,ACH-000699,MHC-I presentation,13.789493560791016
2D,молочная,189,ACH-000044,MHC-I presentation,-17.991077423095703
2D,молочная,193,ACH-002921,MHC-I presentation,-6.149257659912109
2D,молочная,196,ACH-001396,MHC-I presentation,-8.584510803222656
2D,молочная,208,ACH-000352,MHC-I presentation,-6.063289642333984
2D,молочная,214,ACH-001419,MHC-I presentation,-12.466423034667969
2D,молочная,220,ACH-001390,MHC-I presentation,0.3089408874511719
2D,молочная,223,ACH-001389,MHC-I presentation,4.157264709472656
2D,молочная,232,ACH-001395,MHC-I presentation,0.021488189697265625
2D,молочная,236,ACH-001683,MHC-I presentation,-13.328767776489258
2D,молочная,246,ACH-000536,MHC-I presentation,0.3277473449707031
2D,молочная,257,ACH-001819,MHC-I presentation,-3.480283737182617
2D,молочная,267,ACH-002401,MHC-I presentation,13.994998931884766
2D,молочная,272,ACH-000212,MHC-I presentation,-3.530649185180664
2D,молочная,273,ACH-000621,MHC-I presentation,11.371696472167969
2D,молочная,281,ACH-000849,MHC-I presentation,12.939231872558594
2D,молочная,282,ACH-000028,MHC-I presentation,-15.468513488769531
2D,молочная,297,ACH-000277,MHC-I presentation,-16.06893539428711
2D,молочная,308,ACH-001394,MHC-I presentation,7.715450286865234
2D,молочная,322,ACH-000721,MHC-I presentation,-2.8650856018066406
2D,молочная,351,ACH-000097,MHC-I presentation,-13.535621643066406
2D,молочная,353,ACH-000859,MHC-I presentation,8.465641021728516
2D,молочная,358,ACH-000927,MHC-I presentation,-15.648508071899414
2D,молочная,370,ACH-002399,MHC-I presentation,9.974746704101562
2D,молочная,376,ACH-001391,MHC-I presentation,7.179510116577148
2D,молочная,377,ACH-000768,MHC-I presentation,11.30453872680664
2D,молочная,378,ACH-000288,MHC-I presentation,4.204273223876953
2D,молочная,380,ACH-001662,MHC-I presentation,-2.5225677490234375
2D,молочная,381,ACH-000349,MHC-I presentation,-15.765363693237305
2D,молочная,389,ACH-000934,MHC-I presentation,-2.9873218536376953
2D,молочная,6,ACH-000828,NK activating ligands,-2.8328475952148438
2D,молочная,14,ACH-000117,NK activating ligands,0.9483108520507812
2D,молочная,24,ACH-000276,NK activating ligands,-1.4654541015625
2D,молочная,25,ACH-000554,NK activating ligands,-2.0081100463867188
2D,молочная,26,ACH-000818,NK activating ligands,-5.179454803466797
2D,молочная,30,ACH-000856,NK activating ligands,2.3224258422851562
2D,молочная,38,ACH-000223,NK activating ligands,-0.21625900268554688
2D,молочная,50,ACH-000019,NK activating ligands,2.3492908477783203
2D,молочная,51,ACH-000330,NK activating ligands,-2.292877197265625
2D,молочная,58,ACH-000725,NK activating ligands,-20.031435012817383
2D,молочная,63,ACH-000643,NK activating ligands,-0.7266845703125
2D,молочная,74,ACH-000711,NK activating ligands,12.209863662719727
2D,молочная,86,ACH-000248,NK activating ligands,2.9349365234375
2D,молочная,90,ACH-000783,NK activating ligands,-2.7925548553466797
2D,молочная,93,ACH-000857,NK activating ligands,5.618686676025391
2D,молочная,94,ACH-002499,NK activating ligands,3.515209197998047
2D,молочная,108,ACH-000759,NK activating ligands,-5.226467132568359
2D,молочная,119,ACH-000910,NK activating ligands,-4.114278793334961
2D,молочная,146,ACH-000147,NK activating ligands,-1.27471923828125
2D,молочная,147,ACH-000930,NK activating ligands,-11.453634262084961
2D,молочная,156,ACH-000374,NK activating ligands,14.06081771850586
2D,молочная,160,ACH-000148,NK activating ligands,7.297712326049805
2D,молочная,165,ACH-001705,NK activating ligands,7.39442253112793
2D,молочная,168,ACH-001392,NK activating ligands,-1.9201335906982422
2D,молочная,177,ACH-000668,NK activating ligands,2.718677520751953
2D,молочная,183,ACH-000876,NK activating ligands,2.7509117126464844
2D,молочная,187,ACH-000624,NK activating ligands,6.384321212768555
2D,молочная,188,ACH-000699,NK activating ligands,8.627500534057617
2D,молочная,189,ACH-000044,NK activating ligands,-21.29137420654297
2D,молочная,193,ACH-002921,NK activating ligands,-13.023856163024902
2D,молочная,196,ACH-001396,NK activating ligands,4.08204460144043
2D,молочная,208,ACH-000352,NK activating ligands,-3.3056640625
2D,молочная,214,ACH-001419,NK activating ligands,1.253225326538086
2D,молочная,220,ACH-001390,NK activating ligands,4.485008239746094
2D,молочная,223,ACH-001389,NK activating ligands,2.605846405029297
2D,молочная,232,ACH-001395,NK activating ligands,-16.293251037597656
2D,молочная,236,ACH-001683,NK activating ligands,-0.11417198181152344
2D,молочная,246,ACH-000536,NK activating ligands,3.1605987548828125
2D,молочная,257,ACH-001819,NK activating ligands,-5.026323318481445
2D,молочная,267,ACH-002401,NK activating ligands,7.305767059326172
2D,молочная,272,ACH-000212,NK activating ligands,2.3157100677490234
2D,молочная,273,ACH-000621,NK activating ligands,-8.712118148803711
2D,молочная,281,ACH-000849,NK activating ligands,4.00816535949707
2D,молочная,282,ACH-000028,NK activating ligands,-3.6508712768554688
2D,молочная,297,ACH-000277,NK activating ligands,-1.8415546417236328
2D,молочная,308,ACH-001394,NK activating ligands,6.498495101928711
2D,молочная,322,ACH-000721,NK activating ligands,-12.103750228881836
2D,молочная,351,ACH-000097,NK activating ligands,-7.742317199707031
2D,молочная,353,ACH-000859,NK activating ligands,7.8618621826171875
2D,молочная,358,ACH-000927,NK activating ligands,-11.778694152832031
2D,молочная,370,ACH-002399,NK activating ligands,4.486354827880859
2D,молочная,376,ACH-001391,NK activating ligands,5.084087371826172
2D,молочная,377,ACH-000768,NK activating ligands,9.626855850219727
2D,молочная,378,ACH-000288,NK activating ligands,-3.8711585998535156
2D,молочная,380,ACH-001662,NK activating ligands,1.7394676208496094
2D,молочная,381,ACH-000349,NK activating ligands,-11.578551292419434
2D,молочная,389,ACH-000934,NK activating ligands,-2.9644851684570312
2D,молочная,6,ACH-000828,Necroptosis executioners,-3.042390823364258
2D,молочная,14,ACH-000117,Necroptosis executioners,2.839567184448242
2D,молочная,24,ACH-000276,Necroptosis executioners,-5.496452331542969
2D,молочная,25,ACH-000554,Necroptosis executioners,-3.6038570404052734
2D,молочная,26,ACH-000818,Necroptosis executioners,0.5977325439453125
2D,молочная,30,ACH-000856,Necroptosis executioners,-7.437408447265625
2D,молочная,38,ACH-000223,Necroptosis executioners,4.2741241455078125
2D,молочная,50,ACH-000019,Necroptosis executioners,0.6366863250732422
2D,молочная,51,ACH-000330,Necroptosis executioners,2.6730098724365234
2D,молочная,58,ACH-000725,Necroptosis executioners,0.17327880859375
2D,молочная,63,ACH-000643,Necroptosis executioners,-6.995487213134766
2D,молочная,74,ACH-000711,Necroptosis executioners,1.28411865234375
2D,молочная,86,ACH-000248,Necroptosis executioners,5.865837097167969
2D,молочная,90,ACH-000783,Necroptosis executioners,2.545400619506836
2D,молочная,93,ACH-000857,Necroptosis executioners,4.2794952392578125
2D,молочная,94,ACH-002499,Necroptosis executioners,4.94573974609375
2D,молочная,108,ACH-000759,Necroptosis executioners,-5.827556610107422
2D,молочная,119,ACH-000910,Necroptosis executioners,4.540081024169922
2D,молочная,146,ACH-000147,Necroptosis executioners,3.113584518432617
2D,молочная,147,ACH-000930,Necroptosis executioners,-0.7884712219238281
2D,молочная,156,ACH-000374,Necroptosis executioners,6.532077789306641
2D,молочная,160,ACH-000148,Necroptosis executioners,-9.731626510620117
2D,молочная,165,ACH-001705,Necroptosis executioners,4.588436126708984
2D,молочная,168,ACH-001392,Necroptosis executioners,3.842954635620117
2D,молочная,177,ACH-000668,Necroptosis executioners,-0.5010204315185547
2D,молочная,183,ACH-000876,Necroptosis executioners,0.04566764831542969
2D,молочная,187,ACH-000624,Necroptosis executioners,11.089618682861328
2D,молочная,188,ACH-000699,Necroptosis executioners,-7.406511306762695
2D,молочная,189,ACH-000044,Necroptosis executioners,-7.890070915222168
2D,молочная,193,ACH-002921,Necroptosis executioners,-6.721467971801758
2D,молочная,196,ACH-001396,Necroptosis executioners,-5.504512786865234
2D,молочная,208,ACH-000352,Necroptosis executioners,0.084625244140625
2D,молочная,214,ACH-001419,Necroptosis executioners,-7.6805267333984375
2D,молочная,220,ACH-001390,Necroptosis executioners,12.525520324707031
2D,молочная,223,ACH-001389,Necroptosis executioners,-6.631473541259766
2D,молочная,232,ACH-001395,Necroptosis executioners,-9.246721267700195
2D,молочная,236,ACH-001683,Necroptosis executioners,-0.7736968994140625
2D,молочная,246,ACH-000536,Necroptosis executioners,6.370891571044922
2D,молочная,257,ACH-001819,Necroptosis executioners,-23.299484252929688
2D,молочная,267,ACH-002401,Necroptosis executioners,5.610626220703125
2D,молочная,272,ACH-000212,Necroptosis executioners,-2.596445083618164
2D,молочная,273,ACH-000621,Necroptosis executioners,-6.965930938720703
2D,молочная,281,ACH-000849,Necroptosis executioners,3.2667102813720703
2D,молочная,282,ACH-000028,Necroptosis executioners,5.930316925048828
2D,молочная,297,ACH-000277,Necroptosis executioners,1.168600082397461
2D,молочная,308,ACH-001394,Necroptosis executioners,6.3910369873046875
2D,молочная,322,ACH-000721,Necroptosis executioners,4.384269714355469
2D,молочная,351,ACH-000097,Necroptosis executioners,-0.24580764770507812
2D,молочная,353,ACH-000859,Necroptosis executioners,-1.9261798858642578
2D,молочная,358,ACH-000927,Necroptosis executioners,-2.8140487670898438
2D,молочная,370,ACH-002399,Necroptosis executioners,0.028209686279296875
2D,молочная,376,ACH-001391,Necroptosis executioners,1.8428955078125
2D,молочная,377,ACH-000768,Necroptosis executioners,-0.025522232055664062
2D,молочная,378,ACH-000288,Necroptosis executioners,-11.882121086120605
2D,молочная,380,ACH-001662,Necroptosis executioners,6.57908821105957
2D,молочная,381,ACH-000349,Necroptosis executioners,-1.9960212707519531
2D,молочная,389,ACH-000934,Necroptosis executioners,2.818073272705078
2D,молочная,6,ACH-000828,Necroptosis initiators,0.06985092163085938
2D,молочная,14,ACH-000117,Necroptosis initiators,8.113044738769531
2D,молочная,24,ACH-000276,Necroptosis initiators,12.894905090332031
2D,молочная,25,ACH-000554,Necroptosis initiators,-2.5010738372802734
2D,молочная,26,ACH-000818,Necroptosis initiators,5.705995559692383
2D,молочная,30,ACH-000856,Necroptosis initiators,-2.8422508239746094
2D,молочная,38,ACH-000223,Necroptosis initiators,-11.274982452392578
2D,молочная,50,ACH-000019,Necroptosis initiators,0.6205673217773438
2D,молочная,51,ACH-000330,Necroptosis initiators,-0.7522029876708984
2D,молочная,58,ACH-000725,Necroptosis initiators,3.953094482421875
2D,молочная,63,ACH-000643,Necroptosis initiators,12.35761833190918
2D,молочная,74,ACH-000711,Necroptosis initiators,-0.1934223175048828
2D,молочная,86,ACH-000248,Necroptosis initiators,-1.9987106323242188
2D,молочная,90,ACH-000783,Necroptosis initiators,1.0289154052734375
2D,молочная,93,ACH-000857,Necroptosis initiators,1.4667930603027344
2D,молочная,94,ACH-002499,Necroptosis initiators,4.145175933837891
2D,молочная,108,ACH-000759,Necroptosis initiators,1.5863418579101562
2D,молочная,119,ACH-000910,Necroptosis initiators,2.9577674865722656
2D,молочная,146,ACH-000147,Necroptosis initiators,-0.06447219848632812
2D,молочная,147,ACH-000930,Necroptosis initiators,-12.17494010925293
2D,молочная,156,ACH-000374,Necroptosis initiators,-2.3506336212158203
2D,молочная,160,ACH-000148,Necroptosis initiators,-10.54964542388916
2D,молочная,165,ACH-001705,Necroptosis initiators,0.0
2D,молочная,168,ACH-001392,Necroptosis initiators,-7.9357452392578125
2D,молочная,177,ACH-000668,Necroptosis initiators,16.604877471923828
2D,молочная,183,ACH-000876,Necroptosis initiators,11.285728454589844
2D,молочная,187,ACH-000624,Necroptosis initiators,3.0920944213867188
2D,молочная,188,ACH-000699,Necroptosis initiators,-3.234471321105957
2D,молочная,189,ACH-000044,Necroptosis initiators,-8.099613189697266
2D,молочная,193,ACH-002921,Necroptosis initiators,0.0
2D,молочная,196,ACH-001396,Necroptosis initiators,0.0
2D,молочная,208,ACH-000352,Necroptosis initiators,-2.560175895690918
2D,молочная,214,ACH-001419,Necroptosis initiators,1.1847190856933594
2D,молочная,220,ACH-001390,Necroptosis initiators,-7.924991607666016
2D,молочная,223,ACH-001389,Necroptosis initiators,-8.709430694580078
2D,молочная,232,ACH-001395,Necroptosis initiators,15.70760726928711
2D,молочная,236,ACH-001683,Necroptosis initiators,8.722862243652344
2D,молочная,246,ACH-000536,Necroptosis initiators,-9.794757843017578
2D,молочная,257,ACH-001819,Necroptosis initiators,-9.354179382324219
2D,молочная,267,ACH-002401,Necroptosis initiators,4.413818359375
2D,молочная,272,ACH-000212,Necroptosis initiators,0.1396942138671875
2D,молочная,273,ACH-000621,Necroptosis initiators,0.8462257385253906
2D,молочная,281,ACH-000849,Necroptosis initiators,-0.644744873046875
2D,молочная,282,ACH-000028,Necroptosis initiators,-0.4943046569824219
2D,молочная,297,ACH-000277,Necroptosis initiators,-10.69605827331543
2D,молочная,308,ACH-001394,Necroptosis initiators,-2.949709892272949
2D,молочная,322,ACH-000721,Necroptosis initiators,-3.207611083984375
2D,молочная,351,ACH-000097,Necroptosis initiators,0.7468299865722656
2D,молочная,353,ACH-000859,Necroptosis initiators,1.4936599731445312
2D,молочная,358,ACH-000927,Necroptosis initiators,-11.232001304626465
2D,молочная,370,ACH-002399,Necroptosis initiators,4.376213073730469
2D,молочная,376,ACH-001391,Necroptosis initiators,-13.244140625
2D,молочная,377,ACH-000768,Necroptosis initiators,10.015045166015625
2D,молочная,378,ACH-000288,Necroptosis initiators,2.5064468383789062
2D,молочная,380,ACH-001662,Necroptosis initiators,2.9685134887695312
2D,молочная,381,ACH-000349,Necroptosis initiators,-5.567646026611328
2D,молочная,389,ACH-000934,Necroptosis initiators,-0.56146240234375
2D,молочная,6,ACH-000828,Pyroptosis executioners,-5.082740783691406
2D,молочная,14,ACH-000117,Pyroptosis executioners,6.517303466796875
2D,молочная,24,ACH-000276,Pyroptosis executioners,6.579090118408203
2D,молочная,25,ACH-000554,Pyroptosis executioners,13.561149597167969
2D,молочная,26,ACH-000818,Pyroptosis executioners,-2.047069549560547
2D,молочная,30,ACH-000856,Pyroptosis executioners,-0.5856437683105469
2D,молочная,38,ACH-000223,Pyroptosis executioners,13.894264221191406
2D,молочная,50,ACH-000019,Pyroptosis executioners,-5.955833435058594
2D,молочная,51,ACH-000330,Pyroptosis executioners,7.065330505371094
2D,молочная,58,ACH-000725,Pyroptosis executioners,-11.31796646118164
2D,молочная,63,ACH-000643,Pyroptosis executioners,19.842041015625
2D,молочная,74,ACH-000711,Pyroptosis executioners,32.008914947509766
2D,молочная,86,ACH-000248,Pyroptosis executioners,6.114341735839844
2D,молочная,90,ACH-000783,Pyroptosis executioners,-6.041797637939453
2D,молочная,93,ACH-000857,Pyroptosis executioners,10.37234115600586
2D,молочная,94,ACH-002499,Pyroptosis executioners,-1.3002357482910156
2D,молочная,108,ACH-000759,Pyroptosis executioners,-2.9873199462890625
2D,молочная,119,ACH-000910,Pyroptosis executioners,-4.287559509277344
2D,молочная,146,ACH-000147,Pyroptosis executioners,7.52471923828125
2D,молочная,147,ACH-000930,Pyroptosis executioners,4.220390319824219
2D,молочная,156,ACH-000374,Pyroptosis executioners,11.621528625488281
2D,молочная,160,ACH-000148,Pyroptosis executioners,9.045242309570312
2D,молочная,165,ACH-001705,Pyroptosis executioners,3.9920501708984375
2D,молочная,168,ACH-001392,Pyroptosis executioners,3.769073486328125
2D,молочная,177,ACH-000668,Pyroptosis executioners,0.05641937255859375
2D,молочная,183,ACH-000876,Pyroptosis executioners,-3.3875999450683594
2D,молочная,187,ACH-000624,Pyroptosis executioners,15.301956176757812
2D,молочная,188,ACH-000699,Pyroptosis executioners,3.3284912109375
2D,молочная,189,ACH-000044,Pyroptosis executioners,6.689231872558594
2D,молочная,193,ACH-002921,Pyroptosis executioners,-6.42864990234375
2D,молочная,196,ACH-001396,Pyroptosis executioners,-1.7623023986816406
2D,молочная,208,ACH-000352,Pyroptosis executioners,10.512035369873047
2D,молочная,214,ACH-001419,Pyroptosis executioners,-3.2237281799316406
2D,молочная,220,ACH-001390,Pyroptosis executioners,16.274444580078125
2D,молочная,223,ACH-001389,Pyroptosis executioners,-7.460239410400391
2D,молочная,232,ACH-001395,Pyroptosis executioners,-0.6796684265136719
2D,молочная,236,ACH-001683,Pyroptosis executioners,0.6151962280273438
2D,молочная,246,ACH-000536,Pyroptosis executioners,-0.5104217529296875
2D,молочная,257,ACH-001819,Pyroptosis executioners,-15.498065948486328
2D,молочная,267,ACH-002401,Pyroptosis executioners,1.552764892578125
2D,молочная,272,ACH-000212,Pyroptosis executioners,-1.6306686401367188
2D,молочная,273,ACH-000621,Pyroptosis executioners,9.351493835449219
2D,молочная,281,ACH-000849,Pyroptosis executioners,-2.4849624633789062
2D,молочная,282,ACH-000028,Pyroptosis executioners,-6.614009857177734
2D,молочная,297,ACH-000277,Pyroptosis executioners,-3.3875999450683594
2D,молочная,308,ACH-001394,Pyroptosis executioners,25.454010009765625
2D,молочная,322,ACH-000721,Pyroptosis executioners,-2.081989288330078
2D,молочная,351,ACH-000097,Pyroptosis executioners,9.440143585205078
2D,молочная,353,ACH-000859,Pyroptosis executioners,-2.6837539672851562
2D,молочная,358,ACH-000927,Pyroptosis executioners,-17.803030014038086
2D,молочная,370,ACH-002399,Pyroptosis executioners,-4.5561981201171875
2D,молочная,376,ACH-001391,Pyroptosis executioners,2.6971817016601562
2D,молочная,377,ACH-000768,Pyroptosis executioners,-7.006233215332031
2D,молочная,378,ACH-000288,Pyroptosis executioners,5.8322601318359375
2D,молочная,380,ACH-001662,Pyroptosis executioners,14.42885971069336
2D,молочная,381,ACH-000349,Pyroptosis executioners,-3.237163543701172
2D,молочная,389,ACH-000934,Pyroptosis executioners,3.578338623046875
2D,молочная,6,ACH-000828,Pyroptosis initiators,-1.8805084228515625
2D,молочная,14,ACH-000117,Pyroptosis initiators,-0.15044403076171875
2D,молочная,24,ACH-000276,Pyroptosis initiators,-1.1417312622070312
2D,молочная,25,ACH-000554,Pyroptosis initiators,-5.053192138671875
2D,молочная,26,ACH-000818,Pyroptosis initiators,-4.416504859924316
2D,молочная,30,ACH-000856,Pyroptosis initiators,0.0
2D,молочная,38,ACH-000223,Pyroptosis initiators,9.84579849243164
2D,молочная,50,ACH-000019,Pyroptosis initiators,-3.159252166748047
2D,молочная,51,ACH-000330,Pyroptosis initiators,-7.376956939697266
2D,молочная,58,ACH-000725,Pyroptosis initiators,-0.6769790649414062
2D,молочная,63,ACH-000643,Pyroptosis initiators,10.94723892211914
2D,молочная,74,ACH-000711,Pyroptosis initiators,11.677947998046875
2D,молочная,86,ACH-000248,Pyroptosis initiators,-2.812702178955078
2D,молочная,90,ACH-000783,Pyroptosis initiators,-1.7206649780273438
2D,молочная,93,ACH-000857,Pyroptosis initiators,14.724365234375
2D,молочная,94,ACH-002499,Pyroptosis initiators,-0.3761024475097656
2D,молочная,108,ACH-000759,Pyroptosis initiators,0.0
2D,молочная,119,ACH-000910,Pyroptosis initiators,0.0
2D,молочная,146,ACH-000147,Pyroptosis initiators,-7.290996551513672
2D,молочная,147,ACH-000930,Pyroptosis initiators,-1.069204330444336
2D,молочная,156,ACH-000374,Pyroptosis initiators,0.0
2D,молочная,160,ACH-000148,Pyroptosis initiators,3.637439727783203
2D,молочная,165,ACH-001705,Pyroptosis initiators,23.670211791992188
2D,молочная,168,ACH-001392,Pyroptosis initiators,1.7837944030761719
2D,молочная,177,ACH-000668,Pyroptosis initiators,20.5767822265625
2D,молочная,183,ACH-000876,Pyroptosis initiators,1.7112579345703125
2D,молочная,187,ACH-000624,Pyroptosis initiators,24.470779418945312
2D,молочная,188,ACH-000699,Pyroptosis initiators,1.1551685333251953
2D,молочная,189,ACH-000044,Pyroptosis initiators,-1.595743179321289
2D,молочная,193,ACH-002921,Pyroptosis initiators,-3.736835479736328
2D,молочная,196,ACH-001396,Pyroptosis initiators,2.5628604888916016
2D,молочная,208,ACH-000352,Pyroptosis initiators,-6.2943267822265625
2D,молочная,214,ACH-001419,Pyroptosis initiators,0.0
2D,молочная,220,ACH-001390,Pyroptosis initiators,7.594562530517578
2D,молочная,223,ACH-001389,Pyroptosis initiators,-0.8704032897949219
2D,молочная,232,ACH-001395,Pyroptosis initiators,7.672468185424805
2D,молочная,236,ACH-001683,Pyroptosis initiators,0.0
2D,молочная,246,ACH-000536,Pyroptosis initiators,6.463569641113281
2D,молочная,257,ACH-001819,Pyroptosis initiators,-11.2024507522583
2D,молочная,267,ACH-002401,Pyroptosis initiators,18.92059326171875
2D,молочная,272,ACH-000212,Pyroptosis initiators,-0.9026432037353516
2D,молочная,273,ACH-000621,Pyroptosis initiators,3.5058021545410156
2D,молочная,281,ACH-000849,Pyroptosis initiators,10.342788696289062
2D,молочная,282,ACH-000028,Pyroptosis initiators,-2.290189743041992
2D,молочная,297,ACH-000277,Pyroptosis initiators,-1.6682777404785156
2D,молочная,308,ACH-001394,Pyroptosis initiators,6.127767562866211
2D,молочная,322,ACH-000721,Pyroptosis initiators,-0.07790756225585938
2D,молочная,351,ACH-000097,Pyroptosis initiators,0.0
2D,молочная,353,ACH-000859,Pyroptosis initiators,0.0
2D,молочная,358,ACH-000927,Pyroptosis initiators,-2.8503074645996094
2D,молочная,370,ACH-002399,Pyroptosis initiators,11.030517578125
2D,молочная,376,ACH-001391,Pyroptosis initiators,17.491405487060547
2D,молочная,377,ACH-000768,Pyroptosis initiators,0.0
2D,молочная,378,ACH-000288,Pyroptosis initiators,0.41909027099609375
2D,молочная,380,ACH-001662,Pyroptosis initiators,8.714805603027344
2D,молочная,381,ACH-000349,Pyroptosis initiators,-3.427896499633789
2D,молочная,389,ACH-000934,Pyroptosis initiators,0.0
здоровая,панкреас,14,TSP1||Epithelium,Apoptosis executioners,2.2472076416015625
здоровая,панкреас,15,TSP27||Epithelium,Apoptosis executioners,9.042549133300781
здоровая,панкреас,16,TSP9||Epithelium,Apoptosis executioners,-3.2317886352539062
здоровая,панкреас,14,TSP1||Epithelium,Apoptosis initiators,-11.860631942749023
здоровая,панкреас,15,TSP27||Epithelium,Apoptosis initiators,-4.210990905761719
здоровая,панкреас,16,TSP9||Epithelium,Apoptosis initiators,-11.103048324584961
здоровая,панкреас,14,TSP1||Epithelium,BRAKES,10.650386810302734
здоровая,панкреас,15,TSP27||Epithelium,BRAKES,17.58945655822754
здоровая,панкреас,16,TSP9||Epithelium,BRAKES,19.57339096069336
здоровая,панкреас,14,TSP1||Epithelium,ENTRY adaptors,-16.45578384399414
здоровая,панкреас,15,TSP27||Epithelium,ENTRY adaptors,-12.02181625366211
здоровая,панкреас,16,TSP9||Epithelium,ENTRY adaptors,-17.025306701660156
здоровая,панкреас,14,TSP1||Epithelium,ENTRY receptors,-16.247587203979492
здоровая,панкреас,15,TSP27||Epithelium,ENTRY receptors,-7.957231521606445
здоровая,панкреас,16,TSP9||Epithelium,ENTRY receptors,-13.170942306518555
здоровая,панкреас,14,TSP1||Epithelium,Inhibitory signals,-13.37645149230957
здоровая,панкреас,15,TSP27||Epithelium,Inhibitory signals,4.110252380371094
здоровая,панкреас,16,TSP9||Epithelium,Inhibitory signals,-9.383057594299316
здоровая,панкреас,14,TSP1||Epithelium,MHC-I presentation,-6.953174591064453
здоровая,панкреас,15,TSP27||Epithelium,MHC-I presentation,0.3317718505859375
здоровая,панкреас,16,TSP9||Epithelium,MHC-I presentation,-2.6273345947265625
здоровая,панкреас,14,TSP1||Epithelium,NK activating ligands,-24.430477142333984
здоровая,панкреас,15,TSP27||Epithelium,NK activating ligands,-17.033367156982422
здоровая,панкреас,16,TSP9||Epithelium,NK activating ligands,-19.527725219726562
здоровая,панкреас,14,TSP1||Epithelium,Necroptosis executioners,-16.38257598876953
здоровая,панкреас,15,TSP27||Epithelium,Necroptosis executioners,-6.506555557250977
здоровая,панкреас,16,TSP9||Epithelium,Necroptosis executioners,-17.112613677978516
здоровая,панкреас,14,TSP1||Epithelium,Necroptosis initiators,-9.899528503417969
здоровая,панкреас,15,TSP27||Epithelium,Necroptosis initiators,3.9302635192871094
здоровая,панкреас,16,TSP9||Epithelium,Necroptosis initiators,-6.450139999389648
здоровая,панкреас,14,TSP1||Epithelium,Pyroptosis executioners,-9.131206512451172
здоровая,панкреас,15,TSP27||Epithelium,Pyroptosis executioners,-13.472488403320312
здоровая,панкреас,16,TSP9||Epithelium,Pyroptosis executioners,-17.91183090209961
здоровая,панкреас,14,TSP1||Epithelium,Pyroptosis initiators,-4.4044189453125
здоровая,панкреас,15,TSP27||Epithelium,Pyroptosis initiators,7.787986755371094
здоровая,панкреас,16,TSP9||Epithelium,Pyroptosis initiators,-2.7428512573242188
пациент,панкреас,170,pdac_GSE154778|pdac_GSE154778_P02,Apoptosis executioners,-1.9772186279296875
пациент,панкреас,171,pdac_GSE154778|pdac_GSE154778_P04,Apoptosis executioners,5.977325439453125
пациент,панкреас,172,pdac_GSE154778|pdac_GSE154778_P06,Apoptosis executioners,-0.0590972900390625
пациент,панкреас,173,pdac_GSE154778|pdac_GSE154778_MET02,Apoptosis executioners,-9.499244689941406
пациент,панкреас,174,pdac_GSE154778|pdac_GSE154778_MET04,Apoptosis executioners,2.38287353515625
пациент,панкреас,175,pdac_GSE154778|pdac_GSE154778_MET05,Apoptosis executioners,1.2223358154296875
пациент,панкреас,176,pdac_GSE154778|pdac_GSE154778_MET06,Apoptosis executioners,4.22845458984375
пациент,панкреас,177,pdac_GSE155698|GSE155698_PDAC_10,Apoptosis executioners,-1.3217315673828125
пациент,панкреас,178,pdac_GSE155698|GSE155698_PDAC_11,Apoptosis executioners,3.9678726196289062
пациент,панкреас,179,pdac_GSE155698|GSE155698_PDAC_11,Apoptosis executioners,4.4514312744140625
пациент,панкреас,180,pdac_GSE155698|GSE155698_PDAC_13,Apoptosis executioners,10.146682739257812
пациент,панкреас,181,pdac_GSE155698|GSE155698_PDAC_15,Apoptosis executioners,5.579734802246094
пациент,панкреас,182,pdac_GSE155698|GSE155698_PDAC_2,Apoptosis executioners,8.61541748046875
пациент,панкреас,183,pdac_GSE155698|GSE155698_PDAC_3,Apoptosis executioners,5.671073913574219
пациент,панкреас,184,pdac_GSE155698|GSE155698_PDAC_5,Apoptosis executioners,2.3425750732421875
пациент,панкреас,185,pdac_GSE155698|GSE155698_PDAC_6,Apoptosis executioners,-1.5500717163085938
пациент,панкреас,186,pdac_GSE155698|GSE155698_PDAC_7,Apoptosis executioners,3.049102783203125
пациент,панкреас,187,pdac_GSE155698|GSE155698_PDAC_8,Apoptosis executioners,10.657112121582031
пациент,панкреас,188,pdac_GSE155698|GSE155698_PDAC_9,Apoptosis executioners,8.518699645996094
пациент,панкреас,189,pdac_GSE156405|pdac_GSE156405_GSM4730261_P2,Apoptosis executioners,-6.667747497558594
пациент,панкреас,190,pdac_GSE156405|pdac_GSE156405_GSM4730262_P3,Apoptosis executioners,3.6159439086914062
пациент,панкреас,191,pdac_GSE156405|pdac_GSE156405_GSM4730263_P4,Apoptosis executioners,-5.131103515625
пациент,панкреас,192,pdac_GSE156405|pdac_GSE156405_GSM4730265_VM,Apoptosis executioners,8.698692321777344
пациент,панкреас,193,pdac_GSE156405|pdac_GSE156405_GSM4730266_LiM,Apoptosis executioners,-0.021484375
пациент,панкреас,194,pdac_GSE156405|pdac_GSE156405_GSM4730267_LuM,Apoptosis executioners,-4.8221588134765625
пациент,панкреас,195,pdac_GSE214295|pdac_GSE214295_GSM6603324,Apoptosis executioners,5.483024597167969
пациент,панкреас,196,pdac_GSE214295|pdac_GSE214295_GSM6603325,Apoptosis executioners,8.4434814453125
пациент,панкреас,197,pdac_PRJCA001063|pdac_PRJCA001063_T14,Apoptosis executioners,10.563072204589844
пациент,панкреас,198,pdac_PRJCA001063|pdac_PRJCA001063_T15,Apoptosis executioners,-0.39759063720703125
пациент,панкреас,199,pdac_PRJCA001063|pdac_PRJCA001063_T16,Apoptosis executioners,2.5306320190429688
пациент,панкреас,200,pdac_PRJCA001063|pdac_PRJCA001063_T17,Apoptosis executioners,-1.1390457153320312
пациент,панкреас,201,pdac_PRJCA001063|pdac_PRJCA001063_T19,Apoptosis executioners,4.061897277832031
пациент,панкреас,202,pdac_PRJCA001063|pdac_PRJCA001063_T20,Apoptosis executioners,-3.4816207885742188
пациент,панкреас,203,pdac_PRJCA001063|pdac_PRJCA001063_T21,Apoptosis executioners,4.1827850341796875
пациент,панкреас,204,pdac_PRJCA001063|pdac_PRJCA001063_T22,Apoptosis executioners,-0.07253265380859375
пациент,панкреас,205,pdac_PRJCA001063|pdac_PRJCA001063_T2,Apoptosis executioners,3.6052017211914062
пациент,панкреас,206,pdac_PRJCA001063|pdac_PRJCA001063_T3,Apoptosis executioners,11.081558227539062
пациент,панкреас,207,pdac_PRJCA001063|pdac_PRJCA001063_T6,Apoptosis executioners,7.196968078613281
пациент,панкреас,208,pdac_PRJCA001063|pdac_PRJCA001063_T8,Apoptosis executioners,6.678489685058594
пациент,панкреас,209,pdac_PRJCA001063|pdac_PRJCA001063_T9,Apoptosis executioners,-3.1565628051757812
пациент,панкреас,170,pdac_GSE154778|pdac_GSE154778_P02,Apoptosis initiators,-3.3889427185058594
пациент,панкреас,171,pdac_GSE154778|pdac_GSE154778_P04,Apoptosis initiators,-14.658552169799805
пациент,панкреас,172,pdac_GSE154778|pdac_GSE154778_P06,Apoptosis initiators,-2.2042198181152344
пациент,панкреас,173,pdac_GSE154778|pdac_GSE154778_MET02,Apoptosis initiators,-4.631418228149414
пациент,панкреас,174,pdac_GSE154778|pdac_GSE154778_MET04,Apoptosis initiators,-2.5400257110595703
пациент,панкреас,175,pdac_GSE154778|pdac_GSE154778_MET05,Apoptosis initiators,-3.0182132720947266
пациент,панкреас,176,pdac_GSE154778|pdac_GSE154778_MET06,Apoptosis initiators,3.708629608154297
пациент,панкреас,177,pdac_GSE155698|GSE155698_PDAC_10,Apoptosis initiators,-6.269475936889648
пациент,панкреас,178,pdac_GSE155698|GSE155698_PDAC_11,Apoptosis initiators,-9.402538299560547
пациент,панкреас,179,pdac_GSE155698|GSE155698_PDAC_11,Apoptosis initiators,-8.310497283935547
пациент,панкреас,180,pdac_GSE155698|GSE155698_PDAC_13,Apoptosis initiators,-4.780519485473633
пациент,панкреас,181,pdac_GSE155698|GSE155698_PDAC_15,Apoptosis initiators,-5.273479461669922
пациент,панкреас,182,pdac_GSE155698|GSE155698_PDAC_2,Apoptosis initiators,-3.6186294555664062
пациент,панкреас,183,pdac_GSE155698|GSE155698_PDAC_3,Apoptosis initiators,-4.194873809814453
пациент,панкреас,184,pdac_GSE155698|GSE155698_PDAC_5,Apoptosis initiators,-5.726144790649414
пациент,панкреас,185,pdac_GSE155698|GSE155698_PDAC_6,Apoptosis initiators,-4.540081024169922
пациент,панкреас,186,pdac_GSE155698|GSE155698_PDAC_7,Apoptosis initiators,-11.47512435913086
пациент,панкреас,187,pdac_GSE155698|GSE155698_PDAC_8,Apoptosis initiators,-7.875295639038086
пациент,панкреас,188,pdac_GSE155698|GSE155698_PDAC_9,Apoptosis initiators,-8.014991760253906
пациент,панкреас,189,pdac_GSE156405|pdac_GSE156405_GSM4730261_P2,Apoptosis initiators,-2.8113574981689453
пациент,панкреас,190,pdac_GSE156405|pdac_GSE156405_GSM4730262_P3,Apoptosis initiators,-4.573663711547852
пациент,панкреас,191,pdac_GSE156405|pdac_GSE156405_GSM4730263_P4,Apoptosis initiators,-1.1538314819335938
пациент,панкреас,192,pdac_GSE156405|pdac_GSE156405_GSM4730265_VM,Apoptosis initiators,2.1424312591552734
пациент,панкреас,193,pdac_GSE156405|pdac_GSE156405_GSM4730266_LiM,Apoptosis initiators,0.6380233764648438
пациент,панкреас,194,pdac_GSE156405|pdac_GSE156405_GSM4730267_LuM,Apoptosis initiators,-3.738180160522461
пациент,панкреас,195,pdac_GSE214295|pdac_GSE214295_GSM6603324,Apoptosis initiators,-3.445354461669922
пациент,панкреас,196,pdac_GSE214295|pdac_GSE214295_GSM6603325,Apoptosis initiators,-0.014774322509765625
пациент,панкреас,197,pdac_PRJCA001063|pdac_PRJCA001063_T14,Apoptosis initiators,-0.09537506103515625
пациент,панкреас,198,pdac_PRJCA001063|pdac_PRJCA001063_T15,Apoptosis initiators,2.3425750732421875
пациент,панкреас,199,pdac_PRJCA001063|pdac_PRJCA001063_T16,Apoptosis initiators,-5.14990234375
пациент,панкреас,200,pdac_PRJCA001063|pdac_PRJCA001063_T17,Apoptosis initiators,-5.692564010620117
пациент,панкреас,201,pdac_PRJCA001063|pdac_PRJCA001063_T19,Apoptosis initiators,0.6380329132080078
пациент,панкреас,202,pdac_PRJCA001063|pdac_PRJCA001063_T20,Apoptosis initiators,0.7965278625488281
пациент,панкреас,203,pdac_PRJCA001063|pdac_PRJCA001063_T21,Apoptosis initiators,0.639373779296875
пациент,панкреас,204,pdac_PRJCA001063|pdac_PRJCA001063_T22,Apoptosis initiators,-5.806734085083008
пациент,панкреас,205,pdac_PRJCA001063|pdac_PRJCA001063_T2,Apoptosis initiators,1.0987548828125
пациент,панкреас,206,pdac_PRJCA001063|pdac_PRJCA001063_T3,Apoptosis initiators,2.0094566345214844
пациент,панкреас,207,pdac_PRJCA001063|pdac_PRJCA001063_T6,Apoptosis initiators,-0.8771247863769531
пациент,панкреас,208,pdac_PRJCA001063|pdac_PRJCA001063_T8,Apoptosis initiators,1.713949203491211
пациент,панкреас,209,pdac_PRJCA001063|pdac_PRJCA001063_T9,Apoptosis initiators,-5.530035018920898
пациент,панкреас,170,pdac_GSE154778|pdac_GSE154778_P02,BRAKES,12.556411743164062
пациент,панкреас,171,pdac_GSE154778|pdac_GSE154778_P04,BRAKES,7.982753753662109
пациент,панкреас,172,pdac_GSE154778|pdac_GSE154778_P06,BRAKES,8.764511108398438
пациент,панкреас,173,pdac_GSE154778|pdac_GSE154778_MET02,BRAKES,4.613960266113281
пациент,панкреас,174,pdac_GSE154778|pdac_GSE154778_MET04,BRAKES,5.448097229003906
пациент,панкреас,175,pdac_GSE154778|pdac_GSE154778_MET05,BRAKES,6.80743408203125
пациент,панкреас,176,pdac_GSE154778|pdac_GSE154778_MET06,BRAKES,7.448150634765625
пациент,панкреас,177,pdac_GSE155698|GSE155698_PDAC_10,BRAKES,10.015045166015625
пациент,панкреас,178,pdac_GSE155698|GSE155698_PDAC_11,BRAKES,4.691867828369141
пациент,панкреас,179,pdac_GSE155698|GSE155698_PDAC_11,BRAKES,6.329252243041992
пациент,панкреас,180,pdac_GSE155698|GSE155698_PDAC_13,BRAKES,8.408554077148438
пациент,панкреас,181,pdac_GSE155698|GSE155698_PDAC_15,BRAKES,9.184934616088867
пациент,панкреас,182,pdac_GSE155698|GSE155698_PDAC_2,BRAKES,12.367015838623047
пациент,панкреас,183,pdac_GSE155698|GSE155698_PDAC_3,BRAKES,4.111595153808594
пациент,панкреас,184,pdac_GSE155698|GSE155698_PDAC_5,BRAKES,7.363529205322266
пациент,панкреас,185,pdac_GSE155698|GSE155698_PDAC_6,BRAKES,2.7858352661132812
пациент,панкреас,186,pdac_GSE155698|GSE155698_PDAC_7,BRAKES,12.626262664794922
пациент,панкреас,187,pdac_GSE155698|GSE155698_PDAC_8,BRAKES,10.820976257324219
пациент,панкреас,188,pdac_GSE155698|GSE155698_PDAC_9,BRAKES,8.401836395263672
пациент,панкреас,189,pdac_GSE156405|pdac_GSE156405_GSM4730261_P2,BRAKES,0.9429435729980469
пациент,панкреас,190,pdac_GSE156405|pdac_GSE156405_GSM4730262_P3,BRAKES,3.7435531616210938
пациент,панкреас,191,pdac_GSE156405|pdac_GSE156405_GSM4730263_P4,BRAKES,4.491725921630859
пациент,панкреас,192,pdac_GSE156405|pdac_GSE156405_GSM4730265_VM,BRAKES,-1.5433578491210938
пациент,панкреас,193,pdac_GSE156405|pdac_GSE156405_GSM4730266_LiM,BRAKES,3.50177001953125
пациент,панкреас,194,pdac_GSE156405|pdac_GSE156405_GSM4730267_LuM,BRAKES,1.0208473205566406
пациент,панкреас,195,pdac_GSE214295|pdac_GSE214295_GSM6603324,BRAKES,11.94525146484375
пациент,панкреас,196,pdac_GSE214295|pdac_GSE214295_GSM6603325,BRAKES,9.790725708007812
пациент,панкреас,197,pdac_PRJCA001063|pdac_PRJCA001063_T14,BRAKES,6.8504180908203125
пациент,панкреас,198,pdac_PRJCA001063|pdac_PRJCA001063_T15,BRAKES,13.271007537841797
пациент,панкреас,199,pdac_PRJCA001063|pdac_PRJCA001063_T16,BRAKES,9.397163391113281
пациент,панкреас,200,pdac_PRJCA001063|pdac_PRJCA001063_T17,BRAKES,9.883405685424805
пациент,панкреас,201,pdac_PRJCA001063|pdac_PRJCA001063_T19,BRAKES,7.426666259765625
пациент,панкреас,202,pdac_PRJCA001063|pdac_PRJCA001063_T20,BRAKES,0.17327499389648438
пациент,панкреас,203,pdac_PRJCA001063|pdac_PRJCA001063_T21,BRAKES,7.570384979248047
пациент,панкреас,204,pdac_PRJCA001063|pdac_PRJCA001063_T22,BRAKES,10.130559921264648
пациент,панкреас,205,pdac_PRJCA001063|pdac_PRJCA001063_T2,BRAKES,7.436065673828125
пациент,панкреас,206,pdac_PRJCA001063|pdac_PRJCA001063_T3,BRAKES,7.691272735595703
пациент,панкреас,207,pdac_PRJCA001063|pdac_PRJCA001063_T6,BRAKES,9.339408874511719
пациент,панкреас,208,pdac_PRJCA001063|pdac_PRJCA001063_T8,BRAKES,9.892810821533203
пациент,панкреас,209,pdac_PRJCA001063|pdac_PRJCA001063_T9,BRAKES,8.19229507446289
пациент,панкреас,170,pdac_GSE154778|pdac_GSE154778_P02,ENTRY adaptors,2.2727279663085938
пациент,панкреас,171,pdac_GSE154778|pdac_GSE154778_P04,ENTRY adaptors,3.5299835205078125
пациент,панкреас,172,pdac_GSE154778|pdac_GSE154778_P06,ENTRY adaptors,2.92822265625
пациент,панкреас,173,pdac_GSE154778|pdac_GSE154778_MET02,ENTRY adaptors,4.6367950439453125
пациент,панкреас,174,pdac_GSE154778|pdac_GSE154778_MET04,ENTRY adaptors,5.1928863525390625
пациент,панкреас,175,pdac_GSE154778|pdac_GSE154778_MET05,ENTRY adaptors,4.311737060546875
пациент,панкреас,176,pdac_GSE154778|pdac_GSE154778_MET06,ENTRY adaptors,8.929725646972656
пациент,панкреас,177,pdac_GSE155698|GSE155698_PDAC_10,ENTRY adaptors,-0.8945846557617188
пациент,панкреас,178,pdac_GSE155698|GSE155698_PDAC_11,ENTRY adaptors,1.2330703735351562
пациент,панкреас,179,pdac_GSE155698|GSE155698_PDAC_11,ENTRY adaptors,5.9289703369140625
пациент,панкреас,180,pdac_GSE155698|GSE155698_PDAC_13,ENTRY adaptors,-5.034385681152344
пациент,панкреас,181,pdac_GSE155698|GSE155698_PDAC_15,ENTRY adaptors,8.910919189453125
пациент,панкреас,182,pdac_GSE155698|GSE155698_PDAC_2,ENTRY adaptors,3.8254928588867188
пациент,панкреас,183,pdac_GSE155698|GSE155698_PDAC_3,ENTRY adaptors,9.074783325195312
пациент,панкреас,184,pdac_GSE155698|GSE155698_PDAC_5,ENTRY adaptors,4.9027557373046875
пациент,панкреас,185,pdac_GSE155698|GSE155698_PDAC_6,ENTRY adaptors,0.8730850219726562
пациент,панкреас,186,pdac_GSE155698|GSE155698_PDAC_7,ENTRY adaptors,7.785301208496094
пациент,панкреас,187,pdac_GSE155698|GSE155698_PDAC_8,ENTRY adaptors,-0.257904052734375
пациент,панкреас,188,pdac_GSE155698|GSE155698_PDAC_9,ENTRY adaptors,7.1136932373046875
пациент,панкреас,189,pdac_GSE156405|pdac_GSE156405_GSM4730261_P2,ENTRY adaptors,2.130340576171875
пациент,панкреас,190,pdac_GSE156405|pdac_GSE156405_GSM4730262_P3,ENTRY adaptors,10.512031555175781
пациент,панкреас,191,pdac_GSE156405|pdac_GSE156405_GSM4730263_P4,ENTRY adaptors,1.8052825927734375
пациент,панкреас,192,pdac_GSE156405|pdac_GSE156405_GSM4730265_VM,ENTRY adaptors,3.1699981689453125
пациент,панкреас,193,pdac_GSE156405|pdac_GSE156405_GSM4730266_LiM,ENTRY adaptors,6.495811462402344
пациент,панкреас,194,pdac_GSE156405|pdac_GSE156405_GSM4730267_LuM,ENTRY adaptors,2.6273345947265625
пациент,панкреас,195,pdac_GSE214295|pdac_GSE214295_GSM6603324,ENTRY adaptors,5.767791748046875
пациент,панкреас,196,pdac_GSE214295|pdac_GSE214295_GSM6603325,ENTRY adaptors,9.698043823242188
пациент,панкреас,197,pdac_PRJCA001063|pdac_PRJCA001063_T14,ENTRY adaptors,1.6736526489257812
пациент,панкреас,198,pdac_PRJCA001063|pdac_PRJCA001063_T15,ENTRY adaptors,0.655487060546875
пациент,панкреас,199,pdac_PRJCA001063|pdac_PRJCA001063_T16,ENTRY adaptors,-0.3626708984375
пациент,панкреас,200,pdac_PRJCA001063|pdac_PRJCA001063_T17,ENTRY adaptors,8.701377868652344
пациент,панкреас,201,pdac_PRJCA001063|pdac_PRJCA001063_T19,ENTRY adaptors,7.1378631591796875
пациент,панкреас,202,pdac_PRJCA001063|pdac_PRJCA001063_T20,ENTRY adaptors,12.338813781738281
пациент,панкреас,203,pdac_PRJCA001063|pdac_PRJCA001063_T21,ENTRY adaptors,8.029769897460938
пациент,панкреас,204,pdac_PRJCA001063|pdac_PRJCA001063_T22,ENTRY adaptors,2.7697219848632812
пациент,панкреас,205,pdac_PRJCA001063|pdac_PRJCA001063_T2,ENTRY adaptors,4.875892639160156
пациент,панкреас,206,pdac_PRJCA001063|pdac_PRJCA001063_T3,ENTRY adaptors,10.506660461425781
пациент,панкреас,207,pdac_PRJCA001063|pdac_PRJCA001063_T6,ENTRY adaptors,6.571022033691406
пациент,панкреас,208,pdac_PRJCA001063|pdac_PRJCA001063_T8,ENTRY adaptors,10.063400268554688
пациент,панкреас,209,pdac_PRJCA001063|pdac_PRJCA001063_T9,ENTRY adaptors,4.526649475097656
пациент,панкреас,170,pdac_GSE154778|pdac_GSE154778_P02,ENTRY receptors,4.240547180175781
пациент,панкреас,171,pdac_GSE154778|pdac_GSE154778_P04,ENTRY receptors,-0.7508621215820312
пациент,панкреас,172,pdac_GSE154778|pdac_GSE154778_P06,ENTRY receptors,-3.9557838439941406
пациент,панкреас,173,pdac_GSE154778|pdac_GSE154778_MET02,ENTRY receptors,-3.032989501953125
пациент,панкреас,174,pdac_GSE154778|pdac_GSE154778_MET04,ENTRY receptors,-11.951969146728516
пациент,панкреас,175,pdac_GSE154778|pdac_GSE154778_MET05,ENTRY receptors,-10.943208694458008
пациент,панкреас,176,pdac_GSE154778|pdac_GSE154778_MET06,ENTRY receptors,8.90957260131836
пациент,панкреас,177,pdac_GSE155698|GSE155698_PDAC_10,ENTRY receptors,-2.284820556640625
пациент,панкреас,178,pdac_GSE155698|GSE155698_PDAC_11,ENTRY receptors,2.75897216796875
пациент,панкреас,179,pdac_GSE155698|GSE155698_PDAC_11,ENTRY receptors,0.7320556640625
пациент,панкреас,180,pdac_GSE155698|GSE155698_PDAC_13,ENTRY receptors,0.18536376953125
пациент,панкреас,181,pdac_GSE155698|GSE155698_PDAC_15,ENTRY receptors,-15.182405471801758
пациент,панкреас,182,pdac_GSE155698|GSE155698_PDAC_2,ENTRY receptors,-6.288948059082031
пациент,панкреас,183,pdac_GSE155698|GSE155698_PDAC_3,ENTRY receptors,0.9389114379882812
пациент,панкреас,184,pdac_GSE155698|GSE155698_PDAC_5,ENTRY receptors,1.3042640686035156
пациент,панкреас,185,pdac_GSE155698|GSE155698_PDAC_6,ENTRY receptors,5.942401885986328
пациент,панкреас,186,pdac_GSE155698|GSE155698_PDAC_7,ENTRY receptors,-7.7638092041015625
пациент,панкреас,187,pdac_GSE155698|GSE155698_PDAC_8,ENTRY receptors,1.2182998657226562
пациент,панкреас,188,pdac_GSE155698|GSE155698_PDAC_9,ENTRY receptors,-1.564849853515625
пациент,панкреас,189,pdac_GSE156405|pdac_GSE156405_GSM4730261_P2,ENTRY receptors,-2.3157119750976562
пациент,панкреас,190,pdac_GSE156405|pdac_GSE156405_GSM4730262_P3,ENTRY receptors,-0.7387733459472656
пациент,панкреас,191,pdac_GSE156405|pdac_GSE156405_GSM4730263_P4,ENTRY receptors,-0.12088775634765625
пациент,панкреас,192,pdac_GSE156405|pdac_GSE156405_GSM4730265_VM,ENTRY receptors,-7.289653778076172
пациент,панкреас,193,pdac_GSE156405|pdac_GSE156405_GSM4730266_LiM,ENTRY receptors,-8.603322982788086
пациент,панкреас,194,pdac_GSE156405|pdac_GSE156405_GSM4730267_LuM,ENTRY receptors,-3.0128402709960938
пациент,панкреас,195,pdac_GSE214295|pdac_GSE214295_GSM6603324,ENTRY receptors,4.695899963378906
пациент,панкреас,196,pdac_GSE214295|pdac_GSE214295_GSM6603325,ENTRY receptors,-4.913494110107422
пациент,панкреас,197,pdac_PRJCA001063|pdac_PRJCA001063_T14,ENTRY receptors,-4.8396148681640625
пациент,панкреас,198,pdac_PRJCA001063|pdac_PRJCA001063_T15,ENTRY receptors,-0.7186164855957031
пациент,панкреас,199,pdac_PRJCA001063|pdac_PRJCA001063_T16,ENTRY receptors,-15.55179214477539
пациент,панкреас,200,pdac_PRJCA001063|pdac_PRJCA001063_T17,ENTRY receptors,0.19207763671875
пациент,панкреас,201,pdac_PRJCA001063|pdac_PRJCA001063_T19,ENTRY receptors,-6.268802642822266
пациент,панкреас,202,pdac_PRJCA001063|pdac_PRJCA001063_T20,ENTRY receptors,0.3975944519042969
пациент,панкреас,203,pdac_PRJCA001063|pdac_PRJCA001063_T21,ENTRY receptors,-8.307809829711914
пациент,панкреас,204,pdac_PRJCA001063|pdac_PRJCA001063_T22,ENTRY receptors,0.2310333251953125
пациент,панкреас,205,pdac_PRJCA001063|pdac_PRJCA001063_T2,ENTRY receptors,-11.111108779907227
пациент,панкреас,206,pdac_PRJCA001063|pdac_PRJCA001063_T3,ENTRY receptors,-0.3519248962402344
пациент,панкреас,207,pdac_PRJCA001063|pdac_PRJCA001063_T6,ENTRY receptors,-11.428110122680664
пациент,панкреас,208,pdac_PRJCA001063|pdac_PRJCA001063_T8,ENTRY receptors,-3.0182151794433594
пациент,панкреас,209,pdac_PRJCA001063|pdac_PRJCA001063_T9,ENTRY receptors,-3.8268299102783203
пациент,панкреас,170,pdac_GSE154778|pdac_GSE154778_P02,Inhibitory signals,5.899421691894531
пациент,панкреас,171,pdac_GSE154778|pdac_GSE154778_P04,Inhibitory signals,7.501888275146484
пациент,панкреас,172,pdac_GSE154778|pdac_GSE154778_P06,Inhibitory signals,6.3789520263671875
пациент,панкреас,173,pdac_GSE154778|pdac_GSE154778_MET02,Inhibitory signals,0.6245956420898438
пациент,панкреас,174,pdac_GSE154778|pdac_GSE154778_MET04,Inhibitory signals,4.229801177978516
пациент,панкреас,175,pdac_GSE154778|pdac_GSE154778_MET05,Inhibitory signals,-3.311033248901367
пациент,панкреас,176,pdac_GSE154778|pdac_GSE154778_MET06,Inhibitory signals,0.6474361419677734
пациент,панкреас,177,pdac_GSE155698|GSE155698_PDAC_10,Inhibitory signals,2.266010284423828
пациент,панкреас,178,pdac_GSE155698|GSE155698_PDAC_11,Inhibitory signals,5.810764312744141
пациент,панкреас,179,pdac_GSE155698|GSE155698_PDAC_11,Inhibitory signals,4.031002044677734
пациент,панкреас,180,pdac_GSE155698|GSE155698_PDAC_13,Inhibitory signals,4.252628326416016
пациент,панкреас,181,pdac_GSE155698|GSE155698_PDAC_15,Inhibitory signals,4.839618682861328
пациент,панкреас,182,pdac_GSE155698|GSE155698_PDAC_2,Inhibitory signals,7.104290008544922
пациент,панкреас,183,pdac_GSE155698|GSE155698_PDAC_3,Inhibitory signals,4.955135345458984
пациент,панкреас,184,pdac_GSE155698|GSE155698_PDAC_5,Inhibitory signals,3.3177528381347656
пациент,панкреас,185,pdac_GSE155698|GSE155698_PDAC_6,Inhibitory signals,3.13104248046875
пациент,панкреас,186,pdac_GSE155698|GSE155698_PDAC_7,Inhibitory signals,7.688591003417969
пациент,панкреас,187,pdac_GSE155698|GSE155698_PDAC_8,Inhibitory signals,4.96990966796875
пациент,панкреас,188,pdac_GSE155698|GSE155698_PDAC_9,Inhibitory signals,4.082042694091797
пациент,панкреас,189,pdac_GSE156405|pdac_GSE156405_GSM4730261_P2,Inhibitory signals,-5.045125961303711
пациент,панкреас,190,pdac_GSE156405|pdac_GSE156405_GSM4730262_P3,Inhibitory signals,5.367500305175781
пациент,панкреас,191,pdac_GSE156405|pdac_GSE156405_GSM4730263_P4,Inhibitory signals,5.1324462890625
пациент,панкреас,192,pdac_GSE156405|pdac_GSE156405_GSM4730265_VM,Inhibitory signals,4.886631011962891
пациент,панкреас,193,pdac_GSE156405|pdac_GSE156405_GSM4730266_LiM,Inhibitory signals,6.742963790893555
пациент,панкреас,194,pdac_GSE156405|pdac_GSE156405_GSM4730267_LuM,Inhibitory signals,-5.393028259277344
пациент,панкреас,195,pdac_GSE214295|pdac_GSE214295_GSM6603324,Inhibitory signals,4.502471923828125
пациент,панкреас,196,pdac_GSE214295|pdac_GSE214295_GSM6603325,Inhibitory signals,4.674400329589844
пациент,панкреас,197,pdac_PRJCA001063|pdac_PRJCA001063_T14,Inhibitory signals,5.68719482421875
пациент,панкреас,198,pdac_PRJCA001063|pdac_PRJCA001063_T15,Inhibitory signals,5.617340087890625
пациент,панкреас,199,pdac_PRJCA001063|pdac_PRJCA001063_T16,Inhibitory signals,2.783153533935547
пациент,панкреас,200,pdac_PRJCA001063|pdac_PRJCA001063_T17,Inhibitory signals,5.035732269287109
пациент,панкреас,201,pdac_PRJCA001063|pdac_PRJCA001063_T19,Inhibitory signals,5.140495300292969
пациент,панкреас,202,pdac_PRJCA001063|pdac_PRJCA001063_T20,Inhibitory signals,3.1135826110839844
пациент,панкреас,203,pdac_PRJCA001063|pdac_PRJCA001063_T21,Inhibitory signals,5.891361236572266
пациент,панкреас,204,pdac_PRJCA001063|pdac_PRJCA001063_T22,Inhibitory signals,3.594451904296875
пациент,панкреас,205,pdac_PRJCA001063|pdac_PRJCA001063_T2,Inhibitory signals,6.314472198486328
пациент,панкреас,206,pdac_PRJCA001063|pdac_PRJCA001063_T3,Inhibitory signals,5.4695892333984375
пациент,панкреас,207,pdac_PRJCA001063|pdac_PRJCA001063_T6,Inhibitory signals,4.1800994873046875
пациент,панкреас,208,pdac_PRJCA001063|pdac_PRJCA001063_T8,Inhibitory signals,4.6341094970703125
пациент,панкреас,209,pdac_PRJCA001063|pdac_PRJCA001063_T9,Inhibitory signals,4.9161834716796875
пациент,панкреас,170,pdac_GSE154778|pdac_GSE154778_P02,MHC-I presentation,6.6610260009765625
пациент,панкреас,171,pdac_GSE154778|pdac_GSE154778_P04,MHC-I presentation,4.761714935302734
пациент,панкреас,172,pdac_GSE154778|pdac_GSE154778_P06,MHC-I presentation,8.473026275634766
пациент,панкреас,173,pdac_GSE154778|pdac_GSE154778_MET02,MHC-I presentation,5.680477142333984
пациент,панкреас,174,pdac_GSE154778|pdac_GSE154778_MET04,MHC-I presentation,1.8402061462402344
пациент,панкреас,175,pdac_GSE154778|pdac_GSE154778_MET05,MHC-I presentation,-0.3868408203125
пациент,панкреас,176,pdac_GSE154778|pdac_GSE154778_MET06,MHC-I presentation,7.449493408203125
пациент,панкреас,177,pdac_GSE155698|GSE155698_PDAC_10,MHC-I presentation,5.441383361816406
пациент,панкреас,178,pdac_GSE155698|GSE155698_PDAC_11,MHC-I presentation,6.421932220458984
пациент,панкреас,179,pdac_GSE155698|GSE155698_PDAC_11,MHC-I presentation,4.830219268798828
пациент,панкреас,180,pdac_GSE155698|GSE155698_PDAC_13,MHC-I presentation,3.924884796142578
пациент,панкреас,181,pdac_GSE155698|GSE155698_PDAC_15,MHC-I presentation,6.268804550170898
пациент,панкреас,182,pdac_GSE155698|GSE155698_PDAC_2,MHC-I presentation,1.4882850646972656
пациент,панкреас,183,pdac_GSE155698|GSE155698_PDAC_3,MHC-I presentation,0.5278892517089844
пациент,панкреас,184,pdac_GSE155698|GSE155698_PDAC_5,MHC-I presentation,1.2559127807617188
пациент,панкреас,185,pdac_GSE155698|GSE155698_PDAC_6,MHC-I presentation,-1.2720260620117188
пациент,панкреас,186,pdac_GSE155698|GSE155698_PDAC_7,MHC-I presentation,7.03040885925293
пациент,панкреас,187,pdac_GSE155698|GSE155698_PDAC_8,MHC-I presentation,4.549488067626953
пациент,панкреас,188,pdac_GSE155698|GSE155698_PDAC_9,MHC-I presentation,3.1968650817871094
пациент,панкреас,189,pdac_GSE156405|pdac_GSE156405_GSM4730261_P2,MHC-I presentation,-0.3707275390625
пациент,панкреас,190,pdac_GSE156405|pdac_GSE156405_GSM4730262_P3,MHC-I presentation,5.786590576171875
пациент,панкреас,191,pdac_GSE156405|pdac_GSE156405_GSM4730263_P4,MHC-I presentation,3.5380382537841797
пациент,панкреас,192,pdac_GSE156405|pdac_GSE156405_GSM4730265_VM,MHC-I presentation,3.9705543518066406
пациент,панкреас,193,pdac_GSE156405|pdac_GSE156405_GSM4730266_LiM,MHC-I presentation,6.830268859863281
пациент,панкреас,194,pdac_GSE156405|pdac_GSE156405_GSM4730267_LuM,MHC-I presentation,0.21223068237304688
пациент,панкреас,195,pdac_GSE214295|pdac_GSE214295_GSM6603324,MHC-I presentation,0.8838386535644531
пациент,панкреас,196,pdac_GSE214295|pdac_GSE214295_GSM6603325,MHC-I presentation,7.328603744506836
пациент,панкреас,197,pdac_PRJCA001063|pdac_PRJCA001063_T14,MHC-I presentation,7.430686950683594
пациент,панкреас,198,pdac_PRJCA001063|pdac_PRJCA001063_T15,MHC-I presentation,9.504619598388672
пациент,панкреас,199,pdac_PRJCA001063|pdac_PRJCA001063_T16,MHC-I presentation,2.936279296875
пациент,панкреас,200,pdac_PRJCA001063|pdac_PRJCA001063_T17,MHC-I presentation,7.02369499206543
пациент,панкреас,201,pdac_PRJCA001063|pdac_PRJCA001063_T19,MHC-I presentation,8.188262939453125
пациент,панкреас,202,pdac_PRJCA001063|pdac_PRJCA001063_T20,MHC-I presentation,5.256019592285156
пациент,панкреас,203,pdac_PRJCA001063|pdac_PRJCA001063_T21,MHC-I presentation,7.546207427978516
пациент,панкреас,204,pdac_PRJCA001063|pdac_PRJCA001063_T22,MHC-I presentation,8.169462203979492
пациент,панкреас,205,pdac_PRJCA001063|pdac_PRJCA001063_T2,MHC-I presentation,4.987377166748047
пациент,панкреас,206,pdac_PRJCA001063|pdac_PRJCA001063_T3,MHC-I presentation,10.487857818603516
пациент,панкреас,207,pdac_PRJCA001063|pdac_PRJCA001063_T6,MHC-I presentation,8.37228775024414
пациент,панкреас,208,pdac_PRJCA001063|pdac_PRJCA001063_T8,MHC-I presentation,5.012897491455078
пациент,панкреас,209,pdac_PRJCA001063|pdac_PRJCA001063_T9,MHC-I presentation,5.5125732421875
пациент,панкреас,170,pdac_GSE154778|pdac_GSE154778_P02,NK activating ligands,-15.51955795288086
пациент,панкреас,171,pdac_GSE154778|pdac_GSE154778_P04,NK activating ligands,0.0
пациент,панкреас,172,pdac_GSE154778|pdac_GSE154778_P06,NK activating ligands,-12.89356517791748
пациент,панкреас,173,pdac_GSE154778|pdac_GSE154778_MET02,NK activating ligands,-1.1820335388183594
пациент,панкреас,174,pdac_GSE154778|pdac_GSE154778_MET04,NK activating ligands,-9.796096801757812
пациент,панкреас,175,pdac_GSE154778|pdac_GSE154778_MET05,NK activating ligands,-14.755265235900879
пациент,панкреас,176,pdac_GSE154778|pdac_GSE154778_MET06,NK activating ligands,-5.109607696533203
пациент,панкреас,177,pdac_GSE155698|GSE155698_PDAC_10,NK activating ligands,-20.38201141357422
пациент,панкреас,178,pdac_GSE155698|GSE155698_PDAC_11,NK activating ligands,-21.77090072631836
пациент,панкреас,179,pdac_GSE155698|GSE155698_PDAC_11,NK activating ligands,-23.210161209106445
пациент,панкреас,180,pdac_GSE155698|GSE155698_PDAC_13,NK activating ligands,-2.6595726013183594
пациент,панкреас,181,pdac_GSE155698|GSE155698_PDAC_15,NK activating ligands,-9.202393531799316
пациент,панкреас,182,pdac_GSE155698|GSE155698_PDAC_2,NK activating ligands,-9.591930389404297
пациент,панкреас,183,pdac_GSE155698|GSE155698_PDAC_3,NK activating ligands,-12.64103889465332
пациент,панкреас,184,pdac_GSE155698|GSE155698_PDAC_5,NK activating ligands,-8.828983306884766
пациент,панкреас,185,pdac_GSE155698|GSE155698_PDAC_6,NK activating ligands,-10.166828155517578
пациент,панкреас,186,pdac_GSE155698|GSE155698_PDAC_7,NK activating ligands,-20.292688369750977
пациент,панкреас,187,pdac_GSE155698|GSE155698_PDAC_8,NK activating ligands,1.1068096160888672
пациент,панкреас,188,pdac_GSE155698|GSE155698_PDAC_9,NK activating ligands,-10.960671424865723
пациент,панкреас,189,pdac_GSE156405|pdac_GSE156405_GSM4730261_P2,NK activating ligands,-5.586448669433594
пациент,панкреас,190,pdac_GSE156405|pdac_GSE156405_GSM4730262_P3,NK activating ligands,-10.92574691772461
пациент,панкреас,191,pdac_GSE156405|pdac_GSE156405_GSM4730263_P4,NK activating ligands,-12.787446975708008
пациент,панкреас,192,pdac_GSE156405|pdac_GSE156405_GSM4730265_VM,NK activating ligands,-10.094293594360352
пациент,панкреас,193,pdac_GSE156405|pdac_GSE156405_GSM4730266_LiM,NK activating ligands,0.9080162048339844
пациент,панкреас,194,pdac_GSE156405|pdac_GSE156405_GSM4730267_LuM,NK activating ligands,-5.102888107299805
пациент,панкреас,195,pdac_GSE214295|pdac_GSE214295_GSM6603324,NK activating ligands,-6.534764289855957
пациент,панкреас,196,pdac_GSE214295|pdac_GSE214295_GSM6603325,NK activating ligands,-12.54029655456543
пациент,панкреас,197,pdac_PRJCA001063|pdac_PRJCA001063_T14,NK activating ligands,-16.522939682006836
пациент,панкреас,198,pdac_PRJCA001063|pdac_PRJCA001063_T15,NK activating ligands,-14.130668640136719
пациент,панкреас,199,pdac_PRJCA001063|pdac_PRJCA001063_T16,NK activating ligands,-4.70261287689209
пациент,панкреас,200,pdac_PRJCA001063|pdac_PRJCA001063_T17,NK activating ligands,-17.549158096313477
пациент,панкреас,201,pdac_PRJCA001063|pdac_PRJCA001063_T19,NK activating ligands,-9.99892807006836
пациент,панкреас,202,pdac_PRJCA001063|pdac_PRJCA001063_T20,NK activating ligands,-9.711474418640137
пациент,панкреас,203,pdac_PRJCA001063|pdac_PRJCA001063_T21,NK activating ligands,-4.517248153686523
пациент,панкреас,204,pdac_PRJCA001063|pdac_PRJCA001063_T22,NK activating ligands,-22.104015350341797
пациент,панкреас,205,pdac_PRJCA001063|pdac_PRJCA001063_T2,NK activating ligands,-12.86535358428955
пациент,панкреас,206,pdac_PRJCA001063|pdac_PRJCA001063_T3,NK activating ligands,0.14372634887695312
пациент,панкреас,207,pdac_PRJCA001063|pdac_PRJCA001063_T6,NK activating ligands,-6.8477325439453125
пациент,панкреас,208,pdac_PRJCA001063|pdac_PRJCA001063_T8,NK activating ligands,-0.26192665100097656
пациент,панкреас,209,pdac_PRJCA001063|pdac_PRJCA001063_T9,NK activating ligands,-12.009726524353027
пациент,панкреас,170,pdac_GSE154778|pdac_GSE154778_P02,Necroptosis executioners,-3.2559642791748047
пациент,панкреас,171,pdac_GSE154778|pdac_GSE154778_P04,Necroptosis executioners,-13.125938415527344
пациент,панкреас,172,pdac_GSE154778|pdac_GSE154778_P06,Necroptosis executioners,-15.85670280456543
пациент,панкреас,173,pdac_GSE154778|pdac_GSE154778_MET02,Necroptosis executioners,-0.5748977661132812
пациент,панкреас,174,pdac_GSE154778|pdac_GSE154778_MET04,Necroptosis executioners,-17.815120697021484
пациент,панкреас,175,pdac_GSE154778|pdac_GSE154778_MET05,Necroptosis executioners,-18.772836685180664
пациент,панкреас,176,pdac_GSE154778|pdac_GSE154778_MET06,Necroptosis executioners,0.9227943420410156
пациент,панкреас,177,pdac_GSE155698|GSE155698_PDAC_10,Necroptosis executioners,-15.659252166748047
пациент,панкреас,178,pdac_GSE155698|GSE155698_PDAC_11,Necroptosis executioners,-11.351545333862305
пациент,панкреас,179,pdac_GSE155698|GSE155698_PDAC_11,Necroptosis executioners,-11.926448822021484
пациент,панкреас,180,pdac_GSE155698|GSE155698_PDAC_13,Necroptosis executioners,-12.58193588256836
пациент,панкреас,181,pdac_GSE155698|GSE155698_PDAC_15,Necroptosis executioners,-5.84300422668457
пациент,панкреас,182,pdac_GSE155698|GSE155698_PDAC_2,Necroptosis executioners,-11.83645248413086
пациент,панкреас,183,pdac_GSE155698|GSE155698_PDAC_3,Necroptosis executioners,-4.56022834777832
пациент,панкреас,184,pdac_GSE155698|GSE155698_PDAC_5,Necroptosis executioners,-6.804750442504883
пациент,панкреас,185,pdac_GSE155698|GSE155698_PDAC_6,Necroptosis executioners,-12.654474258422852
пациент,панкреас,186,pdac_GSE155698|GSE155698_PDAC_7,Necroptosis executioners,-6.550882339477539
пациент,панкреас,187,pdac_GSE155698|GSE155698_PDAC_8,Necroptosis executioners,-13.798891067504883
пациент,панкреас,188,pdac_GSE155698|GSE155698_PDAC_9,Necroptosis executioners,-17.965559005737305
пациент,панкреас,189,pdac_GSE156405|pdac_GSE156405_GSM4730261_P2,Necroptosis executioners,-5.300346374511719
пациент,панкреас,190,pdac_GSE156405|pdac_GSE156405_GSM4730262_P3,Necroptosis executioners,-10.013702392578125
пациент,панкреас,191,pdac_GSE156405|pdac_GSE156405_GSM4730263_P4,Necroptosis executioners,-5.911510467529297
пациент,панкреас,192,pdac_GSE156405|pdac_GSE156405_GSM4730265_VM,Necroptosis executioners,-10.00967025756836
пациент,панкреас,193,pdac_GSE156405|pdac_GSE156405_GSM4730266_LiM,Necroptosis executioners,-3.5971412658691406
пациент,панкреас,194,pdac_GSE156405|pdac_GSE156405_GSM4730267_LuM,Necroptosis executioners,-4.858427047729492
пациент,панкреас,195,pdac_GSE214295|pdac_GSE214295_GSM6603324,Necroptosis executioners,-7.054588317871094
пациент,панкреас,196,pdac_GSE214295|pdac_GSE214295_GSM6603325,Necroptosis executioners,-7.720829010009766
пациент,панкреас,197,pdac_PRJCA001063|pdac_PRJCA001063_T14,Necroptosis executioners,-3.5326671600341797
пациент,панкреас,198,pdac_PRJCA001063|pdac_PRJCA001063_T15,Necroptosis executioners,-15.832529067993164
пациент,панкреас,199,pdac_PRJCA001063|pdac_PRJCA001063_T16,Necroptosis executioners,-15.508810043334961
пациент,панкреас,200,pdac_PRJCA001063|pdac_PRJCA001063_T17,Necroptosis executioners,-18.514938354492188
пациент,панкреас,201,pdac_PRJCA001063|pdac_PRJCA001063_T19,Necroptosis executioners,-3.8832473754882812
пациент,панкреас,202,pdac_PRJCA001063|pdac_PRJCA001063_T20,Necroptosis executioners,-8.297061920166016
пациент,панкреас,203,pdac_PRJCA001063|pdac_PRJCA001063_T21,Necroptosis executioners,-10.016386032104492
пациент,панкреас,204,pdac_PRJCA001063|pdac_PRJCA001063_T22,Necroptosis executioners,-10.862615585327148
пациент,панкреас,205,pdac_PRJCA001063|pdac_PRJCA001063_T2,Necroptosis executioners,-15.226734161376953
пациент,панкреас,206,pdac_PRJCA001063|pdac_PRJCA001063_T3,Necroptosis executioners,2.0134849548339844
пациент,панкреас,207,pdac_PRJCA001063|pdac_PRJCA001063_T6,Necroptosis executioners,-16.37250328063965
пациент,панкреас,208,pdac_PRJCA001063|pdac_PRJCA001063_T8,Necroptosis executioners,-9.11105728149414
пациент,панкреас,209,pdac_PRJCA001063|pdac_PRJCA001063_T9,Necroptosis executioners,-13.261606216430664
пациент,панкреас,170,pdac_GSE154778|pdac_GSE154778_P02,Necroptosis initiators,5.294975280761719
пациент,панкреас,171,pdac_GSE154778|pdac_GSE154778_P04,Necroptosis initiators,4.389640808105469
пациент,панкреас,172,pdac_GSE154778|pdac_GSE154778_P06,Necroptosis initiators,1.28411865234375
пациент,панкреас,173,pdac_GSE154778|pdac_GSE154778_MET02,Necroptosis initiators,-1.5070953369140625
пациент,панкреас,174,pdac_GSE154778|pdac_GSE154778_MET04,Necroptosis initiators,1.558135986328125
пациент,панкреас,175,pdac_GSE154778|pdac_GSE154778_MET05,Necroptosis initiators,1.0638313293457031
пациент,панкреас,176,pdac_GSE154778|pdac_GSE154778_MET06,Necroptosis initiators,7.691274642944336
пациент,панкреас,177,pdac_GSE155698|GSE155698_PDAC_10,Necroptosis initiators,0.0
пациент,панкреас,178,pdac_GSE155698|GSE155698_PDAC_11,Necroptosis initiators,13.142059326171875
пациент,панкреас,179,pdac_GSE155698|GSE155698_PDAC_11,Necroptosis initiators,0.3358039855957031
пациент,панкреас,180,pdac_GSE155698|GSE155698_PDAC_13,Necroptosis initiators,10.197723388671875
пациент,панкреас,181,pdac_GSE155698|GSE155698_PDAC_15,Necroptosis initiators,12.021812438964844
пациент,панкреас,182,pdac_GSE155698|GSE155698_PDAC_2,Necroptosis initiators,-0.5211677551269531
пациент,панкреас,183,pdac_GSE155698|GSE155698_PDAC_3,Necroptosis initiators,7.180850982666016
пациент,панкреас,184,pdac_GSE155698|GSE155698_PDAC_5,Necroptosis initiators,3.3204421997070312
пациент,панкреас,185,pdac_GSE155698|GSE155698_PDAC_6,Necroptosis initiators,3.67236328125
пациент,панкреас,186,pdac_GSE155698|GSE155698_PDAC_7,Necroptosis initiators,9.45626449584961
пациент,панкреас,187,pdac_GSE155698|GSE155698_PDAC_8,Necroptosis initiators,4.295616149902344
пациент,панкреас,188,pdac_GSE155698|GSE155698_PDAC_9,Necroptosis initiators,10.323982238769531
пациент,панкреас,189,pdac_GSE156405|pdac_GSE156405_GSM4730261_P2,Necroptosis initiators,4.349342346191406
пациент,панкреас,190,pdac_GSE156405|pdac_GSE156405_GSM4730262_P3,Necroptosis initiators,14.592735290527344
пациент,панкреас,191,pdac_GSE156405|pdac_GSE156405_GSM4730263_P4,Necroptosis initiators,13.931873321533203
пациент,панкреас,192,pdac_GSE156405|pdac_GSE156405_GSM4730265_VM,Necroptosis initiators,9.958627700805664
пациент,панкреас,193,pdac_GSE156405|pdac_GSE156405_GSM4730266_LiM,Necroptosis initiators,6.560283660888672
пациент,панкреас,194,pdac_GSE156405|pdac_GSE156405_GSM4730267_LuM,Necroptosis initiators,3.8335494995117188
пациент,панкреас,195,pdac_GSE214295|pdac_GSE214295_GSM6603324,Necroptosis initiators,15.925209045410156
пациент,панкреас,196,pdac_GSE214295|pdac_GSE214295_GSM6603325,Necroptosis initiators,10.076831817626953
пациент,панкреас,197,pdac_PRJCA001063|pdac_PRJCA001063_T14,Necroptosis initiators,14.52557373046875
пациент,панкреас,198,pdac_PRJCA001063|pdac_PRJCA001063_T15,Necroptosis initiators,14.882869720458984
пациент,панкреас,199,pdac_PRJCA001063|pdac_PRJCA001063_T16,Necroptosis initiators,-6.240596771240234
пациент,панкреас,200,pdac_PRJCA001063|pdac_PRJCA001063_T17,Necroptosis initiators,2.5736083984375
пациент,панкреас,201,pdac_PRJCA001063|pdac_PRJCA001063_T19,Necroptosis initiators,1.6629066467285156
пациент,панкреас,202,pdac_PRJCA001063|pdac_PRJCA001063_T20,Necroptosis initiators,15.455081939697266
пациент,панкреас,203,pdac_PRJCA001063|pdac_PRJCA001063_T21,Necroptosis initiators,11.58123779296875
пациент,панкреас,204,pdac_PRJCA001063|pdac_PRJCA001063_T22,Necroptosis initiators,14.122608184814453
пациент,панкреас,205,pdac_PRJCA001063|pdac_PRJCA001063_T2,Necroptosis initiators,11.428112030029297
пациент,панкреас,206,pdac_PRJCA001063|pdac_PRJCA001063_T3,Necroptosis initiators,6.549537658691406
пациент,панкреас,207,pdac_PRJCA001063|pdac_PRJCA001063_T6,Necroptosis initiators,7.90350341796875
пациент,панкреас,208,pdac_PRJCA001063|pdac_PRJCA001063_T8,Necroptosis initiators,4.96185302734375
пациент,панкреас,209,pdac_PRJCA001063|pdac_PRJCA001063_T9,Necroptosis initiators,7.634860992431641
пациент,панкреас,170,pdac_GSE154778|pdac_GSE154778_P02,Pyroptosis executioners,-1.9396133422851562
пациент,панкреас,171,pdac_GSE154778|pdac_GSE154778_P04,Pyroptosis executioners,11.108421325683594
пациент,панкреас,172,pdac_GSE154778|pdac_GSE154778_P06,Pyroptosis executioners,7.282936096191406
пациент,панкреас,173,pdac_GSE154778|pdac_GSE154778_MET02,Pyroptosis executioners,-1.28680419921875
пациент,панкреас,174,pdac_GSE154778|pdac_GSE154778_MET04,Pyroptosis executioners,-1.004730224609375
пациент,панкреас,175,pdac_GSE154778|pdac_GSE154778_MET05,Pyroptosis executioners,-6.861164093017578
пациент,панкреас,176,pdac_GSE154778|pdac_GSE154778_MET06,Pyroptosis executioners,8.486457824707031
пациент,панкреас,177,pdac_GSE155698|GSE155698_PDAC_10,Pyroptosis executioners,6.882659912109375
пациент,панкреас,178,pdac_GSE155698|GSE155698_PDAC_11,Pyroptosis executioners,5.534065246582031
пациент,панкреас,179,pdac_GSE155698|GSE155698_PDAC_11,Pyroptosis executioners,2.0766220092773438
пациент,панкреас,180,pdac_GSE155698|GSE155698_PDAC_13,Pyroptosis executioners,-0.819366455078125
пациент,панкреас,181,pdac_GSE155698|GSE155698_PDAC_15,Pyroptosis executioners,-0.3062553405761719
пациент,панкреас,182,pdac_GSE155698|GSE155698_PDAC_2,Pyroptosis executioners,-3.0410537719726562
пациент,панкреас,183,pdac_GSE155698|GSE155698_PDAC_3,Pyroptosis executioners,8.357513427734375
пациент,панкреас,184,pdac_GSE155698|GSE155698_PDAC_5,Pyroptosis executioners,4.6341094970703125
пациент,панкреас,185,pdac_GSE155698|GSE155698_PDAC_6,Pyroptosis executioners,-10.125186920166016
пациент,панкреас,186,pdac_GSE155698|GSE155698_PDAC_7,Pyroptosis executioners,9.985488891601562
пациент,панкреас,187,pdac_GSE155698|GSE155698_PDAC_8,Pyroptosis executioners,7.113685607910156
пациент,панкреас,188,pdac_GSE155698|GSE155698_PDAC_9,Pyroptosis executioners,8.540191650390625
пациент,панкреас,189,pdac_GSE156405|pdac_GSE156405_GSM4730261_P2,Pyroptosis executioners,-12.075542449951172
пациент,панкреас,190,pdac_GSE156405|pdac_GSE156405_GSM4730262_P3,Pyroptosis executioners,10.396514892578125
пациент,панкреас,191,pdac_GSE156405|pdac_GSE156405_GSM4730263_P4,Pyroptosis executioners,6.1197052001953125
пациент,панкреас,192,pdac_GSE156405|pdac_GSE156405_GSM4730265_VM,Pyroptosis executioners,3.5622177124023438
пациент,панкреас,193,pdac_GSE156405|pdac_GSE156405_GSM4730266_LiM,Pyroptosis executioners,5.321830749511719
пациент,панкреас,194,pdac_GSE156405|pdac_GSE156405_GSM4730267_LuM,Pyroptosis executioners,-9.974746704101562
пациент,панкреас,195,pdac_GSE214295|pdac_GSE214295_GSM6603324,Pyroptosis executioners,13.254890441894531
пациент,панкреас,196,pdac_GSE214295|pdac_GSE214295_GSM6603325,Pyroptosis executioners,-0.30625152587890625
пациент,панкреас,197,pdac_PRJCA001063|pdac_PRJCA001063_T14,Pyroptosis executioners,10.436813354492188
пациент,панкреас,198,pdac_PRJCA001063|pdac_PRJCA001063_T15,Pyroptosis executioners,7.2963714599609375
пациент,панкреас,199,pdac_PRJCA001063|pdac_PRJCA001063_T16,Pyroptosis executioners,7.8524627685546875
пациент,панкреас,200,pdac_PRJCA001063|pdac_PRJCA001063_T17,Pyroptosis executioners,-0.9617462158203125
пациент,панкреас,201,pdac_PRJCA001063|pdac_PRJCA001063_T19,Pyroptosis executioners,5.6468963623046875
пациент,панкреас,202,pdac_PRJCA001063|pdac_PRJCA001063_T20,Pyroptosis executioners,5.888671875
пациент,панкреас,203,pdac_PRJCA001063|pdac_PRJCA001063_T21,Pyroptosis executioners,7.248012542724609
пациент,панкреас,204,pdac_PRJCA001063|pdac_PRJCA001063_T22,Pyroptosis executioners,4.4890289306640625
пациент,панкреас,205,pdac_PRJCA001063|pdac_PRJCA001063_T2,Pyroptosis executioners,5.904792785644531
пациент,панкреас,206,pdac_PRJCA001063|pdac_PRJCA001063_T3,Pyroptosis executioners,5.5179443359375
пациент,панкреас,207,pdac_PRJCA001063|pdac_PRJCA001063_T6,Pyroptosis executioners,2.5064468383789062
пациент,панкреас,208,pdac_PRJCA001063|pdac_PRJCA001063_T8,Pyroptosis executioners,4.145179748535156
пациент,панкреас,209,pdac_PRJCA001063|pdac_PRJCA001063_T9,Pyroptosis executioners,1.8697624206542969
пациент,панкреас,170,pdac_GSE154778|pdac_GSE154778_P02,Pyroptosis initiators,0.0
пациент,панкреас,171,pdac_GSE154778|pdac_GSE154778_P04,Pyroptosis initiators,0.0
пациент,панкреас,172,pdac_GSE154778|pdac_GSE154778_P06,Pyroptosis initiators,4.2714385986328125
пациент,панкреас,173,pdac_GSE154778|pdac_GSE154778_MET02,Pyroptosis initiators,5.4803314208984375
пациент,панкреас,174,pdac_GSE154778|pdac_GSE154778_MET04,Pyroptosis initiators,0.0
пациент,панкреас,175,pdac_GSE154778|pdac_GSE154778_MET05,Pyroptosis initiators,-0.7844390869140625
пациент,панкреас,176,pdac_GSE154778|pdac_GSE154778_MET06,Pyroptosis initiators,8.784652709960938
пациент,панкреас,177,pdac_GSE155698|GSE155698_PDAC_10,Pyroptosis initiators,0.0
пациент,панкреас,178,pdac_GSE155698|GSE155698_PDAC_11,Pyroptosis initiators,4.162635803222656
пациент,панкреас,179,pdac_GSE155698|GSE155698_PDAC_11,Pyroptosis initiators,3.7395248413085938
пациент,панкреас,180,pdac_GSE155698|GSE155698_PDAC_13,Pyroptosis initiators,1.165914535522461
пациент,панкреас,181,pdac_GSE155698|GSE155698_PDAC_15,Pyroptosis initiators,7.17547607421875
пациент,панкреас,182,pdac_GSE155698|GSE155698_PDAC_2,Pyroptosis initiators,1.1283035278320312
пациент,панкреас,183,pdac_GSE155698|GSE155698_PDAC_3,Pyroptosis initiators,5.089460372924805
пациент,панкреас,184,pdac_GSE155698|GSE155698_PDAC_5,Pyroptosis initiators,15.038681030273438
пациент,панкреас,185,pdac_GSE155698|GSE155698_PDAC_6,Pyroptosis initiators,-0.3626708984375
пациент,панкреас,186,pdac_GSE155698|GSE155698_PDAC_7,Pyroptosis initiators,9.923702239990234
пациент,панкреас,187,pdac_GSE155698|GSE155698_PDAC_8,Pyroptosis initiators,4.331884384155273
пациент,панкреас,188,pdac_GSE155698|GSE155698_PDAC_9,Pyroptosis initiators,2.1881027221679688
пациент,панкреас,189,pdac_GSE156405|pdac_GSE156405_GSM4730261_P2,Pyroptosis initiators,0.0
пациент,панкреас,190,pdac_GSE156405|pdac_GSE156405_GSM4730262_P3,Pyroptosis initiators,2.127655029296875
пациент,панкреас,191,pdac_GSE156405|pdac_GSE156405_GSM4730263_P4,Pyroptosis initiators,3.5595321655273438
пациент,панкреас,192,pdac_GSE156405|pdac_GSE156405_GSM4730265_VM,Pyroptosis initiators,3.340587615966797
пациент,панкреас,193,pdac_GSE156405|pdac_GSE156405_GSM4730266_LiM,Pyroptosis initiators,4.268745422363281
пациент,панкреас,194,pdac_GSE156405|pdac_GSE156405_GSM4730267_LuM,Pyroptosis initiators,-0.8892116546630859
пациент,панкреас,195,pdac_GSE214295|pdac_GSE214295_GSM6603324,Pyroptosis initiators,-0.647430419921875
пациент,панкреас,196,pdac_GSE214295|pdac_GSE214295_GSM6603325,Pyroptosis initiators,5.750322341918945
пациент,панкреас,197,pdac_PRJCA001063|pdac_PRJCA001063_T14,Pyroptosis initiators,1.27874755859375
пациент,панкреас,198,pdac_PRJCA001063|pdac_PRJCA001063_T15,Pyroptosis initiators,0.3801307678222656
пациент,панкреас,199,pdac_PRJCA001063|pdac_PRJCA001063_T16,Pyroptosis initiators,11.468406677246094
пациент,панкреас,200,pdac_PRJCA001063|pdac_PRJCA001063_T17,Pyroptosis initiators,2.5521087646484375
пациент,панкреас,201,pdac_PRJCA001063|pdac_PRJCA001063_T19,Pyroptosis initiators,8.787342071533203
пациент,панкреас,202,pdac_PRJCA001063|pdac_PRJCA001063_T20,Pyroptosis initiators,0.28745269775390625
пациент,панкреас,203,pdac_PRJCA001063|pdac_PRJCA001063_T21,Pyroptosis initiators,12.348217010498047
пациент,панкреас,204,pdac_PRJCA001063|pdac_PRJCA001063_T22,Pyroptosis initiators,9.902214050292969
пациент,панкреас,205,pdac_PRJCA001063|pdac_PRJCA001063_T2,Pyroptosis initiators,17.15559959411621
пациент,панкреас,206,pdac_PRJCA001063|pdac_PRJCA001063_T3,Pyroptosis initiators,8.791370391845703
пациент,панкреас,207,pdac_PRJCA001063|pdac_PRJCA001063_T6,Pyroptosis initiators,5.751667022705078
пациент,панкреас,208,pdac_PRJCA001063|pdac_PRJCA001063_T8,Pyroptosis initiators,16.33489227294922
пациент,панкреас,209,pdac_PRJCA001063|pdac_PRJCA001063_T9,Pyroptosis initiators,10.982162475585938
органоид,панкреас,0,ACH-002421,Apoptosis executioners,5.4857025146484375
органоид,панкреас,1,ACH-002424,Apoptosis executioners,14.490646362304688
органоид,панкреас,2,ACH-002426,Apoptosis executioners,6.536109924316406
органоид,панкреас,3,ACH-002448,Apoptosis executioners,7.258750915527344
органоид,панкреас,11,ACH-002738,Apoptosis executioners,-0.8408584594726562
органоид,панкреас,12,ACH-002742,Apoptosis executioners,5.864494323730469
органоид,панкреас,13,ACH-002743,Apoptosis executioners,11.688697814941406
органоид,панкреас,14,ACH-002744,Apoptosis executioners,4.612617492675781
органоид,панкреас,15,ACH-002745,Apoptosis executioners,4.4487457275390625
органоид,панкреас,47,ACH-002999,Apoptosis executioners,3.7099685668945312
органоид,панкреас,48,ACH-003000,Apoptosis executioners,7.640235900878906
органоид,панкреас,55,ACH-003013,Apoptosis executioners,10.047286987304688
органоид,панкреас,56,ACH-003014,Apoptosis executioners,4.892005920410156
органоид,панкреас,57,ACH-003015,Apoptosis executioners,14.624969482421875
органоид,панкреас,64,ACH-003031,Apoptosis executioners,-2.6515121459960938
органоид,панкреас,65,ACH-003035,Apoptosis executioners,11.814956665039062
органоид,панкреас,66,ACH-003036,Apoptosis executioners,8.803459167480469
органоид,панкреас,67,ACH-003039,Apoptosis executioners,9.00494384765625
органоид,панкреас,68,ACH-003040,Apoptosis executioners,10.799484252929688
органоид,панкреас,69,ACH-003041,Apoptosis executioners,4.588447570800781
органоид,панкреас,70,ACH-003044,Apoptosis executioners,7.441436767578125
органоид,панкреас,71,ACH-003045,Apoptosis executioners,3.403717041015625
органоид,панкреас,72,ACH-003046,Apoptosis executioners,5.023643493652344
органоид,панкреас,73,ACH-003047,Apoptosis executioners,5.526008605957031
органоид,панкреас,79,ACH-003122,Apoptosis executioners,16.846656799316406
органоид,панкреас,80,ACH-003126,Apoptosis executioners,9.630882263183594
органоид,панкреас,85,ACH-003193,Apoptosis executioners,9.907585144042969
органоид,панкреас,89,ACH-003331,Apoptosis executioners,4.024284362792969
органоид,панкреас,96,ACH-003341,Apoptosis executioners,-0.9402542114257812
органоид,панкреас,97,ACH-003342,Apoptosis executioners,4.443367004394531
органоид,панкреас,109,ACH-003369,Apoptosis executioners,7.323234558105469
органоид,панкреас,110,ACH-003370,Apoptosis executioners,12.236732482910156
органоид,панкреас,111,ACH-003371,Apoptosis executioners,-5.217071533203125
органоид,панкреас,112,ACH-003373,Apoptosis executioners,14.920478820800781
органоид,панкреас,114,ACH-003378,Apoptosis executioners,11.882118225097656
органоид,панкреас,115,ACH-003379,Apoptosis executioners,15.600151062011719
органоид,панкреас,116,ACH-003380,Apoptosis executioners,2.5870361328125
органоид,панкреас,117,ACH-003382,Apoptosis executioners,12.556411743164062
органоид,панкреас,131,ACH-003432,Apoptosis executioners,11.707504272460938
органоид,панкреас,132,ACH-003434,Apoptosis executioners,3.0517959594726562
органоид,панкреас,133,ACH-003466,Apoptosis executioners,15.009140014648438
органоид,панкреас,134,ACH-003467,Apoptosis executioners,1.4560470581054688
органоид,панкреас,135,ACH-003477,Apoptosis executioners,8.478401184082031
органоид,панкреас,136,ACH-003479,Apoptosis executioners,2.2619781494140625
органоид,панкреас,0,ACH-002421,Apoptosis initiators,2.8624000549316406
органоид,панкреас,1,ACH-002424,Apoptosis initiators,3.6199779510498047
органоид,панкреас,2,ACH-002426,Apoptosis initiators,2.2297439575195312
органоид,панкреас,3,ACH-002448,Apoptosis initiators,2.076618194580078
органоид,панкреас,11,ACH-002738,Apoptosis initiators,2.1988449096679688
органоид,панкреас,12,ACH-002742,Apoptosis initiators,1.6602210998535156
органоид,панкреас,13,ACH-002743,Apoptosis initiators,6.012248992919922
органоид,панкреас,14,ACH-002744,Apoptosis initiators,1.8133468627929688
органоид,панкреас,15,ACH-002745,Apoptosis initiators,1.8294639587402344
органоид,панкреас,47,ACH-002999,Apoptosis initiators,4.869178771972656
органоид,панкреас,48,ACH-003000,Apoptosis initiators,2.1195945739746094
органоид,панкреас,55,ACH-003013,Apoptosis initiators,1.5567893981933594
органоид,панкреас,56,ACH-003014,Apoptosis initiators,3.837574005126953
органоид,панкреас,57,ACH-003015,Apoptosis initiators,8.053939819335938
органоид,панкреас,64,ACH-003031,Apoptosis initiators,0.8704071044921875
органоид,панкреас,65,ACH-003035,Apoptosis initiators,3.6831092834472656
органоид,панкреас,66,ACH-003036,Apoptosis initiators,2.8744888305664062
органоид,панкреас,67,ACH-003039,Apoptosis initiators,2.518535614013672
органоид,панкреас,68,ACH-003040,Apoptosis initiators,2.909412384033203
органоид,панкреас,69,ACH-003041,Apoptosis initiators,4.143831253051758
органоид,панкреас,70,ACH-003044,Apoptosis initiators,6.939075469970703
органоид,панкреас,71,ACH-003045,Apoptosis initiators,1.7273826599121094
органоид,панкреас,72,ACH-003046,Apoptosis initiators,0.7629470825195312
органоид,панкреас,73,ACH-003047,Apoptosis initiators,5.33795166015625
органоид,панкреас,79,ACH-003122,Apoptosis initiators,2.536670684814453
органоид,панкреас,80,ACH-003126,Apoptosis initiators,3.5178909301757812
органоид,панкреас,85,ACH-003193,Apoptosis initiators,-0.3626689910888672
органоид,панкреас,89,ACH-003331,Apoptosis initiators,0.9281635284423828
органоид,панкреас,96,ACH-003341,Apoptosis initiators,-0.30356597900390625
органоид,панкреас,97,ACH-003342,Apoptosis initiators,2.8771743774414062
органоид,панкреас,109,ACH-003369,Apoptosis initiators,-5.69659423828125
органоид,панкреас,110,ACH-003370,Apoptosis initiators,-0.838165283203125
органоид,панкреас,111,ACH-003371,Apoptosis initiators,1.2720298767089844
органоид,панкреас,112,ACH-003373,Apoptosis initiators,-0.8086204528808594
органоид,панкреас,114,ACH-003378,Apoptosis initiators,2.4594364166259766
органоид,панкреас,115,ACH-003379,Apoptosis initiators,3.054483413696289
органоид,панкреас,116,ACH-003380,Apoptosis initiators,2.0699005126953125
органоид,панкреас,117,ACH-003382,Apoptosis initiators,0.9012985229492188
органоид,панкреас,131,ACH-003432,Apoptosis initiators,4.168006896972656
органоид,панкреас,132,ACH-003434,Apoptosis initiators,0.6890716552734375
органоид,панкреас,133,ACH-003466,Apoptosis initiators,1.4856033325195312
органоид,панкреас,134,ACH-003467,Apoptosis initiators,0.032238006591796875
органоид,панкреас,135,ACH-003477,Apoptosis initiators,3.3056640625
органоид,панкреас,136,ACH-003479,Apoptosis initiators,3.212982177734375
органоид,панкреас,0,ACH-002421,BRAKES,-1.6870861053466797
органоид,панкреас,1,ACH-002424,BRAKES,4.110252380371094
органоид,панкреас,2,ACH-002426,BRAKES,2.484954833984375
органоид,панкреас,3,ACH-002448,BRAKES,3.8416099548339844
органоид,панкреас,11,ACH-002738,BRAKES,2.699199676513672
органоид,панкреас,12,ACH-002742,BRAKES,0.040294647216796875
органоид,панкреас,13,ACH-002743,BRAKES,-1.6817092895507812
органоид,панкреас,14,ACH-002744,BRAKES,-4.771113395690918
органоид,панкреас,15,ACH-002745,BRAKES,4.97259521484375
органоид,панкреас,47,ACH-002999,BRAKES,-0.4069957733154297
органоид,панкреас,48,ACH-003000,BRAKES,1.0705490112304688
органоид,панкреас,55,ACH-003013,BRAKES,1.6441001892089844
органоид,панкреас,56,ACH-003014,BRAKES,-1.198150634765625
органоид,панкреас,57,ACH-003015,BRAKES,-0.7871284484863281
органоид,панкреас,64,ACH-003031,BRAKES,0.7924995422363281
органоид,панкреас,65,ACH-003035,BRAKES,5.308401107788086
органоид,панкреас,66,ACH-003036,BRAKES,0.26595497131347656
органоид,панкреас,67,ACH-003039,BRAKES,4.38560676574707
органоид,панкреас,68,ACH-003040,BRAKES,-9.833709716796875
органоид,панкреас,69,ACH-003041,BRAKES,2.9523963928222656
органоид,панкреас,70,ACH-003044,BRAKES,-2.056468963623047
органоид,панкреас,71,ACH-003045,BRAKES,-5.231838226318359
органоид,панкреас,72,ACH-003046,BRAKES,-3.13507080078125
органоид,панкреас,73,ACH-003047,BRAKES,-3.0880603790283203
органоид,панкреас,79,ACH-003122,BRAKES,-0.6245918273925781
органоид,панкреас,80,ACH-003126,BRAKES,3.4561004638671875
органоид,панкреас,85,ACH-003193,BRAKES,1.3929214477539062
органоид,панкреас,89,ACH-003331,BRAKES,-1.5433616638183594
органоид,панкреас,96,ACH-003341,BRAKES,2.4406280517578125
органоид,панкреас,97,ACH-003342,BRAKES,4.1760711669921875
органоид,панкреас,109,ACH-003369,BRAKES,2.069904327392578
органоид,панкреас,110,ACH-003370,BRAKES,-1.4318656921386719
органоид,панкреас,111,ACH-003371,BRAKES,1.012786865234375
органоид,панкреас,112,ACH-003373,BRAKES,0.9496574401855469
органоид,панкреас,114,ACH-003378,BRAKES,0.6272811889648438
органоид,панкреас,115,ACH-003379,BRAKES,0.20685577392578125
органоид,панкреас,116,ACH-003380,BRAKES,3.734149932861328
органоид,панкреас,117,ACH-003382,BRAKES,2.0457210540771484
органоид,панкреас,131,ACH-003432,BRAKES,-1.6024580001831055
органоид,панкреас,132,ACH-003434,BRAKES,0.3169975280761719
органоид,панкреас,133,ACH-003466,BRAKES,0.008060455322265625
органоид,панкреас,134,ACH-003467,BRAKES,1.6172409057617188
органоид,панкреас,135,ACH-003477,BRAKES,1.734100341796875
органоид,панкреас,136,ACH-003479,BRAKES,1.5111198425292969
органоид,панкреас,0,ACH-002421,ENTRY adaptors,1.5876846313476562
органоид,панкреас,1,ACH-002424,ENTRY adaptors,2.8422508239746094
органоид,панкреас,2,ACH-002426,ENTRY adaptors,-4.2580108642578125
органоид,панкреас,3,ACH-002448,ENTRY adaptors,1.9369277954101562
органоид,панкреас,11,ACH-002738,ENTRY adaptors,2.5225601196289062
органоид,панкреас,12,ACH-002742,ENTRY adaptors,2.7482223510742188
органоид,панкреас,13,ACH-002743,ENTRY adaptors,-4.4594879150390625
органоид,панкреас,14,ACH-002744,ENTRY adaptors,-2.3318252563476562
органоид,панкреас,15,ACH-002745,ENTRY adaptors,-0.3760986328125
органоид,панкреас,47,ACH-002999,ENTRY adaptors,-1.7811050415039062
органоид,панкреас,48,ACH-003000,ENTRY adaptors,-4.352027893066406
органоид,панкреас,55,ACH-003013,ENTRY adaptors,3.043731689453125
органоид,панкреас,56,ACH-003014,ENTRY adaptors,1.6924591064453125
органоид,панкреас,57,ACH-003015,ENTRY adaptors,4.58038330078125
органоид,панкреас,64,ACH-003031,ENTRY adaptors,-0.099395751953125
органоид,панкреас,65,ACH-003035,ENTRY adaptors,-3.2344741821289062
органоид,панкреас,66,ACH-003036,ENTRY adaptors,-5.106925964355469
органоид,панкреас,67,ACH-003039,ENTRY adaptors,1.6844024658203125
органоид,панкреас,68,ACH-003040,ENTRY adaptors,-1.4694900512695312
органоид,панкреас,69,ACH-003041,ENTRY adaptors,-0.5480422973632812
органоид,панкреас,70,ACH-003044,ENTRY adaptors,-0.47281646728515625
органоид,панкреас,71,ACH-003045,ENTRY adaptors,3.8147430419921875
органоид,панкреас,72,ACH-003046,ENTRY adaptors,2.2109298706054688
органоид,панкреас,73,ACH-003047,ENTRY adaptors,5.719429016113281
органоид,панкреас,79,ACH-003122,ENTRY adaptors,2.0067672729492188
органоид,панкреас,80,ACH-003126,ENTRY adaptors,2.5494308471679688
органоид,панкреас,85,ACH-003193,ENTRY adaptors,-6.5790863037109375
органоид,панкреас,89,ACH-003331,ENTRY adaptors,0.5587844848632812
органоид,панкреас,96,ACH-003341,ENTRY adaptors,-1.2465057373046875
органоид,панкреас,97,ACH-003342,ENTRY adaptors,0.29819488525390625
органоид,панкреас,109,ACH-003369,ENTRY adaptors,-0.1477508544921875
органоид,панкреас,110,ACH-003370,ENTRY adaptors,1.4144134521484375
органоид,панкреас,111,ACH-003371,ENTRY adaptors,-3.0732955932617188
органоид,панкреас,112,ACH-003373,ENTRY adaptors,-2.119598388671875
органоид,панкреас,114,ACH-003378,ENTRY adaptors,0.6971359252929688
органоид,панкреас,115,ACH-003379,ENTRY adaptors,0.6313095092773438
органоид,панкреас,116,ACH-003380,ENTRY adaptors,-1.5903701782226562
органоид,панкреас,117,ACH-003382,ENTRY adaptors,2.947021484375
органоид,панкреас,131,ACH-003432,ENTRY adaptors,-4.489036560058594
органоид,панкреас,132,ACH-003434,ENTRY adaptors,-5.0128936767578125
органоид,панкреас,133,ACH-003466,ENTRY adaptors,-3.1565704345703125
органоид,панкреас,134,ACH-003467,ENTRY adaptors,-1.4399261474609375
органоид,панкреас,135,ACH-003477,ENTRY adaptors,3.4413223266601562
органоид,панкреас,136,ACH-003479,ENTRY adaptors,7.9572296142578125
органоид,панкреас,0,ACH-002421,ENTRY receptors,-0.5910186767578125
органоид,панкреас,1,ACH-002424,ENTRY receptors,-3.642810821533203
органоид,панкреас,2,ACH-002426,ENTRY receptors,-12.041961669921875
органоид,панкреас,3,ACH-002448,ENTRY receptors,5.309741973876953
органоид,панкреас,11,ACH-002738,ENTRY receptors,-4.193525314331055
органоид,панкреас,12,ACH-002742,ENTRY receptors,4.554859161376953
органоид,панкреас,13,ACH-002743,ENTRY receptors,3.7220611572265625
органоид,панкреас,14,ACH-002744,ENTRY receptors,-4.013542175292969
органоид,панкреас,15,ACH-002745,ENTRY receptors,-1.9691581726074219
органоид,панкреас,47,ACH-002999,ENTRY receptors,-0.029552459716796875
органоид,панкреас,48,ACH-003000,ENTRY receptors,1.8697662353515625
органоид,панкреас,55,ACH-003013,ENTRY receptors,4.865135192871094
органоид,панкреас,56,ACH-003014,ENTRY receptors,-4.526649475097656
органоид,панкреас,57,ACH-003015,ENTRY receptors,4.617988586425781
органоид,панкреас,64,ACH-003031,ENTRY receptors,-6.045829772949219
органоид,панкреас,65,ACH-003035,ENTRY receptors,11.416023254394531
органоид,панкреас,66,ACH-003036,ENTRY receptors,4.1787567138671875
органоид,панкреас,67,ACH-003039,ENTRY receptors,8.600635528564453
органоид,панкреас,68,ACH-003040,ENTRY receptors,-9.387760162353516
органоид,панкреас,69,ACH-003041,ENTRY receptors,7.342037200927734
органоид,панкреас,70,ACH-003044,ENTRY receptors,-9.370302200317383
органоид,панкреас,71,ACH-003045,ENTRY receptors,-10.650390625
органоид,панкреас,72,ACH-003046,ENTRY receptors,-2.537342071533203
органоид,панкреас,73,ACH-003047,ENTRY receptors,-0.5023689270019531
органоид,панкреас,79,ACH-003122,ENTRY receptors,-11.996294021606445
органоид,панкреас,80,ACH-003126,ENTRY receptors,-7.765153884887695
органоид,панкреас,85,ACH-003193,ENTRY receptors,0.9899520874023438
органоид,панкреас,89,ACH-003331,ENTRY receptors,3.2049217224121094
органоид,панкреас,96,ACH-003341,ENTRY receptors,7.559642791748047
органоид,панкреас,97,ACH-003342,ENTRY receptors,0.9012947082519531
органоид,панкреас,109,ACH-003369,ENTRY receptors,2.1357154846191406
органоид,панкреас,110,ACH-003370,ENTRY receptors,-2.9121017456054688
органоид,панкреас,111,ACH-003371,ENTRY receptors,2.9779205322265625
органоид,панкреас,112,ACH-003373,ENTRY receptors,7.264129638671875
органоид,панкреас,114,ACH-003378,ENTRY receptors,-0.8663787841796875
органоид,панкреас,115,ACH-003379,ENTRY receptors,-2.1854209899902344
органоид,панкреас,116,ACH-003380,ENTRY receptors,-2.3076515197753906
органоид,панкреас,117,ACH-003382,ENTRY receptors,-0.087310791015625
органоид,панкреас,131,ACH-003432,ENTRY receptors,-3.8348941802978516
органоид,панкреас,132,ACH-003434,ENTRY receptors,-4.995429992675781
органоид,панкреас,133,ACH-003466,ENTRY receptors,-15.733133316040039
органоид,панкреас,134,ACH-003467,ENTRY receptors,5.990753173828125
органоид,панкреас,135,ACH-003477,ENTRY receptors,-17.05552864074707
органоид,панкреас,136,ACH-003479,ENTRY receptors,-1.8912582397460938
органоид,панкреас,0,ACH-002421,Inhibitory signals,1.8321456909179688
органоид,панкреас,1,ACH-002424,Inhibitory signals,2.1854171752929688
органоид,панкреас,2,ACH-002426,Inhibitory signals,1.6158943176269531
органоид,панкреас,3,ACH-002448,Inhibitory signals,2.902698516845703
органоид,панкреас,11,ACH-002738,Inhibitory signals,-2.1303443908691406
органоид,панкреас,12,ACH-002742,Inhibitory signals,1.2196464538574219
органоид,панкреас,13,ACH-002743,Inhibitory signals,-0.8623428344726562
органоид,панкреас,14,ACH-002744,Inhibitory signals,2.8207626342773438
органоид,панкреас,15,ACH-002745,Inhibitory signals,1.1672592163085938
органоид,панкреас,47,ACH-002999,Inhibitory signals,-4.061897277832031
органоид,панкреас,48,ACH-003000,Inhibitory signals,-0.2256622314453125
органоид,панкреас,55,ACH-003013,Inhibitory signals,-5.971954345703125
органоид,панкреас,56,ACH-003014,Inhibitory signals,-6.239253997802734
органоид,панкреас,57,ACH-003015,Inhibitory signals,-0.41909027099609375
органоид,панкреас,64,ACH-003031,Inhibitory signals,-0.11148452758789062
органоид,панкреас,65,ACH-003035,Inhibitory signals,-6.091500282287598
органоид,панкреас,66,ACH-003036,Inhibitory signals,-8.432735443115234
органоид,панкреас,67,ACH-003039,Inhibitory signals,-5.231842041015625
органоид,панкреас,68,ACH-003040,Inhibitory signals,-13.261604309082031
органоид,панкреас,69,ACH-003041,Inhibitory signals,3.546100616455078
органоид,панкреас,70,ACH-003044,Inhibitory signals,-0.456695556640625
органоид,панкреас,71,ACH-003045,Inhibitory signals,-0.2310333251953125
органоид,панкреас,72,ACH-003046,Inhibitory signals,-0.4983329772949219
органоид,панкреас,73,ACH-003047,Inhibitory signals,-0.23506546020507812
органоид,панкреас,79,ACH-003122,Inhibitory signals,-3.12969970703125
органоид,панкреас,80,ACH-003126,Inhibitory signals,-0.6245994567871094
органоид,панкреас,85,ACH-003193,Inhibitory signals,-9.675210952758789
органоид,панкреас,89,ACH-003331,Inhibitory signals,-0.6944465637207031
органоид,панкреас,96,ACH-003341,Inhibitory signals,1.9570732116699219
органоид,панкреас,97,ACH-003342,Inhibitory signals,0.21491241455078125
органоид,панкреас,109,ACH-003369,Inhibitory signals,-3.1861209869384766
органоид,панкреас,110,ACH-003370,Inhibitory signals,1.1309890747070312
органоид,панкреас,111,ACH-003371,Inhibitory signals,3.1901473999023438
органоид,панкреас,112,ACH-003373,Inhibitory signals,1.2908287048339844
органоид,панкреас,114,ACH-003378,Inhibitory signals,0.049701690673828125
органоид,панкреас,115,ACH-003379,Inhibitory signals,1.9919967651367188
органоид,панкреас,116,ACH-003380,Inhibitory signals,3.5890846252441406
органоид,панкреас,117,ACH-003382,Inhibitory signals,1.5433578491210938
органоид,панкреас,131,ACH-003432,Inhibitory signals,-0.5131149291992188
органоид,панкреас,132,ACH-003434,Inhibitory signals,1.7273826599121094
органоид,панкреас,133,ACH-003466,Inhibitory signals,1.6320075988769531
органоид,панкреас,134,ACH-003467,Inhibitory signals,-1.4748573303222656
органоид,панкреас,135,ACH-003477,Inhibitory signals,0.7065315246582031
органоид,панкреас,136,ACH-003479,Inhibitory signals,1.936920166015625
органоид,панкреас,0,ACH-002421,MHC-I presentation,-0.6756362915039062
органоид,панкреас,1,ACH-002424,MHC-I presentation,0.15044021606445312
органоид,панкреас,2,ACH-002426,MHC-I presentation,-3.032989501953125
органоид,панкреас,3,ACH-002448,MHC-I presentation,-9.09762191772461
органоид,панкреас,11,ACH-002738,MHC-I presentation,-5.059906005859375
органоид,панкреас,12,ACH-002742,MHC-I presentation,-6.914894104003906
органоид,панкреас,13,ACH-002743,MHC-I presentation,-0.17461395263671875
органоид,панкреас,14,ACH-002744,MHC-I presentation,1.4412727355957031
органоид,панкреас,15,ACH-002745,MHC-I presentation,0.20282363891601562
органоид,панкреас,47,ACH-002999,MHC-I presentation,-7.163387298583984
органоид,панкреас,48,ACH-003000,MHC-I presentation,0.9617462158203125
органоид,панкреас,55,ACH-003013,MHC-I presentation,-3.4198379516601562
органоид,панкреас,56,ACH-003014,MHC-I presentation,1.2048683166503906
органоид,панкреас,57,ACH-003015,MHC-I presentation,2.157207489013672
органоид,панкреас,64,ACH-003031,MHC-I presentation,1.7717056274414062
органоид,панкреас,65,ACH-003035,MHC-I presentation,-7.636201858520508
органоид,панкреас,66,ACH-003036,MHC-I presentation,-9.5570068359375
органоид,панкреас,67,ACH-003039,MHC-I presentation,-1.3526191711425781
органоид,панкреас,68,ACH-003040,MHC-I presentation,-13.986946105957031
органоид,панкреас,69,ACH-003041,MHC-I presentation,3.0611953735351562
органоид,панкреас,70,ACH-003044,MHC-I presentation,-2.339885711669922
органоид,панкреас,71,ACH-003045,MHC-I presentation,-2.1316871643066406
органоид,панкреас,72,ACH-003046,MHC-I presentation,-7.436061859130859
органоид,панкреас,73,ACH-003047,MHC-I presentation,-0.6004257202148438
органоид,панкреас,79,ACH-003122,MHC-I presentation,-5.2775115966796875
органоид,панкреас,80,ACH-003126,MHC-I presentation,3.8913116455078125
органоид,панкреас,85,ACH-003193,MHC-I presentation,-2.5480880737304688
органоид,панкреас,89,ACH-003331,MHC-I presentation,-12.03255844116211
органоид,панкреас,96,ACH-003341,MHC-I presentation,0.43386077880859375
органоид,панкреас,97,ACH-003342,MHC-I presentation,1.2921791076660156
органоид,панкреас,109,ACH-003369,MHC-I presentation,-1.8643875122070312
органоид,панкреас,110,ACH-003370,MHC-I presentation,0.7508583068847656
органоид,панкреас,111,ACH-003371,MHC-I presentation,1.1377143859863281
органоид,панкреас,112,ACH-003373,MHC-I presentation,-3.8469772338867188
органоид,панкреас,114,ACH-003378,MHC-I presentation,-3.394317626953125
органоид,панкреас,115,ACH-003379,MHC-I presentation,0.4540061950683594
органоид,панкреас,116,ACH-003380,MHC-I presentation,2.2982444763183594
органоид,панкреас,117,ACH-003382,MHC-I presentation,1.5460472106933594
органоид,панкреас,131,ACH-003432,MHC-I presentation,-1.4547080993652344
органоид,панкреас,132,ACH-003434,MHC-I presentation,-6.631473541259766
органоид,панкреас,133,ACH-003466,MHC-I presentation,-1.0168190002441406
органоид,панкреас,134,ACH-003467,MHC-I presentation,-5.915538787841797
органоид,панкреас,135,ACH-003477,MHC-I presentation,0.292816162109375
органоид,панкреас,136,ACH-003479,MHC-I presentation,6.562969207763672
органоид,панкреас,0,ACH-002421,NK activating ligands,4.01353645324707
органоид,панкреас,1,ACH-002424,NK activating ligands,-6.239253044128418
органоид,панкреас,2,ACH-002426,NK activating ligands,-0.29416465759277344
органоид,панкреас,3,ACH-002448,NK activating ligands,-13.166238784790039
органоид,панкреас,11,ACH-002738,NK activating ligands,-9.321941375732422
органоид,панкреас,12,ACH-002742,NK activating ligands,2.9913482666015625
органоид,панкреас,13,ACH-002743,NK activating ligands,4.348005294799805
органоид,панкреас,14,ACH-002744,NK activating ligands,0.6460895538330078
органоид,панкреас,15,ACH-002745,NK activating ligands,-3.184774398803711
органоид,панкреас,47,ACH-002999,NK activating ligands,7.982753753662109
органоид,панкреас,48,ACH-003000,NK activating ligands,4.948417663574219
органоид,панкреас,55,ACH-003013,NK activating ligands,3.1820850372314453
органоид,панкреас,56,ACH-003014,NK activating ligands,5.131099700927734
органоид,панкреас,57,ACH-003015,NK activating ligands,1.4063529968261719
органоид,панкреас,64,ACH-003031,NK activating ligands,0.2283458709716797
органоид,панкреас,65,ACH-003035,NK activating ligands,4.327850341796875
органоид,панкреас,66,ACH-003036,NK activating ligands,-2.886575698852539
органоид,панкреас,67,ACH-003039,NK activating ligands,-5.315119743347168
органоид,панкреас,68,ACH-003040,NK activating ligands,-2.400331497192383
органоид,панкреас,69,ACH-003041,NK activating ligands,3.833547592163086
органоид,панкреас,70,ACH-003044,NK activating ligands,-1.4694805145263672
органоид,панкреас,71,ACH-003045,NK activating ligands,0.6796722412109375
органоид,панкреас,72,ACH-003046,NK activating ligands,-5.286909103393555
органоид,панкреас,73,ACH-003047,NK activating ligands,0.9362239837646484
органоид,панкреас,79,ACH-003122,NK activating ligands,2.149150848388672
органоид,панкреас,80,ACH-003126,NK activating ligands,5.558238983154297
органоид,панкреас,85,ACH-003193,NK activating ligands,-3.9920482635498047
органоид,панкреас,89,ACH-003331,NK activating ligands,-0.28879356384277344
органоид,панкреас,96,ACH-003341,NK activating ligands,-2.2297439575195312
органоид,панкреас,97,ACH-003342,NK activating ligands,1.1135272979736328
органоид,панкреас,109,ACH-003369,NK activating ligands,-0.4043102264404297
органоид,панкреас,110,ACH-003370,NK activating ligands,-1.6575355529785156
органоид,панкреас,111,ACH-003371,NK activating ligands,-4.793948173522949
органоид,панкреас,112,ACH-003373,NK activating ligands,-6.538789749145508
органоид,панкреас,114,ACH-003378,NK activating ligands,-1.497690200805664
органоид,панкреас,115,ACH-003379,NK activating ligands,-4.644850730895996
органоид,панкреас,116,ACH-003380,NK activating ligands,2.487642288208008
органоид,панкреас,117,ACH-003382,NK activating ligands,-0.5077381134033203
органоид,панкреас,131,ACH-003432,NK activating ligands,-4.3748626708984375
органоид,панкреас,132,ACH-003434,NK activating ligands,-16.355039596557617
органоид,панкреас,133,ACH-003466,NK activating ligands,-1.4439620971679688
органоид,панкреас,134,ACH-003467,NK activating ligands,1.8375244140625
органоид,панкреас,135,ACH-003477,NK activating ligands,-0.7226543426513672
органоид,панкреас,136,ACH-003479,NK activating ligands,-12.244789123535156
органоид,панкреас,0,ACH-002421,Necroptosis executioners,2.163921356201172
органоид,панкреас,1,ACH-002424,Necroptosis executioners,-4.948415756225586
органоид,панкреас,2,ACH-002426,Necroptosis executioners,-1.6387271881103516
органоид,панкреас,3,ACH-002448,Necroptosis executioners,-6.916234970092773
органоид,панкреас,11,ACH-002738,Necroptosis executioners,2.4661483764648438
органоид,панкреас,12,ACH-002742,Necroptosis executioners,-1.5299224853515625
органоид,панкреас,13,ACH-002743,Necroptosis executioners,0.9523429870605469
органоид,панкреас,14,ACH-002744,Necroptosis executioners,0.49430084228515625
органоид,панкреас,15,ACH-002745,Necroptosis executioners,-7.551580429077148
органоид,панкреас,47,ACH-002999,Necroptosis executioners,-3.0934314727783203
органоид,панкреас,48,ACH-003000,Necroptosis executioners,-8.192296981811523
органоид,панкреас,55,ACH-003013,Necroptosis executioners,-0.9657764434814453
органоид,панкреас,56,ACH-003014,Necroptosis executioners,-4.162637710571289
органоид,панкреас,57,ACH-003015,Necroptosis executioners,5.857782363891602
органоид,панкреас,64,ACH-003031,Necroptosis executioners,-1.7837982177734375
органоид,панкреас,65,ACH-003035,Necroptosis executioners,3.3419246673583984
органоид,панкреас,66,ACH-003036,Necroptosis executioners,1.7649917602539062
органоид,панкреас,67,ACH-003039,Necroptosis executioners,2.5655479431152344
органоид,панкреас,68,ACH-003040,Necroptosis executioners,4.60723876953125
органоид,панкреас,69,ACH-003041,Necroptosis executioners,12.694770812988281
органоид,панкреас,70,ACH-003044,Necroptosis executioners,4.587091445922852
органоид,панкреас,71,ACH-003045,Necroptosis executioners,4.247261047363281
органоид,панкреас,72,ACH-003046,Necroptosis executioners,-1.4580650329589844
органоид,панкреас,73,ACH-003047,Necroptosis executioners,-0.47818756103515625
органоид,панкреас,79,ACH-003122,Necroptosis executioners,-7.89813232421875
органоид,панкреас,80,ACH-003126,Necroptosis executioners,-6.247318267822266
органоид,панкреас,85,ACH-003193,Necroptosis executioners,-4.3668060302734375
органоид,панкреас,89,ACH-003331,Necroptosis executioners,-6.810123443603516
органоид,панкреас,96,ACH-003341,Necroptosis executioners,4.783876419067383
органоид,панкреас,97,ACH-003342,Necroptosis executioners,-0.35057830810546875
органоид,панкреас,109,ACH-003369,Necroptosis executioners,-4.064582824707031
органоид,панкреас,110,ACH-003370,Necroptosis executioners,-1.3956031799316406
органоид,панкреас,111,ACH-003371,Necroptosis executioners,-2.605844497680664
органоид,панкреас,112,ACH-003373,Necroptosis executioners,-2.8059844970703125
органоид,панкреас,114,ACH-003378,Necroptosis executioners,-9.180900573730469
органоид,панкреас,115,ACH-003379,Necroptosis executioners,2.7885284423828125
органоид,панкреас,116,ACH-003380,Necroptosis executioners,-5.600553512573242
органоид,панкреас,117,ACH-003382,Necroptosis executioners,-5.347354888916016
органоид,панкреас,131,ACH-003432,Necroptosis executioners,-13.037284851074219
органоид,панкреас,132,ACH-003434,Necroptosis executioners,-11.497957229614258
органоид,панкреас,133,ACH-003466,Necroptosis executioners,-0.47281646728515625
органоид,панкреас,134,ACH-003467,Necroptosis executioners,-13.05340576171875
органоид,панкреас,135,ACH-003477,Necroptosis executioners,-13.375776290893555
органоид,панкреас,136,ACH-003479,Necroptosis executioners,-3.5581893920898438
органоид,панкреас,0,ACH-002421,Necroptosis initiators,5.853752136230469
органоид,панкреас,1,ACH-002424,Necroptosis initiators,20.892433166503906
органоид,панкреас,2,ACH-002426,Necroptosis initiators,7.261444091796875
органоид,панкреас,3,ACH-002448,Necroptosis initiators,0.5910148620605469
органоид,панкреас,11,ACH-002738,Necroptosis initiators,-1.3915748596191406
органоид,панкреас,12,ACH-002742,Necroptosis initiators,4.626049041748047
органоид,панкреас,13,ACH-002743,Necroptosis initiators,-1.8805084228515625
органоид,панкреас,14,ACH-002744,Necroptosis initiators,9.311199188232422
органоид,панкреас,15,ACH-002745,Necroptosis initiators,1.5581340789794922
органоид,панкреас,47,ACH-002999,Necroptosis initiators,-2.444660186767578
органоид,панкреас,48,ACH-003000,Necroptosis initiators,5.791961669921875
органоид,панкреас,55,ACH-003013,Necroptosis initiators,8.102302551269531
органоид,панкреас,56,ACH-003014,Necroptosis initiators,-3.041046142578125
органоид,панкреас,57,ACH-003015,Necroptosis initiators,12.642379760742188
органоид,панкреас,64,ACH-003031,Necroptosis initiators,2.6461410522460938
органоид,панкреас,65,ACH-003035,Necroptosis initiators,-0.5614662170410156
органоид,панкреас,66,ACH-003036,Necroptosis initiators,-2.4876441955566406
органоид,панкреас,67,ACH-003039,Necroptosis initiators,3.4950637817382812
органоид,панкреас,68,ACH-003040,Necroptosis initiators,-5.488391876220703
органоид,панкреас,69,ACH-003041,Necroptosis initiators,1.5285835266113281
органоид,панкреас,70,ACH-003044,Necroptosis initiators,0.3975944519042969
органоид,панкреас,71,ACH-003045,Necroptosis initiators,6.756397247314453
органоид,панкреас,72,ACH-003046,Necroptosis initiators,1.9234886169433594
органоид,панкреас,73,ACH-003047,Necroptosis initiators,10.810230255126953
органоид,панкреас,79,ACH-003122,Necroptosis initiators,10.200408935546875
органоид,панкреас,80,ACH-003126,Necroptosis initiators,-6.009563446044922
органоид,панкреас,85,ACH-003193,Necroptosis initiators,-1.2250137329101562
органоид,панкреас,89,ACH-003331,Necroptosis initiators,-2.7079315185546875
органоид,панкреас,96,ACH-003341,Necroptosis initiators,3.035675048828125
органоид,панкреас,97,ACH-003342,Necroptosis initiators,0.9671173095703125
органоид,панкреас,109,ACH-003369,Necroptosis initiators,-1.7327537536621094
органоид,панкреас,110,ACH-003370,Necroptosis initiators,-0.08596420288085938
органоид,панкреас,111,ACH-003371,Necroptosis initiators,1.3271026611328125
органоид,панкреас,112,ACH-003373,Necroptosis initiators,4.024286270141602
органоид,панкреас,114,ACH-003378,Necroptosis initiators,-4.5535125732421875
органоид,панкреас,115,ACH-003379,Necroptosis initiators,8.301095962524414
органоид,панкреас,116,ACH-003380,Necroptosis initiators,0.4647560119628906
органоид,панкреас,117,ACH-003382,Necroptosis initiators,7.3097991943359375
органоид,панкреас,131,ACH-003432,Necroptosis initiators,5.609283447265625
органоид,панкреас,132,ACH-003434,Necroptosis initiators,4.206962585449219
органоид,панкреас,133,ACH-003466,Necroptosis initiators,1.5044059753417969
органоид,панкреас,134,ACH-003467,Necroptosis initiators,-2.605846405029297
органоид,панкреас,135,ACH-003477,Necroptosis initiators,10.052650451660156
органоид,панкреас,136,ACH-003479,Necroptosis initiators,-0.44326210021972656
органоид,панкреас,0,ACH-002421,Pyroptosis executioners,28.33118438720703
органоид,панкреас,1,ACH-002424,Pyroptosis executioners,3.9544448852539062
органоид,панкреас,2,ACH-002426,Pyroptosis executioners,3.7395248413085938
органоид,панкреас,3,ACH-002448,Pyroptosis executioners,1.1014404296875
органоид,панкреас,11,ACH-002738,Pyroptosis executioners,-5.037071228027344
органоид,панкреас,12,ACH-002742,Pyroptosis executioners,5.152595520019531
органоид,панкреас,13,ACH-002743,Pyroptosis executioners,-3.2586517333984375
органоид,панкреас,14,ACH-002744,Pyroptosis executioners,-1.555450439453125
органоид,панкреас,15,ACH-002745,Pyroptosis executioners,3.5595321655273438
органоид,панкреас,47,ACH-002999,Pyroptosis executioners,-16.817108154296875
органоид,панкреас,48,ACH-003000,Pyroptosis executioners,-18.783580780029297
органоид,панкреас,55,ACH-003013,Pyroptosis executioners,3.9732437133789062
органоид,панкреас,56,ACH-003014,Pyroptosis executioners,-9.778636932373047
органоид,панкреас,57,ACH-003015,Pyroptosis executioners,-8.204383850097656
органоид,панкреас,64,ACH-003031,Pyroptosis executioners,1.3056068420410156
органоид,панкреас,65,ACH-003035,Pyroptosis executioners,3.2882041931152344
органоид,панкреас,66,ACH-003036,Pyroptosis executioners,6.546852111816406
органоид,панкреас,67,ACH-003039,Pyroptosis executioners,0.24177932739257812
органоид,панкреас,68,ACH-003040,Pyroptosis executioners,-1.1095008850097656
органоид,панкреас,69,ACH-003041,Pyroptosis executioners,12.827747344970703
органоид,панкреас,70,ACH-003044,Pyroptosis executioners,-2.7562904357910156
органоид,панкреас,71,ACH-003045,Pyroptosis executioners,-7.616050720214844
органоид,панкреас,72,ACH-003046,Pyroptosis executioners,-3.0491104125976562
органоид,панкреас,73,ACH-003047,Pyroptosis executioners,3.8899612426757812
органоид,панкреас,79,ACH-003122,Pyroptosis executioners,-1.8052864074707031
органоид,панкреас,80,ACH-003126,Pyroptosis executioners,-11.425426483154297
органоид,панкреас,85,ACH-003193,Pyroptosis executioners,0.2310333251953125
органоид,панкреас,89,ACH-003331,Pyroptosis executioners,-1.4345550537109375
органоид,панкреас,96,ACH-003341,Pyroptosis executioners,2.1357192993164062
органоид,панкреас,97,ACH-003342,Pyroptosis executioners,2.5736160278320312
органоид,панкреас,109,ACH-003369,Pyroptosis executioners,-12.003013610839844
органоид,панкреас,110,ACH-003370,Pyroptosis executioners,-3.6616134643554688
органоид,панкреас,111,ACH-003371,Pyroptosis executioners,3.7099685668945312
органоид,панкреас,112,ACH-003373,Pyroptosis executioners,2.6434555053710938
органоид,панкреас,114,ACH-003378,Pyroptosis executioners,-1.1578598022460938
органоид,панкреас,115,ACH-003379,Pyroptosis executioners,4.123680114746094
органоид,панкреас,116,ACH-003380,Pyroptosis executioners,1.5151519775390625
органоид,панкреас,117,ACH-003382,Pyroptosis executioners,1.2894935607910156
органоид,панкреас,131,ACH-003432,Pyroptosis executioners,14.880180358886719
органоид,панкреас,132,ACH-003434,Pyroptosis executioners,10.19503402709961
органоид,панкреас,133,ACH-003466,Pyroptosis executioners,-0.0376129150390625
органоид,панкреас,134,ACH-003467,Pyroptosis executioners,-3.4225234985351562
органоид,панкреас,135,ACH-003477,Pyroptosis executioners,6.562965393066406
органоид,панкреас,136,ACH-003479,Pyroptosis executioners,21.177200317382812
органоид,панкреас,0,ACH-002421,Pyroptosis initiators,-1.002044677734375
органоид,панкреас,1,ACH-002424,Pyroptosis initiators,-1.0772628784179688
органоид,панкреас,2,ACH-002426,Pyroptosis initiators,1.1256160736083984
органоид,панкреас,3,ACH-002448,Pyroptosis initiators,1.2169570922851562
органоид,панкреас,11,ACH-002738,Pyroptosis initiators,-5.754350662231445
органоид,панкреас,12,ACH-002742,Pyroptosis initiators,-7.339351654052734
органоид,панкреас,13,ACH-002743,Pyroptosis initiators,-9.485816955566406
органоид,панкреас,14,ACH-002744,Pyroptosis initiators,0.0
органоид,панкреас,15,ACH-002745,Pyroptosis initiators,0.42714691162109375
органоид,панкреас,47,ACH-002999,Pyroptosis initiators,-6.423274993896484
органоид,панкреас,48,ACH-003000,Pyroptosis initiators,5.026325225830078
органоид,панкреас,55,ACH-003013,Pyroptosis initiators,-9.074790954589844
органоид,панкреас,56,ACH-003014,Pyroptosis initiators,-0.6313114166259766
органоид,панкреас,57,ACH-003015,Pyroptosis initiators,7.20771598815918
органоид,панкреас,64,ACH-003031,Pyroptosis initiators,4.317106246948242
органоид,панкреас,65,ACH-003035,Pyroptosis initiators,3.2667083740234375
органоид,панкреас,66,ACH-003036,Pyroptosis initiators,4.3735198974609375
органоид,панкреас,67,ACH-003039,Pyroptosis initiators,-0.9724922180175781
органоид,панкреас,68,ACH-003040,Pyroptosis initiators,-14.576618194580078
органоид,панкреас,69,ACH-003041,Pyroptosis initiators,0.2283477783203125
органоид,панкреас,70,ACH-003044,Pyroptosis initiators,-1.9073734283447266
органоид,панкреас,71,ACH-003045,Pyroptosis initiators,1.7918548583984375
органоид,панкреас,72,ACH-003046,Pyroptosis initiators,-10.068771362304688
органоид,панкреас,73,ACH-003047,Pyroptosis initiators,3.994731903076172
органоид,панкреас,79,ACH-003122,Pyroptosis initiators,1.8831939697265625
органоид,панкреас,80,ACH-003126,Pyroptosis initiators,-0.8247356414794922
органоид,панкреас,85,ACH-003193,Pyroptosis initiators,-1.0450248718261719
органоид,панкреас,89,ACH-003331,Pyroptosis initiators,-3.3392410278320312
органоид,панкреас,96,ACH-003341,Pyroptosis initiators,-1.3271026611328125
органоид,панкреас,97,ACH-003342,Pyroptosis initiators,-1.7193222045898438
органоид,панкреас,109,ACH-003369,Pyroptosis initiators,-9.257461547851562
органоид,панкреас,110,ACH-003370,Pyroptosis initiators,-13.668598175048828
органоид,панкреас,111,ACH-003371,Pyroptosis initiators,0.0
органоид,панкреас,112,ACH-003373,Pyroptosis initiators,0.73876953125
органоид,панкреас,114,ACH-003378,Pyroptosis initiators,-2.4580936431884766
органоид,панкреас,115,ACH-003379,Pyroptosis initiators,-1.0987472534179688
органоид,панкреас,116,ACH-003380,Pyroptosis initiators,-2.5655517578125
органоид,панкреас,117,ACH-003382,Pyroptosis initiators,2.3425674438476562
органоид,панкреас,131,ACH-003432,Pyroptosis initiators,-0.2901344299316406
органоид,панкреас,132,ACH-003434,Pyroptosis initiators,-1.8831920623779297
органоид,панкреас,133,ACH-003466,Pyroptosis initiators,-0.7548885345458984
органоид,панкреас,134,ACH-003467,Pyroptosis initiators,8.037826538085938
органоид,панкреас,135,ACH-003477,Pyroptosis initiators,6.5710296630859375
органоид,панкреас,136,ACH-003479,Pyroptosis initiators,14.850634574890137
2D,панкреас,1,ACH-001098,Apoptosis executioners,6.06060791015625
2D,панкреас,8,ACH-001375,Apoptosis executioners,5.904792785644531
2D,панкреас,12,ACH-001377,Apoptosis executioners,14.444984436035156
2D,панкреас,13,ACH-000138,Apoptosis executioners,1.5151519775390625
2D,панкреас,32,ACH-000222,Apoptosis executioners,-1.65216064453125
2D,панкреас,39,ACH-000031,Apoptosis executioners,-5.434669494628906
2D,панкреас,42,ACH-000332,Apoptosis executioners,11.855255126953125
2D,панкреас,53,ACH-001382,Apoptosis executioners,7.6832122802734375
2D,панкреас,62,ACH-000213,Apoptosis executioners,6.43133544921875
2D,панкреас,75,ACH-000354,Apoptosis executioners,-6.694610595703125
2D,панкреас,85,ACH-001378,Apoptosis executioners,1.934234619140625
2D,панкреас,89,ACH-000164,Apoptosis executioners,0.10208892822265625
2D,панкреас,95,ACH-000535,Apoptosis executioners,4.96453857421875
2D,панкреас,99,ACH-000178,Apoptosis executioners,-7.900825500488281
2D,панкреас,112,ACH-000517,Apoptosis executioners,-3.2183456420898438
2D,панкреас,115,ACH-000108,Apoptosis executioners,-8.464969635009766
2D,панкреас,117,ACH-002672,Apoptosis executioners,8.483772277832031
2D,панкреас,154,ACH-000107,Apoptosis executioners,7.793365478515625
2D,панкреас,155,ACH-000022,Apoptosis executioners,4.413818359375
2D,панкреас,170,ACH-000235,Apoptosis executioners,7.933052062988281
2D,панкреас,178,ACH-000601,Apoptosis executioners,-10.149368286132812
2D,панкреас,194,ACH-000042,Apoptosis executioners,-4.583061218261719
2D,панкреас,197,ACH-000093,Apoptosis executioners,4.9054412841796875
2D,панкреас,204,ACH-000094,Apoptosis executioners,-2.2942123413085938
2D,панкреас,210,ACH-000205,Apoptosis executioners,-6.2110443115234375
2D,панкреас,213,ACH-000599,Apoptosis executioners,-5.509880065917969
2D,панкреас,219,ACH-000139,Apoptosis executioners,6.310447692871094
2D,панкреас,243,ACH-000270,Apoptosis executioners,-2.3372039794921875
2D,панкреас,245,ACH-000155,Apoptosis executioners,-12.532234191894531
2D,панкреас,251,ACH-001380,Apoptosis executioners,-0.47550201416015625
2D,панкреас,260,ACH-001376,Apoptosis executioners,9.788040161132812
2D,панкреас,263,ACH-002039,Apoptosis executioners,0.56683349609375
2D,панкреас,264,ACH-000118,Apoptosis executioners,-0.6017684936523438
2D,панкреас,265,ACH-000266,Apoptosis executioners,3.48699951171875
2D,панкреас,268,ACH-001999,Apoptosis executioners,9.512680053710938
2D,панкреас,274,ACH-000265,Apoptosis executioners,-5.3755645751953125
2D,панкреас,278,ACH-003433,Apoptosis executioners,-1.7273712158203125
2D,панкреас,289,ACH-000652,Apoptosis executioners,-4.026969909667969
2D,панкреас,294,ACH-000085,Apoptosis executioners,-2.40167236328125
2D,панкреас,299,ACH-000023,Apoptosis executioners,-4.575004577636719
2D,панкреас,309,ACH-000307,Apoptosis executioners,3.5353546142578125
2D,панкреас,310,ACH-000281,Apoptosis executioners,4.6287384033203125
2D,панкреас,312,ACH-000347,Apoptosis executioners,1.7757415771484375
2D,панкреас,344,ACH-001353,Apoptosis executioners,4.891998291015625
2D,панкреас,346,ACH-000060,Apoptosis executioners,1.936920166015625
2D,панкреас,356,ACH-000243,Apoptosis executioners,-2.291534423828125
2D,панкреас,359,ACH-000502,Apoptosis executioners,-1.7327499389648438
2D,панкреас,369,ACH-000468,Apoptosis executioners,-5.700630187988281
2D,панкреас,391,ACH-001379,Apoptosis executioners,-4.6260528564453125
2D,панкреас,392,ACH-000114,Apoptosis executioners,-5.980018615722656
2D,панкреас,393,ACH-000320,Apoptosis executioners,-4.58038330078125
2D,панкреас,399,ACH-000417,Apoptosis executioners,0.48892974853515625
2D,панкреас,1,ACH-001098,Apoptosis initiators,0.25386810302734375
2D,панкреас,8,ACH-001375,Apoptosis initiators,0.16253089904785156
2D,панкреас,12,ACH-001377,Apoptosis initiators,-0.3102836608886719
2D,панкреас,13,ACH-000138,Apoptosis initiators,1.0248775482177734
2D,панкреас,32,ACH-000222,Apoptosis initiators,-0.265960693359375
2D,панкреас,39,ACH-000031,Apoptosis initiators,-2.2122840881347656
2D,панкреас,42,ACH-000332,Apoptosis initiators,-3.4265518188476562
2D,панкреас,53,ACH-001382,Apoptosis initiators,1.4466476440429688
2D,панкреас,62,ACH-000213,Apoptosis initiators,5.204303741455078
2D,панкреас,75,ACH-000354,Apoptosis initiators,-1.7408103942871094
2D,панкреас,85,ACH-001378,Apoptosis initiators,-5.493762969970703
2D,панкреас,89,ACH-000164,Apoptosis initiators,-2.7482223510742188
2D,панкреас,95,ACH-000535,Apoptosis initiators,3.0141830444335938
2D,панкреас,99,ACH-000178,Apoptosis initiators,-1.1074867248535156
2D,панкреас,112,ACH-000517,Apoptosis initiators,1.9852828979492188
2D,панкреас,115,ACH-000108,Apoptosis initiators,-0.9872646331787109
2D,панкреас,117,ACH-002672,Apoptosis initiators,1.4493370056152344
2D,панкреас,154,ACH-000107,Apoptosis initiators,-5.235870361328125
2D,панкреас,155,ACH-000022,Apoptosis initiators,-1.0060691833496094
2D,панкреас,170,ACH-000235,Apoptosis initiators,0.23237228393554688
2D,панкреас,178,ACH-000601,Apoptosis initiators,0.3734130859375
2D,панкреас,194,ACH-000042,Apoptosis initiators,-2.3183937072753906
2D,панкреас,197,ACH-000093,Apoptosis initiators,-0.43654632568359375
2D,панкреас,204,ACH-000094,Apoptosis initiators,3.5447540283203125
2D,панкреас,210,ACH-000205,Apoptosis initiators,1.0208511352539062
2D,панкреас,213,ACH-000599,Apoptosis initiators,-1.28143310546875
2D,панкреас,219,ACH-000139,Apoptosis initiators,-3.102834701538086
2D,панкреас,243,ACH-000270,Apoptosis initiators,-0.5722122192382812
2D,панкреас,245,ACH-000155,Apoptosis initiators,-0.6366844177246094
2D,панкреас,251,ACH-001380,Apoptosis initiators,-0.6957855224609375
2D,панкреас,260,ACH-001376,Apoptosis initiators,1.3378486633300781
2D,панкреас,263,ACH-002039,Apoptosis initiators,0.3304309844970703
2D,панкреас,264,ACH-000118,Apoptosis initiators,-0.4969902038574219
2D,панкреас,265,ACH-000266,Apoptosis initiators,-0.6689186096191406
2D,панкреас,268,ACH-001999,Apoptosis initiators,3.758329391479492
2D,панкреас,274,ACH-000265,Apoptosis initiators,-0.040294647216796875
2D,панкреас,278,ACH-003433,Apoptosis initiators,0.91339111328125
2D,панкреас,289,ACH-000652,Apoptosis initiators,0.11148834228515625
2D,панкреас,294,ACH-000085,Apoptosis initiators,0.9429397583007812
2D,панкреас,299,ACH-000023,Apoptosis initiators,-0.3290863037109375
2D,панкреас,309,ACH-000307,Apoptosis initiators,1.8831977844238281
2D,панкреас,310,ACH-000281,Apoptosis initiators,0.006717681884765625
2D,панкреас,312,ACH-000347,Apoptosis initiators,-1.1296501159667969
2D,панкреас,344,ACH-001353,Apoptosis initiators,3.460132598876953
2D,панкреас,346,ACH-000060,Apoptosis initiators,-3.653553009033203
2D,панкреас,356,ACH-000243,Apoptosis initiators,0.9630889892578125
2D,панкреас,359,ACH-000502,Apoptosis initiators,2.0390090942382812
2D,панкреас,369,ACH-000468,Apoptosis initiators,-1.1753158569335938
2D,панкреас,391,ACH-001379,Apoptosis initiators,0.9698066711425781
2D,панкреас,392,ACH-000114,Apoptosis initiators,0.264617919921875
2D,панкреас,393,ACH-000320,Apoptosis initiators,-0.06984710693359375
2D,панкреас,399,ACH-000417,Apoptosis initiators,-0.7266807556152344
2D,панкреас,1,ACH-001098,BRAKES,0.25789642333984375
2D,панкреас,8,ACH-001375,BRAKES,-2.5856990814208984
2D,панкреас,12,ACH-001377,BRAKES,-1.9490127563476562
2D,панкреас,13,ACH-000138,BRAKES,3.104175567626953
2D,панкреас,32,ACH-000222,BRAKES,2.718677520751953
2D,панкреас,39,ACH-000031,BRAKES,3.84295654296875
2D,панкреас,42,ACH-000332,BRAKES,0.2283477783203125
2D,панкреас,53,ACH-001382,BRAKES,-0.2202911376953125
2D,панкреас,62,ACH-000213,BRAKES,-3.4426727294921875
2D,панкреас,75,ACH-000354,BRAKES,-0.20819854736328125
2D,панкреас,85,ACH-001378,BRAKES,-1.66021728515625
2D,панкреас,89,ACH-000164,BRAKES,-3.9289112091064453
2D,панкреас,95,ACH-000535,BRAKES,-1.0853195190429688
2D,панкреас,99,ACH-000178,BRAKES,-0.09671783447265625
2D,панкреас,112,ACH-000517,BRAKES,2.879863739013672
2D,панкреас,115,ACH-000108,BRAKES,5.163335800170898
2D,панкреас,117,ACH-002672,BRAKES,2.5776405334472656
2D,панкреас,154,ACH-000107,BRAKES,2.0107994079589844
2D,панкреас,155,ACH-000022,BRAKES,-9.186281204223633
2D,панкреас,170,ACH-000235,BRAKES,1.0893535614013672
2D,панкреас,178,ACH-000601,BRAKES,-6.854452133178711
2D,панкреас,194,ACH-000042,BRAKES,1.9745368957519531
2D,панкреас,197,ACH-000093,BRAKES,-0.8099632263183594
2D,панкреас,204,ACH-000094,BRAKES,1.2048683166503906
2D,панкреас,210,ACH-000205,BRAKES,0.5211677551269531
2D,панкреас,213,ACH-000599,BRAKES,0.4660987854003906
2D,панкреас,219,ACH-000139,BRAKES,-0.4728126525878906
2D,панкреас,243,ACH-000270,BRAKES,2.968517303466797
2D,панкреас,245,ACH-000155,BRAKES,-0.02417755126953125
2D,панкреас,251,ACH-001380,BRAKES,1.2438240051269531
2D,панкреас,260,ACH-001376,BRAKES,-1.564849853515625
2D,панкреас,263,ACH-002039,BRAKES,1.5863418579101562
2D,панкреас,264,ACH-000118,BRAKES,-1.3754539489746094
2D,панкреас,265,ACH-000266,BRAKES,4.510532379150391
2D,панкреас,268,ACH-001999,BRAKES,0.48087310791015625
2D,панкреас,274,ACH-000265,BRAKES,-4.125026702880859
2D,панкреас,278,ACH-003433,BRAKES,0.5641498565673828
2D,панкреас,289,ACH-000652,BRAKES,0.6447410583496094
2D,панкреас,294,ACH-000085,BRAKES,1.7864818572998047
2D,панкреас,299,ACH-000023,BRAKES,-3.437297821044922
2D,панкреас,309,ACH-000307,BRAKES,-0.2229766845703125
2D,панкреас,310,ACH-000281,BRAKES,-1.1645698547363281
2D,панкреас,312,ACH-000347,BRAKES,-2.855682373046875
2D,панкреас,344,ACH-001353,BRAKES,0.48355865478515625
2D,панкреас,346,ACH-000060,BRAKES,-0.4728126525878906
2D,панкреас,356,ACH-000243,BRAKES,-2.5319671630859375
2D,панкреас,359,ACH-000502,BRAKES,-3.591771125793457
2D,панкреас,369,ACH-000468,BRAKES,-3.48565673828125
2D,панкреас,391,ACH-001379,BRAKES,1.0725631713867188
2D,панкреас,392,ACH-000114,BRAKES,2.353321075439453
2D,панкреас,393,ACH-000320,BRAKES,-2.235118865966797
2D,панкреас,399,ACH-000417,BRAKES,1.1591949462890625
2D,панкреас,1,ACH-001098,ENTRY adaptors,-4.8409576416015625
2D,панкреас,8,ACH-001375,ENTRY adaptors,1.63067626953125
2D,панкреас,12,ACH-001377,ENTRY adaptors,0.3116302490234375
2D,панкреас,13,ACH-000138,ENTRY adaptors,4.432624816894531
2D,панкреас,32,ACH-000222,ENTRY adaptors,0.49698638916015625
2D,панкреас,39,ACH-000031,ENTRY adaptors,-0.49161529541015625
2D,панкреас,42,ACH-000332,ENTRY adaptors,0.42714691162109375
2D,панкреас,53,ACH-001382,ENTRY adaptors,5.042449951171875
2D,панкреас,62,ACH-000213,ENTRY adaptors,5.6576385498046875
2D,панкреас,75,ACH-000354,ENTRY adaptors,1.6118621826171875
2D,панкреас,85,ACH-001378,ENTRY adaptors,-1.7273788452148438
2D,панкреас,89,ACH-000164,ENTRY adaptors,-5.023643493652344
2D,панкреас,95,ACH-000535,ENTRY adaptors,3.0061264038085938
2D,панкреас,99,ACH-000178,ENTRY adaptors,0.6044464111328125
2D,панкреас,112,ACH-000517,ENTRY adaptors,0.757568359375
2D,панкреас,115,ACH-000108,ENTRY adaptors,-3.0088119506835938
2D,панкреас,117,ACH-002672,ENTRY adaptors,4.9108123779296875
2D,панкреас,154,ACH-000107,ENTRY adaptors,-2.8691177368164062
2D,панкреас,155,ACH-000022,ENTRY adaptors,-5.292285919189453
2D,панкреас,170,ACH-000235,ENTRY adaptors,4.405769348144531
2D,панкреас,178,ACH-000601,ENTRY adaptors,-0.650115966796875
2D,панкреас,194,ACH-000042,ENTRY adaptors,3.1914901733398438
2D,панкреас,197,ACH-000093,ENTRY adaptors,4.771114349365234
2D,панкреас,204,ACH-000094,ENTRY adaptors,0.47281646728515625
2D,панкреас,210,ACH-000205,ENTRY adaptors,-8.156028747558594
2D,панкреас,213,ACH-000599,ENTRY adaptors,-1.0880050659179688
2D,панкреас,219,ACH-000139,ENTRY adaptors,-1.1659164428710938
2D,панкреас,243,ACH-000270,ENTRY adaptors,-5.415859222412109
2D,панкреас,245,ACH-000155,ENTRY adaptors,-3.7072830200195312
2D,панкреас,251,ACH-001380,ENTRY adaptors,-0.822052001953125
2D,панкреас,260,ACH-001376,ENTRY adaptors,3.4789352416992188
2D,панкреас,263,ACH-002039,ENTRY adaptors,-1.740814208984375
2D,панкреас,264,ACH-000118,ENTRY adaptors,-4.158607482910156
2D,панкреас,265,ACH-000266,ENTRY adaptors,4.118309020996094
2D,панкреас,268,ACH-001999,ENTRY adaptors,2.3237686157226562
2D,панкреас,274,ACH-000265,ENTRY adaptors,-11.043952941894531
2D,панкреас,278,ACH-003433,ENTRY adaptors,-3.333873748779297
2D,панкреас,289,ACH-000652,ENTRY adaptors,-6.374919891357422
2D,панкреас,294,ACH-000085,ENTRY adaptors,-3.3526763916015625
2D,панкреас,299,ACH-000023,ENTRY adaptors,-6.756397247314453
2D,панкреас,309,ACH-000307,ENTRY adaptors,1.1363601684570312
2D,панкреас,310,ACH-000281,ENTRY adaptors,0.6662368774414062
2D,панкреас,312,ACH-000347,ENTRY adaptors,-17.63646697998047
2D,панкреас,344,ACH-001353,ENTRY adaptors,5.2842254638671875
2D,панкреас,346,ACH-000060,ENTRY adaptors,0.04836273193359375
2D,панкреас,356,ACH-000243,ENTRY adaptors,3.0920867919921875
2D,панкреас,359,ACH-000502,ENTRY adaptors,6.885345458984375
2D,панкреас,369,ACH-000468,ENTRY adaptors,-1.6817131042480469
2D,панкреас,391,ACH-001379,ENTRY adaptors,1.6172409057617188
2D,панкреас,392,ACH-000114,ENTRY adaptors,7.411884307861328
2D,панкреас,393,ACH-000320,ENTRY adaptors,-2.5171966552734375
2D,панкреас,399,ACH-000417,ENTRY adaptors,4.3815765380859375
2D,панкреас,1,ACH-001098,ENTRY receptors,1.6400680541992188
2D,панкреас,8,ACH-001375,ENTRY receptors,1.8146896362304688
2D,панкреас,12,ACH-001377,ENTRY receptors,-1.8617019653320312
2D,панкреас,13,ACH-000138,ENTRY receptors,-0.2726707458496094
2D,панкреас,32,ACH-000222,ENTRY receptors,5.589130401611328
2D,панкреас,39,ACH-000031,ENTRY receptors,2.4688377380371094
2D,панкреас,42,ACH-000332,ENTRY receptors,-4.92021369934082
2D,панкреас,53,ACH-001382,ENTRY receptors,4.172035217285156
2D,панкреас,62,ACH-000213,ENTRY receptors,-2.5561447143554688
2D,панкреас,75,ACH-000354,ENTRY receptors,-6.706697463989258
2D,панкреас,85,ACH-001378,ENTRY receptors,8.780624389648438
2D,панкреас,89,ACH-000164,ENTRY receptors,-6.593866348266602
2D,панкреас,95,ACH-000535,ENTRY receptors,2.0376625061035156
2D,панкреас,99,ACH-000178,ENTRY receptors,-1.27740478515625
2D,панкреас,112,ACH-000517,ENTRY receptors,2.2646713256835938
2D,панкреас,115,ACH-000108,ENTRY receptors,7.649635314941406
2D,панкреас,117,ACH-002672,ENTRY receptors,-3.6011695861816406
2D,панкреас,154,ACH-000107,ENTRY receptors,4.607242584228516
2D,панкреас,155,ACH-000022,ENTRY receptors,-6.964593887329102
2D,панкреас,170,ACH-000235,ENTRY receptors,3.6179542541503906
2D,панкреас,178,ACH-000601,ENTRY receptors,-4.233833312988281
2D,панкреас,194,ACH-000042,ENTRY receptors,-0.2807350158691406
2D,панкреас,197,ACH-000093,ENTRY receptors,6.679828643798828
2D,панкреас,204,ACH-000094,ENTRY receptors,-4.9148406982421875
2D,панкреас,210,ACH-000205,ENTRY receptors,4.628734588623047
2D,панкреас,213,ACH-000599,ENTRY receptors,4.013538360595703
2D,панкреас,219,ACH-000139,ENTRY receptors,5.867183685302734
2D,панкреас,243,ACH-000270,ENTRY receptors,2.0913925170898438
2D,панкреас,245,ACH-000155,ENTRY receptors,7.030414581298828
2D,панкреас,251,ACH-001380,ENTRY receptors,-6.767141342163086
2D,панкреас,260,ACH-001376,ENTRY receptors,-5.8349456787109375
2D,панкреас,263,ACH-002039,ENTRY receptors,-5.833597183227539
2D,панкреас,264,ACH-000118,ENTRY receptors,-0.3156585693359375
2D,панкреас,265,ACH-000266,ENTRY receptors,4.026969909667969
2D,панкреас,268,ACH-001999,ENTRY receptors,1.8173751831054688
2D,панкреас,274,ACH-000265,ENTRY receptors,-4.0968170166015625
2D,панкреас,278,ACH-003433,ENTRY receptors,0.9590568542480469
2D,панкреас,289,ACH-000652,ENTRY receptors,-1.8388671875
2D,панкреас,294,ACH-000085,ENTRY receptors,3.8174285888671875
2D,панкреас,299,ACH-000023,ENTRY receptors,-5.012899398803711
2D,панкреас,309,ACH-000307,ENTRY receptors,0.5789260864257812
2D,панкреас,310,ACH-000281,ENTRY receptors,-14.512136459350586
2D,панкреас,312,ACH-000347,ENTRY receptors,-17.39335060119629
2D,панкреас,344,ACH-001353,ENTRY receptors,-1.4761962890625
2D,панкреас,346,ACH-000060,ENTRY receptors,-0.8099632263183594
2D,панкреас,356,ACH-000243,ENTRY receptors,-2.5534591674804688
2D,панкреас,359,ACH-000502,ENTRY receptors,-3.251934051513672
2D,панкреас,369,ACH-000468,ENTRY receptors,1.1444168090820312
2D,панкреас,391,ACH-001379,ENTRY receptors,1.2209854125976562
2D,панкреас,392,ACH-000114,ENTRY receptors,4.626049041748047
2D,панкреас,393,ACH-000320,ENTRY receptors,3.9087677001953125
2D,панкреас,399,ACH-000417,ENTRY receptors,-2.2525787353515625
2D,панкреас,1,ACH-001098,Inhibitory signals,1.9946784973144531
2D,панкреас,8,ACH-001375,Inhibitory signals,-7.198312759399414
2D,панкреас,12,ACH-001377,Inhibitory signals,-21.088542938232422
2D,панкреас,13,ACH-000138,Inhibitory signals,5.452131271362305
2D,панкреас,32,ACH-000222,Inhibitory signals,2.288848876953125
2D,панкреас,39,ACH-000031,Inhibitory signals,6.885341644287109
2D,панкреас,42,ACH-000332,Inhibitory signals,-1.4990358352661133
2D,панкреас,53,ACH-001382,Inhibitory signals,-0.10611343383789062
2D,панкреас,62,ACH-000213,Inhibitory signals,2.9785938262939453
2D,панкреас,75,ACH-000354,Inhibitory signals,-3.214323043823242
2D,панкреас,85,ACH-001378,Inhibitory signals,17.81914710998535
2D,панкреас,89,ACH-000164,Inhibitory signals,-19.112667083740234
2D,панкреас,95,ACH-000535,Inhibitory signals,2.8718032836914062
2D,панкреас,99,ACH-000178,Inhibitory signals,2.1988487243652344
2D,панкреас,112,ACH-000517,Inhibitory signals,-0.9778652191162109
2D,панкреас,115,ACH-000108,Inhibitory signals,-5.908823013305664
2D,панкреас,117,ACH-002672,Inhibitory signals,5.903446197509766
2D,панкреас,154,ACH-000107,Inhibitory signals,-0.5278892517089844
2D,панкреас,155,ACH-000022,Inhibitory signals,-12.603425979614258
2D,панкреас,170,ACH-000235,Inhibitory signals,2.3210792541503906
2D,панкреас,178,ACH-000601,Inhibitory signals,-11.790779113769531
2D,панкреас,194,ACH-000042,Inhibitory signals,5.155277252197266
2D,панкреас,197,ACH-000093,Inhibitory signals,7.54217529296875
2D,панкреас,204,ACH-000094,Inhibitory signals,2.3116836547851562
2D,панкреас,210,ACH-000205,Inhibitory signals,-0.6890716552734375
2D,панкреас,213,ACH-000599,Inhibitory signals,-3.1726837158203125
2D,панкреас,219,ACH-000139,Inhibitory signals,11.017087936401367
2D,панкреас,243,ACH-000270,Inhibitory signals,-5.601221084594727
2D,панкреас,245,ACH-000155,Inhibitory signals,0.19879531860351562
2D,панкреас,251,ACH-001380,Inhibitory signals,-12.352246284484863
2D,панкреас,260,ACH-001376,Inhibitory signals,8.086181640625
2D,панкреас,263,ACH-002039,Inhibitory signals,0.7884712219238281
2D,панкреас,264,ACH-000118,Inhibitory signals,2.668977737426758
2D,панкреас,265,ACH-000266,Inhibitory signals,5.202287673950195
2D,панкреас,268,ACH-001999,Inhibitory signals,14.201858520507812
2D,панкреас,274,ACH-000265,Inhibitory signals,-14.771381378173828
2D,панкреас,278,ACH-003433,Inhibitory signals,0.7730255126953125
2D,панкреас,289,ACH-000652,Inhibitory signals,-7.477704048156738
2D,панкреас,294,ACH-000085,Inhibitory signals,-4.436655044555664
2D,панкреас,299,ACH-000023,Inhibitory signals,-17.105899810791016
2D,панкреас,309,ACH-000307,Inhibitory signals,-6.875940322875977
2D,панкреас,310,ACH-000281,Inhibitory signals,-4.760371208190918
2D,панкреас,312,ACH-000347,Inhibitory signals,-22.104022979736328
2D,панкреас,344,ACH-001353,Inhibitory signals,4.593807220458984
2D,панкреас,346,ACH-000060,Inhibitory signals,4.694553375244141
2D,панкреас,356,ACH-000243,Inhibitory signals,1.1430797576904297
2D,панкреас,359,ACH-000502,Inhibitory signals,-1.5218658447265625
2D,панкреас,369,ACH-000468,Inhibitory signals,-2.02960205078125
2D,панкреас,391,ACH-001379,Inhibitory signals,5.364816665649414
2D,панкреас,392,ACH-000114,Inhibitory signals,6.282238006591797
2D,панкреас,393,ACH-000320,Inhibitory signals,-16.80367660522461
2D,панкреас,399,ACH-000417,Inhibitory signals,13.296531677246094
2D,панкреас,1,ACH-001098,MHC-I presentation,-12.1319580078125
2D,панкреас,8,ACH-001375,MHC-I presentation,-1.8133430480957031
2D,панкреас,12,ACH-001377,MHC-I presentation,-30.39840316772461
2D,панкреас,13,ACH-000138,MHC-I presentation,4.995429992675781
2D,панкреас,32,ACH-000222,MHC-I presentation,-0.54266357421875
2D,панкреас,39,ACH-000031,MHC-I presentation,7.3568115234375
2D,панкреас,42,ACH-000332,MHC-I presentation,0.4029693603515625
2D,панкреас,53,ACH-001382,MHC-I presentation,0.4096794128417969
2D,панкреас,62,ACH-000213,MHC-I presentation,2.425853729248047
2D,панкреас,75,ACH-000354,MHC-I presentation,0.19745254516601562
2D,панкреас,85,ACH-001378,MHC-I presentation,5.955829620361328
2D,панкреас,89,ACH-000164,MHC-I presentation,0.6554908752441406
2D,панкреас,95,ACH-000535,MHC-I presentation,1.2545700073242188
2D,панкреас,99,ACH-000178,MHC-I presentation,1.0154800415039062
2D,панкреас,112,ACH-000517,MHC-I presentation,2.5077953338623047
2D,панкреас,115,ACH-000108,MHC-I presentation,1.0692024230957031
2D,панкреас,117,ACH-002672,MHC-I presentation,-7.923648834228516
2D,панкреас,154,ACH-000107,MHC-I presentation,0.7844390869140625
2D,панкреас,155,ACH-000022,MHC-I presentation,-13.387866973876953
2D,панкреас,170,ACH-000235,MHC-I presentation,3.7180328369140625
2D,панкреас,178,ACH-000601,MHC-I presentation,-9.993555068969727
2D,панкреас,194,ACH-000042,MHC-I presentation,1.3888931274414062
2D,панкреас,197,ACH-000093,MHC-I presentation,1.8737907409667969
2D,панкреас,204,ACH-000094,MHC-I presentation,1.4103813171386719
2D,панкреас,210,ACH-000205,MHC-I presentation,-1.5487327575683594
2D,панкреас,213,ACH-000599,MHC-I presentation,0.6071357727050781
2D,панкреас,219,ACH-000139,MHC-I presentation,5.4763031005859375
2D,панкреас,243,ACH-000270,MHC-I presentation,-18.381959915161133
2D,панкреас,245,ACH-000155,MHC-I presentation,3.1820907592773438
2D,панкреас,251,ACH-001380,MHC-I presentation,2.5736083984375
2D,панкреас,260,ACH-001376,MHC-I presentation,7.035785675048828
2D,панкреас,263,ACH-002039,MHC-I presentation,-12.655815124511719
2D,панкреас,264,ACH-000118,MHC-I presentation,-1.0141334533691406
2D,панкреас,265,ACH-000266,MHC-I presentation,3.5702781677246094
2D,панкреас,268,ACH-001999,MHC-I presentation,3.5662460327148438
2D,панкреас,274,ACH-000265,MHC-I presentation,-5.405113220214844
2D,панкреас,278,ACH-003433,MHC-I presentation,-4.464855194091797
2D,панкреас,289,ACH-000652,MHC-I presentation,-4.826190948486328
2D,панкреас,294,ACH-000085,MHC-I presentation,-0.818023681640625
2D,панкреас,299,ACH-000023,MHC-I presentation,-5.900764465332031
2D,панкреас,309,ACH-000307,MHC-I presentation,-5.536750793457031
2D,панкреас,310,ACH-000281,MHC-I presentation,-0.5829582214355469
2D,панкреас,312,ACH-000347,MHC-I presentation,-20.069040298461914
2D,панкреас,344,ACH-001353,MHC-I presentation,4.064582824707031
2D,панкреас,346,ACH-000060,MHC-I presentation,4.630077362060547
2D,панкреас,356,ACH-000243,MHC-I presentation,-4.087413787841797
2D,панкреас,359,ACH-000502,MHC-I presentation,4.215023040771484
2D,панкреас,369,ACH-000468,MHC-I presentation,0.48087310791015625
2D,панкреас,391,ACH-001379,MHC-I presentation,-16.32414436340332
2D,панкреас,392,ACH-000114,MHC-I presentation,8.914947509765625
2D,панкреас,393,ACH-000320,MHC-I presentation,0.34386444091796875
2D,панкреас,399,ACH-000417,MHC-I presentation,0.5668373107910156
2D,панкреас,1,ACH-001098,NK activating ligands,-8.056631088256836
2D,панкреас,8,ACH-001375,NK activating ligands,2.076618194580078
2D,панкреас,12,ACH-001377,NK activating ligands,-4.26875114440918
2D,панкреас,13,ACH-000138,NK activating ligands,-3.1122398376464844
2D,панкреас,32,ACH-000222,NK activating ligands,-4.896034240722656
2D,панкреас,39,ACH-000031,NK activating ligands,12.626256942749023
2D,панкреас,42,ACH-000332,NK activating ligands,-1.3593406677246094
2D,панкреас,53,ACH-001382,NK activating ligands,0.7723503112792969
2D,панкреас,62,ACH-000213,NK activating ligands,7.876638412475586
2D,панкреас,75,ACH-000354,NK activating ligands,2.5830116271972656
2D,панкреас,85,ACH-001378,NK activating ligands,-0.9590587615966797
2D,панкреас,89,ACH-000164,NK activating ligands,-0.1893939971923828
2D,панкреас,95,ACH-000535,NK activating ligands,8.866592407226562
2D,панкреас,99,ACH-000178,NK activating ligands,-3.043731689453125
2D,панкреас,112,ACH-000517,NK activating ligands,6.235223770141602
2D,панкреас,115,ACH-000108,NK activating ligands,-1.2129287719726562
2D,панкреас,117,ACH-002672,NK activating ligands,-2.2284011840820312
2D,панкреас,154,ACH-000107,NK activating ligands,1.0530834197998047
2D,панкреас,155,ACH-000022,NK activating ligands,-8.795402526855469
2D,панкреас,170,ACH-000235,NK activating ligands,3.2344703674316406
2D,панкреас,178,ACH-000601,NK activating ligands,-3.9101123809814453
2D,панкреас,194,ACH-000042,NK activating ligands,-4.599181175231934
2D,панкреас,197,ACH-000093,NK activating ligands,2.5964431762695312
2D,панкреас,204,ACH-000094,NK activating ligands,-1.4560489654541016
2D,панкреас,210,ACH-000205,NK activating ligands,3.2519359588623047
2D,панкреас,213,ACH-000599,NK activating ligands,0.5063934326171875
2D,панкреас,219,ACH-000139,NK activating ligands,1.523214340209961
2D,панкреас,243,ACH-000270,NK activating ligands,-5.333924293518066
2D,панкреас,245,ACH-000155,NK activating ligands,-0.19745254516601562
2D,панкреас,251,ACH-001380,NK activating ligands,2.6864376068115234
2D,панкреас,260,ACH-001376,NK activating ligands,-3.5931148529052734
2D,панкреас,263,ACH-002039,NK activating ligands,3.8093700408935547
2D,панкреас,264,ACH-000118,NK activating ligands,0.5184841156005859
2D,панкреас,265,ACH-000266,NK activating ligands,0.7669773101806641
2D,панкреас,268,ACH-001999,NK activating ligands,7.704708099365234
2D,панкреас,274,ACH-000265,NK activating ligands,-8.078121185302734
2D,панкреас,278,ACH-003433,NK activating ligands,-7.02906608581543
2D,панкреас,289,ACH-000652,NK activating ligands,-2.511821746826172
2D,панкреас,294,ACH-000085,NK activating ligands,1.5782794952392578
2D,панкреас,299,ACH-000023,NK activating ligands,2.9523963928222656
2D,панкреас,309,ACH-000307,NK activating ligands,1.3244152069091797
2D,панкреас,310,ACH-000281,NK activating ligands,-7.336668014526367
2D,панкреас,312,ACH-000347,NK activating ligands,-4.079355239868164
2D,панкреас,344,ACH-001353,NK activating ligands,6.470287322998047
2D,панкреас,346,ACH-000060,NK activating ligands,-1.3956069946289062
2D,панкреас,356,ACH-000243,NK activating ligands,6.522670745849609
2D,панкреас,359,ACH-000502,NK activating ligands,-0.8542881011962891
2D,панкреас,369,ACH-000468,NK activating ligands,7.245326995849609
2D,панкреас,391,ACH-001379,NK activating ligands,-0.04163932800292969
2D,панкреас,392,ACH-000114,NK activating ligands,8.587200164794922
2D,панкреас,393,ACH-000320,NK activating ligands,0.7965316772460938
2D,панкреас,399,ACH-000417,NK activating ligands,3.9060821533203125
2D,панкреас,1,ACH-001098,Necroptosis executioners,-11.84585189819336
2D,панкреас,8,ACH-001375,Necroptosis executioners,-4.45411491394043
2D,панкреас,12,ACH-001377,Necroptosis executioners,-10.880075454711914
2D,панкреас,13,ACH-000138,Necroptosis executioners,0.6353416442871094
2D,панкреас,32,ACH-000222,Necroptosis executioners,-1.7072315216064453
2D,панкреас,39,ACH-000031,Necroptosis executioners,-4.789920806884766
2D,панкреас,42,ACH-000332,Necroptosis executioners,-4.678432464599609
2D,панкреас,53,ACH-001382,Necroptosis executioners,3.247905731201172
2D,панкреас,62,ACH-000213,Necroptosis executioners,-2.3452625274658203
2D,панкреас,75,ACH-000354,Necroptosis executioners,0.2686424255371094
2D,панкреас,85,ACH-001378,Necroptosis executioners,11.7598876953125
2D,панкреас,89,ACH-000164,Necroptosis executioners,-2.3586902618408203
2D,панкреас,95,ACH-000535,Necroptosis executioners,4.960512161254883
2D,панкреас,99,ACH-000178,Necroptosis executioners,2.753599166870117
2D,панкреас,112,ACH-000517,Necroptosis executioners,-6.47297477722168
2D,панкреас,115,ACH-000108,Necroptosis executioners,5.934345245361328
2D,панкреас,117,ACH-002672,Necroptosis executioners,-8.957927703857422
2D,панкреас,154,ACH-000107,Necroptosis executioners,-2.8254661560058594
2D,панкреас,155,ACH-000022,Necroptosis executioners,2.2136287689208984
2D,панкреас,170,ACH-000235,Necroptosis executioners,2.8691158294677734
2D,панкреас,178,ACH-000601,Necroptosis executioners,0.6333236694335938
2D,панкреас,194,ACH-000042,Necroptosis executioners,7.640237808227539
2D,панкреас,197,ACH-000093,Necroptosis executioners,4.012197494506836
2D,панкреас,204,ACH-000094,Necroptosis executioners,9.707443237304688
2D,панкреас,210,ACH-000205,Necroptosis executioners,3.9450340270996094
2D,панкреас,213,ACH-000599,Necroptosis executioners,5.748981475830078
2D,панкреас,219,ACH-000139,Necroptosis executioners,-3.2062644958496094
2D,панкреас,243,ACH-000270,Necroptosis executioners,-4.326505661010742
2D,панкреас,245,ACH-000155,Necroptosis executioners,-3.117612838745117
2D,панкреас,251,ACH-001380,Necroptosis executioners,-9.053302764892578
2D,панкреас,260,ACH-001376,Necroptosis executioners,-2.2566051483154297
2D,панкреас,263,ACH-002039,Necroptosis executioners,-0.2182769775390625
2D,панкреас,264,ACH-000118,Necroptosis executioners,8.396461486816406
2D,панкреас,265,ACH-000266,Necroptosis executioners,-10.479795455932617
2D,панкреас,268,ACH-001999,Necroptosis executioners,-2.8691158294677734
2D,панкреас,274,ACH-000265,Necroptosis executioners,-7.736944198608398
2D,панкреас,278,ACH-003433,Necroptosis executioners,-7.4938201904296875
2D,панкреас,289,ACH-000652,Necroptosis executioners,4.893348693847656
2D,панкреас,294,ACH-000085,Necroptosis executioners,10.80620002746582
2D,панкреас,299,ACH-000023,Necroptosis executioners,1.6629066467285156
2D,панкреас,309,ACH-000307,Necroptosis executioners,8.421985626220703
2D,панкреас,310,ACH-000281,Necroptosis executioners,-13.551738739013672
2D,панкреас,312,ACH-000347,Necroptosis executioners,-13.835159301757812
2D,панкреас,344,ACH-001353,Necroptosis executioners,-3.255962371826172
2D,панкреас,346,ACH-000060,Necroptosis executioners,5.849720001220703
2D,панкреас,356,ACH-000243,Necroptosis executioners,13.620246887207031
2D,панкреас,359,ACH-000502,Necroptosis executioners,0.11954689025878906
2D,панкреас,369,ACH-000468,Necroptosis executioners,-5.209005355834961
2D,панкреас,391,ACH-001379,Necroptosis executioners,1.7757377624511719
2D,панкреас,392,ACH-000114,Necroptosis executioners,-4.0901031494140625
2D,панкреас,393,ACH-000320,Necroptosis executioners,11.046638488769531
2D,панкреас,399,ACH-000417,Necroptosis executioners,2.326456069946289
2D,панкреас,1,ACH-001098,Necroptosis initiators,-0.4110260009765625
2D,панкреас,8,ACH-001375,Necroptosis initiators,-2.546741485595703
2D,панкреас,12,ACH-001377,Necroptosis initiators,0.5023651123046875
2D,панкреас,13,ACH-000138,Necroptosis initiators,8.493179321289062
2D,панкреас,32,ACH-000222,Necroptosis initiators,9.241348266601562
2D,панкреас,39,ACH-000031,Necroptosis initiators,-3.7851905822753906
2D,панкреас,42,ACH-000332,Necroptosis initiators,1.5447006225585938
2D,панкреас,53,ACH-001382,Necroptosis initiators,6.546852111816406
2D,панкреас,62,ACH-000213,Necroptosis initiators,7.014289855957031
2D,панкреас,75,ACH-000354,Necroptosis initiators,-3.86041259765625
2D,панкреас,85,ACH-001378,Necroptosis initiators,15.745220184326172
2D,панкреас,89,ACH-000164,Necroptosis initiators,-2.7697181701660156
2D,панкреас,95,ACH-000535,Necroptosis initiators,3.8120555877685547
2D,панкреас,99,ACH-000178,Necroptosis initiators,-4.685148239135742
2D,панкреас,112,ACH-000517,Necroptosis initiators,-2.4070472717285156
2D,панкреас,115,ACH-000108,Necroptosis initiators,-21.57210350036621
2D,панкреас,117,ACH-002672,Necroptosis initiators,13.781431198120117
2D,панкреас,154,ACH-000107,Necroptosis initiators,0.9107036590576172
2D,панкреас,155,ACH-000022,Necroptosis initiators,-1.6843948364257812
2D,панкреас,170,ACH-000235,Necroptosis initiators,9.397163391113281
2D,панкреас,178,ACH-000601,Necroptosis initiators,-13.163551330566406
2D,панкреас,194,ACH-000042,Necroptosis initiators,-0.19342422485351562
2D,панкреас,197,ACH-000093,Necroptosis initiators,9.195680618286133
2D,панкреас,204,ACH-000094,Necroptosis initiators,3.3123779296875
2D,панкреас,210,ACH-000205,Necroptosis initiators,0.3787879943847656
2D,панкреас,213,ACH-000599,Necroptosis initiators,-9.233291625976562
2D,панкреас,219,ACH-000139,Necroptosis initiators,6.721466064453125
2D,панкреас,243,ACH-000270,Necroptosis initiators,-1.1471099853515625
2D,панкреас,245,ACH-000155,Necroptosis initiators,-3.092090606689453
2D,панкреас,251,ACH-001380,Necroptosis initiators,-5.534063339233398
2D,панкреас,260,ACH-001376,Necroptosis initiators,8.994194030761719
2D,панкреас,263,ACH-002039,Necroptosis initiators,-6.06329345703125
2D,панкреас,264,ACH-000118,Necroptosis initiators,-6.436708450317383
2D,панкреас,265,ACH-000266,Necroptosis initiators,4.2606964111328125
2D,панкреас,268,ACH-001999,Necroptosis initiators,11.782720565795898
2D,панкреас,274,ACH-000265,Necroptosis initiators,-15.363744735717773
2D,панкреас,278,ACH-003433,Necroptosis initiators,7.54351806640625
2D,панкреас,289,ACH-000652,Necroptosis initiators,-3.1108970642089844
2D,панкреас,294,ACH-000085,Necroptosis initiators,-5.9209136962890625
2D,панкреас,299,ACH-000023,Necroptosis initiators,-22.267892837524414
2D,панкреас,309,ACH-000307,Necroptosis initiators,-5.491081237792969
2D,панкреас,310,ACH-000281,Necroptosis initiators,-9.098968505859375
2D,панкреас,312,ACH-000347,Necroptosis initiators,-23.020095825195312
2D,панкреас,344,ACH-001353,Necroptosis initiators,7.059961318969727
2D,панкреас,346,ACH-000060,Necroptosis initiators,2.213623046875
2D,панкреас,356,ACH-000243,Necroptosis initiators,-1.5970878601074219
2D,панкреас,359,ACH-000502,Necroptosis initiators,-1.689767837524414
2D,панкреас,369,ACH-000468,Necroptosis initiators,-11.385128021240234
2D,панкреас,391,ACH-001379,Necroptosis initiators,-3.884593963623047
2D,панкреас,392,ACH-000114,Necroptosis initiators,9.9237060546875
2D,панкреас,393,ACH-000320,Necroptosis initiators,-21.601654052734375
2D,панкреас,399,ACH-000417,Necroptosis initiators,1.740814208984375
2D,панкреас,1,ACH-001098,Pyroptosis executioners,-3.0571670532226562
2D,панкреас,8,ACH-001375,Pyroptosis executioners,1.012786865234375
2D,панкреас,12,ACH-001377,Pyroptosis executioners,-18.91252899169922
2D,панкреас,13,ACH-000138,Pyroptosis executioners,12.05405044555664
2D,панкреас,32,ACH-000222,Pyroptosis executioners,5.912849426269531
2D,панкреас,39,ACH-000031,Pyroptosis executioners,9.222549438476562
2D,панкреас,42,ACH-000332,Pyroptosis executioners,19.08715057373047
2D,панкреас,53,ACH-001382,Pyroptosis executioners,1.7005157470703125
2D,панкреас,62,ACH-000213,Pyroptosis executioners,18.651947021484375
2D,панкреас,75,ACH-000354,Pyroptosis executioners,0.07521820068359375
2D,панкреас,85,ACH-001378,Pyroptosis executioners,4.012199401855469
2D,панкреас,89,ACH-000164,Pyroptosis executioners,-18.39405059814453
2D,панкреас,95,ACH-000535,Pyroptosis executioners,-9.993553161621094
2D,панкреас,99,ACH-000178,Pyroptosis executioners,-9.652374267578125
2D,панкреас,112,ACH-000517,Pyroptosis executioners,-0.2390899658203125
2D,панкреас,115,ACH-000108,Pyroptosis executioners,-6.8450469970703125
2D,панкреас,117,ACH-002672,Pyroptosis executioners,0.6904144287109375
2D,панкреас,154,ACH-000107,Pyroptosis executioners,-0.9671173095703125
2D,панкреас,155,ACH-000022,Pyroptosis executioners,4.427253723144531
2D,панкреас,170,ACH-000235,Pyroptosis executioners,-4.463523864746094
2D,панкреас,178,ACH-000601,Pyroptosis executioners,-3.1565628051757812
2D,панкреас,194,ACH-000042,Pyroptosis executioners,2.936279296875
2D,панкреас,197,ACH-000093,Pyroptosis executioners,2.2485504150390625
2D,панкреас,204,ACH-000094,Pyroptosis executioners,-1.0826339721679688
2D,панкреас,210,ACH-000205,Pyroptosis executioners,0.9966659545898438
2D,панкреас,213,ACH-000599,Pyroptosis executioners,-5.641521453857422
2D,панкреас,219,ACH-000139,Pyroptosis executioners,0.9617462158203125
2D,панкреас,243,ACH-000270,Pyroptosis executioners,6.447456359863281
2D,панкреас,245,ACH-000155,Pyroptosis executioners,-6.603263854980469
2D,панкреас,251,ACH-001380,Pyroptosis executioners,-3.0679168701171875
2D,панкреас,260,ACH-001376,Pyroptosis executioners,3.0598602294921875
2D,панкреас,263,ACH-002039,Pyroptosis executioners,-6.630126953125
2D,панкреас,264,ACH-000118,Pyroptosis executioners,-2.7428512573242188
2D,панкреас,265,ACH-000266,Pyroptosis executioners,4.137115478515625
2D,панкреас,268,ACH-001999,Pyroptosis executioners,-2.7750892639160156
2D,панкреас,274,ACH-000265,Pyroptosis executioners,-7.603965759277344
2D,панкреас,278,ACH-003433,Pyroptosis executioners,10.963359832763672
2D,панкреас,289,ACH-000652,Pyroptosis executioners,-1.0477142333984375
2D,панкреас,294,ACH-000085,Pyroptosis executioners,2.498382568359375
2D,панкреас,299,ACH-000023,Pyroptosis executioners,-1.1336822509765625
2D,панкреас,309,ACH-000307,Pyroptosis executioners,-5.3916778564453125
2D,панкреас,310,ACH-000281,Pyroptosis executioners,-8.131851196289062
2D,панкреас,312,ACH-000347,Pyroptosis executioners,-11.197074890136719
2D,панкреас,344,ACH-001353,Pyroptosis executioners,1.396942138671875
2D,панкреас,346,ACH-000060,Pyroptosis executioners,-3.570281982421875
2D,панкреас,356,ACH-000243,Pyroptosis executioners,0.9832382202148438
2D,панкреас,359,ACH-000502,Pyroptosis executioners,1.1094970703125
2D,панкреас,369,ACH-000468,Pyroptosis executioners,1.1148681640625
2D,панкреас,391,ACH-001379,Pyroptosis executioners,-10.544273376464844
2D,панкреас,392,ACH-000114,Pyroptosis executioners,26.87244415283203
2D,панкреас,393,ACH-000320,Pyroptosis executioners,-0.56146240234375
2D,панкреас,399,ACH-000417,Pyroptosis executioners,-8.360198974609375
2D,панкреас,1,ACH-001098,Pyroptosis initiators,-4.08338737487793
2D,панкреас,8,ACH-001375,Pyroptosis initiators,0.0
2D,панкреас,12,ACH-001377,Pyroptosis initiators,-16.406082153320312
2D,панкреас,13,ACH-000138,Pyroptosis initiators,1.2196464538574219
2D,панкреас,32,ACH-000222,Pyroptosis initiators,0.6957855224609375
2D,панкреас,39,ACH-000031,Pyroptosis initiators,1.1578559875488281
2D,панкреас,42,ACH-000332,Pyroptosis initiators,3.8013153076171875
2D,панкреас,53,ACH-001382,Pyroptosis initiators,2.5279388427734375
2D,панкреас,62,ACH-000213,Pyroptosis initiators,4.403076171875
2D,панкреас,75,ACH-000354,Pyroptosis initiators,-1.6548480987548828
2D,панкреас,85,ACH-001378,Pyroptosis initiators,10.6651611328125
2D,панкреас,89,ACH-000164,Pyroptosis initiators,-5.155275344848633
2D,панкреас,95,ACH-000535,Pyroptosis initiators,2.914785385131836
2D,панкреас,99,ACH-000178,Pyroptosis initiators,0.48624610900878906
2D,панкреас,112,ACH-000517,Pyroptosis initiators,0.0
2D,панкреас,115,ACH-000108,Pyroptosis initiators,1.7676849365234375
2D,панкреас,117,ACH-002672,Pyroptosis initiators,5.33258056640625
2D,панкреас,154,ACH-000107,Pyroptosis initiators,0.6796646118164062
2D,панкреас,155,ACH-000022,Pyroptosis initiators,-2.3506336212158203
2D,панкреас,170,ACH-000235,Pyroptosis initiators,-0.9026412963867188
2D,панкреас,178,ACH-000601,Pyroptosis initiators,-0.3546142578125
2D,панкреас,194,ACH-000042,Pyroptosis initiators,2.4231719970703125
2D,панкреас,197,ACH-000093,Pyroptosis initiators,4.432624816894531
2D,панкреас,204,ACH-000094,Pyroptosis initiators,0.0456695556640625
2D,панкреас,210,ACH-000205,Pyroptosis initiators,-3.833547592163086
2D,панкреас,213,ACH-000599,Pyroptosis initiators,-1.5124664306640625
2D,панкреас,219,ACH-000139,Pyroptosis initiators,-0.6151885986328125
2D,панкреас,243,ACH-000270,Pyroptosis initiators,0.0
2D,панкреас,245,ACH-000155,Pyroptosis initiators,-0.47818756103515625
2D,панкреас,251,ACH-001380,Pyroptosis initiators,0.9348793029785156
2D,панкреас,260,ACH-001376,Pyroptosis initiators,16.301311492919922
2D,панкреас,263,ACH-002039,Pyroptosis initiators,3.727436065673828
2D,панкреас,264,ACH-000118,Pyroptosis initiators,-2.4231643676757812
2D,панкреас,265,ACH-000266,Pyroptosis initiators,-0.4217700958251953
2D,панкреас,268,ACH-001999,Pyroptosis initiators,5.550178527832031
2D,панкреас,274,ACH-000265,Pyroptosis initiators,-7.140553951263428
2D,панкреас,278,ACH-003433,Pyroptosis initiators,-0.639373779296875
2D,панкреас,289,ACH-000652,Pyroptosis initiators,0.0
2D,панкреас,294,ACH-000085,Pyroptosis initiators,10.11712646484375
2D,панкреас,299,ACH-000023,Pyroptosis initiators,-0.8435420989990234
2D,панкреас,309,ACH-000307,Pyroptosis initiators,0.0
2D,панкреас,310,ACH-000281,Pyroptosis initiators,1.4399299621582031
2D,панкреас,312,ACH-000347,Pyroptosis initiators,-3.425210952758789
2D,панкреас,344,ACH-001353,Pyroptosis initiators,12.661186218261719
2D,панкреас,346,ACH-000060,Pyroptosis initiators,0.0
2D,панкреас,356,ACH-000243,Pyroptosis initiators,0.09403228759765625
2D,панкреас,359,ACH-000502,Pyroptosis initiators,0.0
2D,панкреас,369,ACH-000468,Pyroptosis initiators,0.642059326171875
2D,панкреас,391,ACH-001379,Pyroptosis initiators,0.0
2D,панкреас,392,ACH-000114,Pyroptosis initiators,7.132499694824219
2D,панкреас,393,ACH-000320,Pyroptosis initiators,0.18804931640625
2D,панкреас,399,ACH-000417,Pyroptosis initiators,0.0
здоровая,яичник,11,TSP27||Epithelium,Apoptosis executioners,-18.528366088867188
здоровая,яичник,12,TSP28||Epithelium,Apoptosis executioners,-2.847625732421875
здоровая,яичник,13,TSP30||Epithelium,Apoptosis executioners,2.1558685302734375
здоровая,яичник,11,TSP27||Epithelium,Apoptosis initiators,-2.5581626892089844
здоровая,яичник,12,TSP28||Epithelium,Apoptosis initiators,-7.57710075378418
здоровая,яичник,13,TSP30||Epithelium,Apoptosis initiators,1.8919219970703125
здоровая,яичник,11,TSP27||Epithelium,BRAKES,17.702285766601562
здоровая,яичник,12,TSP28||Epithelium,BRAKES,21.7185115814209
здоровая,яичник,13,TSP30||Epithelium,BRAKES,12.195089340209961
здоровая,яичник,11,TSP27||Epithelium,ENTRY adaptors,-11.393184661865234
здоровая,яичник,12,TSP28||Epithelium,ENTRY adaptors,-7.405170440673828
здоровая,яичник,13,TSP30||Epithelium,ENTRY adaptors,-10.039222717285156
здоровая,яичник,11,TSP27||Epithelium,ENTRY receptors,11.279014587402344
здоровая,яичник,12,TSP28||Epithelium,ENTRY receptors,9.576484680175781
здоровая,яичник,13,TSP30||Epithelium,ENTRY receptors,-1.3163509368896484
здоровая,яичник,11,TSP27||Epithelium,Inhibitory signals,14.134697914123535
здоровая,яичник,12,TSP28||Epithelium,Inhibitory signals,2.0148277282714844
здоровая,яичник,13,TSP30||Epithelium,Inhibitory signals,8.445491790771484
здоровая,яичник,11,TSP27||Epithelium,MHC-I presentation,6.990787506103516
здоровая,яичник,12,TSP28||Epithelium,MHC-I presentation,8.290351867675781
здоровая,яичник,13,TSP30||Epithelium,MHC-I presentation,4.331882476806641
здоровая,яичник,11,TSP27||Epithelium,NK activating ligands,-20.480064392089844
здоровая,яичник,12,TSP28||Epithelium,NK activating ligands,-25.800559997558594
здоровая,яичник,13,TSP30||Epithelium,NK activating ligands,-14.545726776123047
здоровая,яичник,11,TSP27||Epithelium,Necroptosis executioners,-22.552654266357422
здоровая,яичник,12,TSP28||Epithelium,Necroptosis executioners,-31.745647430419922
здоровая,яичник,13,TSP30||Epithelium,Necroptosis executioners,-17.526330947875977
здоровая,яичник,11,TSP27||Epithelium,Necroptosis initiators,9.324628829956055
здоровая,яичник,12,TSP28||Epithelium,Necroptosis initiators,22.275949478149414
здоровая,яичник,13,TSP30||Epithelium,Necroptosis initiators,-4.327854156494141
здоровая,яичник,11,TSP27||Epithelium,Pyroptosis executioners,-6.8396759033203125
здоровая,яичник,12,TSP28||Epithelium,Pyroptosis executioners,5.72479248046875
здоровая,яичник,13,TSP30||Epithelium,Pyroptosis executioners,-6.490436553955078
здоровая,яичник,11,TSP27||Epithelium,Pyroptosis initiators,9.324628829956055
здоровая,яичник,12,TSP28||Epithelium,Pyroptosis initiators,13.716957092285156
здоровая,яичник,13,TSP30||Epithelium,Pyroptosis initiators,-0.6125106811523438
пациент,яичник,94,pan_GSE140819|pan_GSE140819_HTAPP-316-SMP-991,Apoptosis executioners,-18.3779296875
пациент,яичник,95,pan_GSE140819|pan_GSE140819_HTAPP-316-SMP-991,Apoptosis executioners,-19.989791870117188
пациент,яичник,96,pan_GSE140819|pan_GSE140819_HTAPP-316-SMP-991,Apoptosis executioners,-11.516761779785156
пациент,яичник,210,gyn_GSE173682|gyn_GSE173682_Patient_8_3BAE2L_RNA,Apoptosis executioners,7.457550048828125
пациент,яичник,211,gyn_GSE173682|gyn_GSE173682_Patient_10_3CCF1L_RNA,Apoptosis executioners,5.0102081298828125
пациент,яичник,212,gyn_GSE173682|gyn_GSE173682_Patient_9_3E5CFL_RNA,Apoptosis executioners,6.4716339111328125
пациент,яичник,213,ov_GSE184880|ov_GSE184880_GSM5599225,Apoptosis executioners,-3.3150711059570312
пациент,яичник,214,ov_GSE184880|ov_GSE184880_GSM5599226,Apoptosis executioners,0.8704071044921875
пациент,яичник,215,ov_GSE184880|ov_GSE184880_GSM5599230,Apoptosis executioners,5.0155792236328125
пациент,яичник,216,ov_GSE184880|ov_GSE184880_GSM5599231,Apoptosis executioners,4.986030578613281
пациент,яичник,217,ov_GSE213243|ov_GSE213243_GSM6576367,Apoptosis executioners,7.360847473144531
пациент,яичник,218,ov_hgs_GSE154600|ov_GSE154600_T59,Apoptosis executioners,5.598541259765625
пациент,яичник,219,ov_hgs_GSE154600|ov_GSE154600_T90,Apoptosis executioners,8.212440490722656
пациент,яичник,220,ov_hgs_GSE158937|GSE158937_16030X2,Apoptosis executioners,-13.190410614013672
пациент,яичник,221,ov_hgs_GSE158937|GSE158937_16030X4,Apoptosis executioners,-12.540294647216797
пациент,яичник,222,ov_hgstoc_pan_blueprint_ovary|pan_blue_hgstoc_P3,Apoptosis executioners,-0.7065353393554688
пациент,яичник,223,ov_hgstoc_pan_blueprint_ovary|pan_blue_hgstoc_P6,Apoptosis executioners,4.58843994140625
пациент,яичник,224,ov_hgstoc_pan_blueprint_ovary|pan_blue_hgstoc_P1,Apoptosis executioners,-7.175483703613281
пациент,яичник,225,ov_hgstoc_pan_blueprint_ovary|pan_blue_hgstoc_P1,Apoptosis executioners,-2.9846343994140625
пациент,яичник,226,ov_meta_GSE165897|ov_meta_GSE165897_EOC153,Apoptosis executioners,-7.715450286865234
пациент,яичник,227,ov_meta_GSE165897|ov_meta_GSE165897_EOC227,Apoptosis executioners,6.528045654296875
пациент,яичник,228,ov_pan_blueprint_ovary|pan_blueprint_ovary_11,Apoptosis executioners,-9.037185668945312
пациент,яичник,229,ov_pan_blueprint_ovary|pan_blueprint_ovary_11,Apoptosis executioners,-3.3634185791015625
пациент,яичник,230,ov_pan_blueprint_ovary|pan_blueprint_ovary_14,Apoptosis executioners,1.6736526489257812
пациент,яичник,94,pan_GSE140819|pan_GSE140819_HTAPP-316-SMP-991,Apoptosis initiators,-13.872770309448242
пациент,яичник,95,pan_GSE140819|pan_GSE140819_HTAPP-316-SMP-991,Apoptosis initiators,-13.498010635375977
пациент,яичник,96,pan_GSE140819|pan_GSE140819_HTAPP-316-SMP-991,Apoptosis initiators,-12.144044876098633
пациент,яичник,210,gyn_GSE173682|gyn_GSE173682_Patient_8_3BAE2L_RNA,Apoptosis initiators,-6.565656661987305
пациент,яичник,211,gyn_GSE173682|gyn_GSE173682_Patient_10_3CCF1L_RNA,Apoptosis initiators,-6.099557876586914
пациент,яичник,212,gyn_GSE173682|gyn_GSE173682_Patient_9_3E5CFL_RNA,Apoptosis initiators,-6.850414276123047
пациент,яичник,213,ov_GSE184880|ov_GSE184880_GSM5599225,Apoptosis initiators,-8.71346664428711
пациент,яичник,214,ov_GSE184880|ov_GSE184880_GSM5599226,Apoptosis initiators,-3.3822288513183594
пациент,яичник,215,ov_GSE184880|ov_GSE184880_GSM5599230,Apoptosis initiators,-3.160594940185547
пациент,яичник,216,ov_GSE184880|ov_GSE184880_GSM5599231,Apoptosis initiators,-13.309961318969727
пациент,яичник,217,ov_GSE213243|ov_GSE213243_GSM6576367,Apoptosis initiators,-7.379646301269531
пациент,яичник,218,ov_hgs_GSE154600|ov_GSE154600_T59,Apoptosis initiators,-6.890716552734375
пациент,яичник,219,ov_hgs_GSE154600|ov_GSE154600_T90,Apoptosis initiators,0.06447219848632812
пациент,яичник,220,ov_hgs_GSE158937|GSE158937_16030X2,Apoptosis initiators,-5.00483512878418
пациент,яичник,221,ov_hgs_GSE158937|GSE158937_16030X4,Apoptosis initiators,-8.111703872680664
пациент,яичник,222,ov_hgstoc_pan_blueprint_ovary|pan_blue_hgstoc_P3,Apoptosis initiators,-3.5246047973632812
пациент,яичник,223,ov_hgstoc_pan_blueprint_ovary|pan_blue_hgstoc_P6,Apoptosis initiators,1.556793212890625
пациент,яичник,224,ov_hgstoc_pan_blueprint_ovary|pan_blue_hgstoc_P1,Apoptosis initiators,-2.507791519165039
пациент,яичник,225,ov_hgstoc_pan_blueprint_ovary|pan_blue_hgstoc_P1,Apoptosis initiators,-3.380878448486328
пациент,яичник,226,ov_meta_GSE165897|ov_meta_GSE165897_EOC153,Apoptosis initiators,-7.13115119934082
пациент,яичник,227,ov_meta_GSE165897|ov_meta_GSE165897_EOC227,Apoptosis initiators,-1.9073715209960938
пациент,яичник,228,ov_pan_blueprint_ovary|pan_blueprint_ovary_11,Apoptosis initiators,-3.3889408111572266
пациент,яичник,229,ov_pan_blueprint_ovary|pan_blueprint_ovary_11,Apoptosis initiators,-4.8221588134765625
пациент,яичник,230,ov_pan_blueprint_ovary|pan_blueprint_ovary_14,Apoptosis initiators,-2.840913772583008
пациент,яичник,94,pan_GSE140819|pan_GSE140819_HTAPP-316-SMP-991,BRAKES,21.319580078125
пациент,яичник,95,pan_GSE140819|pan_GSE140819_HTAPP-316-SMP-991,BRAKES,19.606975555419922
пациент,яичник,96,pan_GSE140819|pan_GSE140819_HTAPP-316-SMP-991,BRAKES,17.344993591308594
пациент,яичник,210,gyn_GSE173682|gyn_GSE173682_Patient_8_3BAE2L_RNA,BRAKES,7.824253082275391
пациент,яичник,211,gyn_GSE173682|gyn_GSE173682_Patient_10_3CCF1L_RNA,BRAKES,9.548946380615234
пациент,яичник,212,gyn_GSE173682|gyn_GSE173682_Patient_9_3E5CFL_RNA,BRAKES,10.550987243652344
пациент,яичник,213,ov_GSE184880|ov_GSE184880_GSM5599225,BRAKES,19.707712173461914
пациент,яичник,214,ov_GSE184880|ov_GSE184880_GSM5599226,BRAKES,19.339672088623047
пациент,яичник,215,ov_GSE184880|ov_GSE184880_GSM5599230,BRAKES,12.517459869384766
пациент,яичник,216,ov_GSE184880|ov_GSE184880_GSM5599231,BRAKES,15.88491439819336
пациент,яичник,217,ov_GSE213243|ov_GSE213243_GSM6576367,BRAKES,2.952404022216797
пациент,яичник,218,ov_hgs_GSE154600|ov_GSE154600_T59,BRAKES,6.0216522216796875
пациент,яичник,219,ov_hgs_GSE154600|ov_GSE154600_T90,BRAKES,3.5152034759521484
пациент,яичник,220,ov_hgs_GSE158937|GSE158937_16030X2,BRAKES,10.685306549072266
пациент,яичник,221,ov_hgs_GSE158937|GSE158937_16030X4,BRAKES,3.931598663330078
пациент,яичник,222,ov_hgstoc_pan_blueprint_ovary|pan_blue_hgstoc_P3,BRAKES,-1.7408103942871094
пациент,яичник,223,ov_hgstoc_pan_blueprint_ovary|pan_blue_hgstoc_P6,BRAKES,7.2265167236328125
пациент,яичник,224,ov_hgstoc_pan_blueprint_ovary|pan_blue_hgstoc_P1,BRAKES,3.12701416015625
пациент,яичник,225,ov_hgstoc_pan_blueprint_ovary|pan_blue_hgstoc_P1,BRAKES,0.8341407775878906
пациент,яичник,226,ov_meta_GSE165897|ov_meta_GSE165897_EOC153,BRAKES,20.563343048095703
пациент,яичник,227,ov_meta_GSE165897|ov_meta_GSE165897_EOC227,BRAKES,10.495916366577148
пациент,яичник,228,ov_pan_blueprint_ovary|pan_blueprint_ovary_11,BRAKES,3.253276824951172
пациент,яичник,229,ov_pan_blueprint_ovary|pan_blueprint_ovary_11,BRAKES,1.6105232238769531
пациент,яичник,230,ov_pan_blueprint_ovary|pan_blueprint_ovary_14,BRAKES,-1.2182998657226562
пациент,яичник,94,pan_GSE140819|pan_GSE140819_HTAPP-316-SMP-991,ENTRY adaptors,-15.34762191772461
пациент,яичник,95,pan_GSE140819|pan_GSE140819_HTAPP-316-SMP-991,ENTRY adaptors,-14.216636657714844
пациент,яичник,96,pan_GSE140819|pan_GSE140819_HTAPP-316-SMP-991,ENTRY adaptors,-15.72641372680664
пациент,яичник,210,gyn_GSE173682|gyn_GSE173682_Patient_8_3BAE2L_RNA,ENTRY adaptors,-1.1229324340820312
пациент,яичник,211,gyn_GSE173682|gyn_GSE173682_Patient_10_3CCF1L_RNA,ENTRY adaptors,-7.5972442626953125
пациент,яичник,212,gyn_GSE173682|gyn_GSE173682_Patient_9_3E5CFL_RNA,ENTRY adaptors,1.0772628784179688
пациент,яичник,213,ov_GSE184880|ov_GSE184880_GSM5599225,ENTRY adaptors,3.9651870727539062
пациент,яичник,214,ov_GSE184880|ov_GSE184880_GSM5599226,ENTRY adaptors,9.966690063476562
пациент,яичник,215,ov_GSE184880|ov_GSE184880_GSM5599230,ENTRY adaptors,5.474967956542969
пациент,яичник,216,ov_GSE184880|ov_GSE184880_GSM5599231,ENTRY adaptors,10.57919692993164
пациент,яичник,217,ov_GSE213243|ov_GSE213243_GSM6576367,ENTRY adaptors,-1.8026008605957031
пациент,яичник,218,ov_hgs_GSE154600|ov_GSE154600_T59,ENTRY adaptors,1.5232086181640625
пациент,яичник,219,ov_hgs_GSE154600|ov_GSE154600_T90,ENTRY adaptors,-3.0920867919921875
пациент,яичник,220,ov_hgs_GSE158937|GSE158937_16030X2,ENTRY adaptors,4.1613006591796875
пациент,яичник,221,ov_hgs_GSE158937|GSE158937_16030X4,ENTRY adaptors,-8.679885864257812
пациент,яичник,222,ov_hgstoc_pan_blueprint_ovary|pan_blue_hgstoc_P3,ENTRY adaptors,9.585212707519531
пациент,яичник,223,ov_hgstoc_pan_blueprint_ovary|pan_blue_hgstoc_P6,ENTRY adaptors,8.685249328613281
пациент,яичник,224,ov_hgstoc_pan_blueprint_ovary|pan_blue_hgstoc_P1,ENTRY adaptors,-4.854393005371094
пациент,яичник,225,ov_hgstoc_pan_blueprint_ovary|pan_blue_hgstoc_P1,ENTRY adaptors,0.01611328125
пациент,яичник,226,ov_meta_GSE165897|ov_meta_GSE165897_EOC153,ENTRY adaptors,7.1405487060546875
пациент,яичник,227,ov_meta_GSE165897|ov_meta_GSE165897_EOC227,ENTRY adaptors,7.54620361328125
пациент,яичник,228,ov_pan_blueprint_ovary|pan_blueprint_ovary_11,ENTRY adaptors,-4.8409576416015625
пациент,яичник,229,ov_pan_blueprint_ovary|pan_blueprint_ovary_11,ENTRY adaptors,-0.24178314208984375
пациент,яичник,230,ov_pan_blueprint_ovary|pan_blueprint_ovary_14,ENTRY adaptors,10.224586486816406
пациент,яичник,94,pan_GSE140819|pan_GSE140819_HTAPP-316-SMP-991,ENTRY receptors,7.7678375244140625
пациент,яичник,95,pan_GSE140819|pan_GSE140819_HTAPP-316-SMP-991,ENTRY receptors,6.728187561035156
пациент,яичник,96,pan_GSE140819|pan_GSE140819_HTAPP-316-SMP-991,ENTRY receptors,8.710777282714844
пациент,яичник,210,gyn_GSE173682|gyn_GSE173682_Patient_8_3BAE2L_RNA,ENTRY receptors,4.878572463989258
пациент,яичник,211,gyn_GSE173682|gyn_GSE173682_Patient_10_3CCF1L_RNA,ENTRY receptors,1.9772224426269531
пациент,яичник,212,gyn_GSE173682|gyn_GSE173682_Patient_9_3E5CFL_RNA,ENTRY receptors,2.077960968017578
пациент,яичник,213,ov_GSE184880|ov_GSE184880_GSM5599225,ENTRY receptors,-5.971958160400391
пациент,яичник,214,ov_GSE184880|ov_GSE184880_GSM5599226,ENTRY receptors,-20.38872528076172
пациент,яичник,215,ov_GSE184880|ov_GSE184880_GSM5599230,ENTRY receptors,-14.43558120727539
пациент,яичник,216,ov_GSE184880|ov_GSE184880_GSM5599231,ENTRY receptors,-0.6071338653564453
пациент,яичник,217,ov_GSE213243|ov_GSE213243_GSM6576367,ENTRY receptors,-18.513595581054688
пациент,яичник,218,ov_hgs_GSE154600|ov_GSE154600_T59,ENTRY receptors,-14.80765151977539
пациент,яичник,219,ov_hgs_GSE154600|ov_GSE154600_T90,ENTRY receptors,-21.921342849731445
пациент,яичник,220,ov_hgs_GSE158937|GSE158937_16030X2,ENTRY receptors,-0.2135753631591797
пациент,яичник,221,ov_hgs_GSE158937|GSE158937_16030X4,ENTRY receptors,-6.240596771240234
пациент,яичник,222,ov_hgstoc_pan_blueprint_ovary|pan_blue_hgstoc_P3,ENTRY receptors,-12.297176361083984
пациент,яичник,223,ov_hgstoc_pan_blueprint_ovary|pan_blue_hgstoc_P6,ENTRY receptors,-21.480762481689453
пациент,яичник,224,ov_hgstoc_pan_blueprint_ovary|pan_blue_hgstoc_P1,ENTRY receptors,-17.304697036743164
пациент,яичник,225,ov_hgstoc_pan_blueprint_ovary|pan_blue_hgstoc_P1,ENTRY receptors,-13.801580429077148
пациент,яичник,226,ov_meta_GSE165897|ov_meta_GSE165897_EOC153,ENTRY receptors,8.978084564208984
пациент,яичник,227,ov_meta_GSE165897|ov_meta_GSE165897_EOC227,ENTRY receptors,1.9261760711669922
пациент,яичник,228,ov_pan_blueprint_ovary|pan_blueprint_ovary_11,ENTRY receptors,-17.48200225830078
пациент,яичник,229,ov_pan_blueprint_ovary|pan_blueprint_ovary_11,ENTRY receptors,-12.005697250366211
пациент,яичник,230,ov_pan_blueprint_ovary|pan_blueprint_ovary_14,ENTRY receptors,-11.634969711303711
пациент,яичник,94,pan_GSE140819|pan_GSE140819_HTAPP-316-SMP-991,Inhibitory signals,9.464323043823242
пациент,яичник,95,pan_GSE140819|pan_GSE140819_HTAPP-316-SMP-991,Inhibitory signals,12.035242080688477
пациент,яичник,96,pan_GSE140819|pan_GSE140819_HTAPP-316-SMP-991,Inhibitory signals,7.5784454345703125
пациент,яичник,210,gyn_GSE173682|gyn_GSE173682_Patient_8_3BAE2L_RNA,Inhibitory signals,8.79002571105957
пациент,яичник,211,gyn_GSE173682|gyn_GSE173682_Patient_10_3CCF1L_RNA,Inhibitory signals,1.9960250854492188
пациент,яичник,212,gyn_GSE173682|gyn_GSE173682_Patient_9_3E5CFL_RNA,Inhibitory signals,9.708789825439453
пациент,яичник,213,ov_GSE184880|ov_GSE184880_GSM5599225,Inhibitory signals,10.804855346679688
пациент,яичник,214,ov_GSE184880|ov_GSE184880_GSM5599226,Inhibitory signals,5.923595428466797
пациент,яичник,215,ov_GSE184880|ov_GSE184880_GSM5599230,Inhibitory signals,4.349342346191406
пациент,яичник,216,ov_GSE184880|ov_GSE184880_GSM5599231,Inhibitory signals,10.863962173461914
пациент,яичник,217,ov_GSE213243|ov_GSE213243_GSM6576367,Inhibitory signals,3.9007091522216797
пациент,яичник,218,ov_hgs_GSE154600|ov_GSE154600_T59,Inhibitory signals,7.097572326660156
пациент,яичник,219,ov_hgs_GSE154600|ov_GSE154600_T90,Inhibitory signals,1.6696205139160156
пациент,яичник,220,ov_hgs_GSE158937|GSE158937_16030X2,Inhibitory signals,-5.239899158477783
пациент,яичник,221,ov_hgs_GSE158937|GSE158937_16030X4,Inhibitory signals,-0.4083385467529297
пациент,яичник,222,ov_hgstoc_pan_blueprint_ovary|pan_blue_hgstoc_P3,Inhibitory signals,-1.6172370910644531
пациент,яичник,223,ov_hgstoc_pan_blueprint_ovary|pan_blue_hgstoc_P6,Inhibitory signals,5.431305885314941
пациент,яичник,224,ov_hgstoc_pan_blueprint_ovary|pan_blue_hgstoc_P1,Inhibitory signals,5.547492980957031
пациент,яичник,225,ov_hgstoc_pan_blueprint_ovary|pan_blue_hgstoc_P1,Inhibitory signals,4.236515045166016
пациент,яичник,226,ov_meta_GSE165897|ov_meta_GSE165897_EOC153,Inhibitory signals,5.802038192749023
пациент,яичник,227,ov_meta_GSE165897|ov_meta_GSE165897_EOC227,Inhibitory signals,7.57441520690918
пациент,яичник,228,ov_pan_blueprint_ovary|pan_blueprint_ovary_11,Inhibitory signals,7.720823287963867
пациент,яичник,229,ov_pan_blueprint_ovary|pan_blueprint_ovary_11,Inhibitory signals,4.036376953125
пациент,яичник,230,ov_pan_blueprint_ovary|pan_blueprint_ovary_14,Inhibitory signals,-2.9497127532958984
пациент,яичник,94,pan_GSE140819|pan_GSE140819_HTAPP-316-SMP-991,MHC-I presentation,6.353427886962891
пациент,яичник,95,pan_GSE140819|pan_GSE140819_HTAPP-316-SMP-991,MHC-I presentation,4.733503341674805
пациент,яичник,96,pan_GSE140819|pan_GSE140819_HTAPP-316-SMP-991,MHC-I presentation,4.928274154663086
пациент,яичник,210,gyn_GSE173682|gyn_GSE173682_Patient_8_3BAE2L_RNA,MHC-I presentation,2.440631866455078
пациент,яичник,211,gyn_GSE173682|gyn_GSE173682_Patient_10_3CCF1L_RNA,MHC-I presentation,-4.0377197265625
пациент,яичник,212,gyn_GSE173682|gyn_GSE173682_Patient_9_3E5CFL_RNA,MHC-I presentation,0.3572959899902344
пациент,яичник,213,ov_GSE184880|ov_GSE184880_GSM5599225,MHC-I presentation,11.373039245605469
пациент,яичник,214,ov_GSE184880|ov_GSE184880_GSM5599226,MHC-I presentation,6.424617767333984
пациент,яичник,215,ov_GSE184880|ov_GSE184880_GSM5599230,MHC-I presentation,7.779926300048828
пациент,яичник,216,ov_GSE184880|ov_GSE184880_GSM5599231,MHC-I presentation,16.54039764404297
пациент,яичник,217,ov_GSE213243|ov_GSE213243_GSM6576367,MHC-I presentation,7.1177215576171875
пациент,яичник,218,ov_hgs_GSE154600|ov_GSE154600_T59,MHC-I presentation,8.757789611816406
пациент,яичник,219,ov_hgs_GSE154600|ov_GSE154600_T90,MHC-I presentation,-0.4593772888183594
пациент,яичник,220,ov_hgs_GSE158937|GSE158937_16030X2,MHC-I presentation,5.2009429931640625
пациент,яичник,221,ov_hgs_GSE158937|GSE158937_16030X4,MHC-I presentation,-1.8805084228515625
пациент,яичник,222,ov_hgstoc_pan_blueprint_ovary|pan_blue_hgstoc_P3,MHC-I presentation,-0.6501197814941406
пациент,яичник,223,ov_hgstoc_pan_blueprint_ovary|pan_blue_hgstoc_P6,MHC-I presentation,2.7549400329589844
пациент,яичник,224,ov_hgstoc_pan_blueprint_ovary|pan_blue_hgstoc_P1,MHC-I presentation,-3.677734375
пациент,яичник,225,ov_hgstoc_pan_blueprint_ovary|pan_blue_hgstoc_P1,MHC-I presentation,-2.1370620727539062
пациент,яичник,226,ov_meta_GSE165897|ov_meta_GSE165897_EOC153,MHC-I presentation,10.957984924316406
пациент,яичник,227,ov_meta_GSE165897|ov_meta_GSE165897_EOC227,MHC-I presentation,7.261444091796875
пациент,яичник,228,ov_pan_blueprint_ovary|pan_blueprint_ovary_11,MHC-I presentation,-3.3204402923583984
пациент,яичник,229,ov_pan_blueprint_ovary|pan_blueprint_ovary_11,MHC-I presentation,-2.1934776306152344
пациент,яичник,230,ov_pan_blueprint_ovary|pan_blueprint_ovary_14,MHC-I presentation,-1.0490570068359375
пациент,яичник,94,pan_GSE140819|pan_GSE140819_HTAPP-316-SMP-991,NK activating ligands,-27.83553695678711
пациент,яичник,95,pan_GSE140819|pan_GSE140819_HTAPP-316-SMP-991,NK activating ligands,-20.176498413085938
пациент,яичник,96,pan_GSE140819|pan_GSE140819_HTAPP-316-SMP-991,NK activating ligands,-20.493499755859375
пациент,яичник,210,gyn_GSE173682|gyn_GSE173682_Patient_8_3BAE2L_RNA,NK activating ligands,-11.346172332763672
пациент,яичник,211,gyn_GSE173682|gyn_GSE173682_Patient_10_3CCF1L_RNA,NK activating ligands,-16.606224060058594
пациент,яичник,212,gyn_GSE173682|gyn_GSE173682_Patient_9_3E5CFL_RNA,NK activating ligands,-17.156938552856445
пациент,яичник,213,ov_GSE184880|ov_GSE184880_GSM5599225,NK activating ligands,-18.064956665039062
пациент,яичник,214,ov_GSE184880|ov_GSE184880_GSM5599226,NK activating ligands,-16.62636947631836
пациент,яичник,215,ov_GSE184880|ov_GSE184880_GSM5599230,NK activating ligands,-12.642378807067871
пациент,яичник,216,ov_GSE184880|ov_GSE184880_GSM5599231,NK activating ligands,-16.021921157836914
пациент,яичник,217,ov_GSE213243|ov_GSE213243_GSM6576367,NK activating ligands,-21.73059844970703
пациент,яичник,218,ov_hgs_GSE154600|ov_GSE154600_T59,NK activating ligands,-19.420269012451172
пациент,яичник,219,ov_hgs_GSE154600|ov_GSE154600_T90,NK activating ligands,-15.37045955657959
пациент,яичник,220,ov_hgs_GSE158937|GSE158937_16030X2,NK activating ligands,-13.207878112792969
пациент,яичник,221,ov_hgs_GSE158937|GSE158937_16030X4,NK activating ligands,-14.279766082763672
пациент,яичник,222,ov_hgstoc_pan_blueprint_ovary|pan_blue_hgstoc_P3,NK activating ligands,-5.448098182678223
пациент,яичник,223,ov_hgstoc_pan_blueprint_ovary|pan_blue_hgstoc_P6,NK activating ligands,-15.052116394042969
пациент,яичник,224,ov_hgstoc_pan_blueprint_ovary|pan_blue_hgstoc_P1,NK activating ligands,-29.393672943115234
пациент,яичник,225,ov_hgstoc_pan_blueprint_ovary|pan_blue_hgstoc_P1,NK activating ligands,-29.157264709472656
пациент,яичник,226,ov_meta_GSE165897|ov_meta_GSE165897_EOC153,NK activating ligands,-5.329893112182617
пациент,яичник,227,ov_meta_GSE165897|ov_meta_GSE165897_EOC227,NK activating ligands,2.196164131164551
пациент,яичник,228,ov_pan_blueprint_ovary|pan_blueprint_ovary_11,NK activating ligands,-28.16865348815918
пациент,яичник,229,ov_pan_blueprint_ovary|pan_blueprint_ovary_11,NK activating ligands,-25.131633758544922
пациент,яичник,230,ov_pan_blueprint_ovary|pan_blueprint_ovary_14,NK activating ligands,-6.2889556884765625
пациент,яичник,94,pan_GSE140819|pan_GSE140819_HTAPP-316-SMP-991,Necroptosis executioners,-17.970935821533203
пациент,яичник,95,pan_GSE140819|pan_GSE140819_HTAPP-316-SMP-991,Necroptosis executioners,-13.225336074829102
пациент,яичник,96,pan_GSE140819|pan_GSE140819_HTAPP-316-SMP-991,Necroptosis executioners,-15.829839706420898
пациент,яичник,210,gyn_GSE173682|gyn_GSE173682_Patient_8_3BAE2L_RNA,Necroptosis executioners,-7.790674209594727
пациент,яичник,211,gyn_GSE173682|gyn_GSE173682_Patient_10_3CCF1L_RNA,Necroptosis executioners,-6.694604873657227
пациент,яичник,212,gyn_GSE173682|gyn_GSE173682_Patient_9_3E5CFL_RNA,Necroptosis executioners,-14.751236915588379
пациент,яичник,213,ov_GSE184880|ov_GSE184880_GSM5599225,Necroptosis executioners,-13.526214599609375
пациент,яичник,214,ov_GSE184880|ov_GSE184880_GSM5599226,Necroptosis executioners,-12.086288452148438
пациент,яичник,215,ov_GSE184880|ov_GSE184880_GSM5599230,Necroptosis executioners,-9.903562545776367
пациент,яичник,216,ov_GSE184880|ov_GSE184880_GSM5599231,Necroptosis executioners,-4.123687744140625
пациент,яичник,217,ov_GSE213243|ov_GSE213243_GSM6576367,Necroptosis executioners,-15.749250411987305
пациент,яичник,218,ov_hgs_GSE154600|ov_GSE154600_T59,Necroptosis executioners,-13.867395401000977
пациент,яичник,219,ov_hgs_GSE154600|ov_GSE154600_T90,Necroptosis executioners,-11.18095874786377
пациент,яичник,220,ov_hgs_GSE158937|GSE158937_16030X2,Necroptosis executioners,-16.835914611816406
пациент,яичник,221,ov_hgs_GSE158937|GSE158937_16030X4,Necroptosis executioners,-17.212017059326172
пациент,яичник,222,ov_hgstoc_pan_blueprint_ovary|pan_blue_hgstoc_P3,Necroptosis executioners,-14.169624328613281
пациент,яичник,223,ov_hgstoc_pan_blueprint_ovary|pan_blue_hgstoc_P6,Necroptosis executioners,-13.978887557983398
пациент,яичник,224,ov_hgstoc_pan_blueprint_ovary|pan_blue_hgstoc_P1,Necroptosis executioners,-23.518428802490234
пациент,яичник,225,ov_hgstoc_pan_blueprint_ovary|pan_blue_hgstoc_P1,Necroptosis executioners,-26.28680419921875
пациент,яичник,226,ov_meta_GSE165897|ov_meta_GSE165897_EOC153,Necroptosis executioners,-20.220823287963867
пациент,яичник,227,ov_meta_GSE165897|ov_meta_GSE165897_EOC227,Necroptosis executioners,2.2270565032958984
пациент,яичник,228,ov_pan_blueprint_ovary|pan_blueprint_ovary_11,Necroptosis executioners,-22.062379837036133
пациент,яичник,229,ov_pan_blueprint_ovary|pan_blueprint_ovary_11,Necroptosis executioners,-28.923542022705078
пациент,яичник,230,ov_pan_blueprint_ovary|pan_blueprint_ovary_14,Necroptosis executioners,-13.503381729125977
пациент,яичник,94,pan_GSE140819|pan_GSE140819_HTAPP-316-SMP-991,Necroptosis initiators,2.1572113037109375
пациент,яичник,95,pan_GSE140819|pan_GSE140819_HTAPP-316-SMP-991,Necroptosis initiators,1.1068115234375
пациент,яичник,96,pan_GSE140819|pan_GSE140819_HTAPP-316-SMP-991,Necroptosis initiators,1.66021728515625
пациент,яичник,210,gyn_GSE173682|gyn_GSE173682_Patient_8_3BAE2L_RNA,Necroptosis initiators,6.423276901245117
пациент,яичник,211,gyn_GSE173682|gyn_GSE173682_Patient_10_3CCF1L_RNA,Necroptosis initiators,5.477653503417969
пациент,яичник,212,gyn_GSE173682|gyn_GSE173682_Patient_9_3E5CFL_RNA,Necroptosis initiators,9.101655960083008
пациент,яичник,213,ov_GSE184880|ov_GSE184880_GSM5599225,Necroptosis initiators,14.606170654296875
пациент,яичник,214,ov_GSE184880|ov_GSE184880_GSM5599226,Necroptosis initiators,16.723079681396484
пациент,яичник,215,ov_GSE184880|ov_GSE184880_GSM5599230,Necroptosis initiators,13.236085891723633
пациент,яичник,216,ov_GSE184880|ov_GSE184880_GSM5599231,Necroptosis initiators,19.989791870117188
пациент,яичник,217,ov_GSE213243|ov_GSE213243_GSM6576367,Necroptosis initiators,8.110359191894531
пациент,яичник,218,ov_hgs_GSE154600|ov_GSE154600_T59,Necroptosis initiators,14.530948638916016
пациент,яичник,219,ov_hgs_GSE154600|ov_GSE154600_T90,Necroptosis initiators,10.872016906738281
пациент,яичник,220,ov_hgs_GSE158937|GSE158937_16030X2,Necroptosis initiators,4.069957733154297
пациент,яичник,221,ov_hgs_GSE158937|GSE158937_16030X4,Necroptosis initiators,8.961959838867188
пациент,яичник,222,ov_hgstoc_pan_blueprint_ovary|pan_blue_hgstoc_P3,Necroptosis initiators,-1.2115821838378906
пациент,яичник,223,ov_hgstoc_pan_blueprint_ovary|pan_blue_hgstoc_P6,Necroptosis initiators,13.31130599975586
пациент,яичник,224,ov_hgstoc_pan_blueprint_ovary|pan_blue_hgstoc_P1,Necroptosis initiators,5.366161346435547
пациент,яичник,225,ov_hgstoc_pan_blueprint_ovary|pan_blue_hgstoc_P1,Necroptosis initiators,-0.3358039855957031
пациент,яичник,226,ov_meta_GSE165897|ov_meta_GSE165897_EOC153,Necroptosis initiators,26.985279083251953
пациент,яичник,227,ov_meta_GSE165897|ov_meta_GSE165897_EOC227,Necroptosis initiators,17.805713653564453
пациент,яичник,228,ov_pan_blueprint_ovary|pan_blueprint_ovary_11,Necroptosis initiators,8.182891845703125
пациент,яичник,229,ov_pan_blueprint_ovary|pan_blueprint_ovary_11,Necroptosis initiators,0.5372886657714844
пациент,яичник,230,ov_pan_blueprint_ovary|pan_blueprint_ovary_14,Necroptosis initiators,-2.294219970703125
пациент,яичник,94,pan_GSE140819|pan_GSE140819_HTAPP-316-SMP-991,Pyroptosis executioners,-9.265525817871094
пациент,яичник,95,pan_GSE140819|pan_GSE140819_HTAPP-316-SMP-991,Pyroptosis executioners,-9.775951385498047
пациент,яичник,96,pan_GSE140819|pan_GSE140819_HTAPP-316-SMP-991,Pyroptosis executioners,-14.109176635742188
пациент,яичник,210,gyn_GSE173682|gyn_GSE173682_Patient_8_3BAE2L_RNA,Pyroptosis executioners,-13.534278869628906
пациент,яичник,211,gyn_GSE173682|gyn_GSE173682_Patient_10_3CCF1L_RNA,Pyroptosis executioners,-12.285079956054688
пациент,яичник,212,gyn_GSE173682|gyn_GSE173682_Patient_9_3E5CFL_RNA,Pyroptosis executioners,-18.22211456298828
пациент,яичник,213,ov_GSE184880|ov_GSE184880_GSM5599225,Pyroptosis executioners,6.716098785400391
пациент,яичник,214,ov_GSE184880|ov_GSE184880_GSM5599226,Pyroptosis executioners,-20.70438575744629
пациент,яичник,215,ov_GSE184880|ov_GSE184880_GSM5599230,Pyroptosis executioners,-8.311840057373047
пациент,яичник,216,ov_GSE184880|ov_GSE184880_GSM5599231,Pyroptosis executioners,4.811412811279297
пациент,яичник,217,ov_GSE213243|ov_GSE213243_GSM6576367,Pyroptosis executioners,-7.7181396484375
пациент,яичник,218,ov_hgs_GSE154600|ov_GSE154600_T59,Pyroptosis executioners,-9.421340942382812
пациент,яичник,219,ov_hgs_GSE154600|ov_GSE154600_T90,Pyroptosis executioners,-17.18514633178711
пациент,яичник,220,ov_hgs_GSE158937|GSE158937_16030X2,Pyroptosis executioners,-15.761337280273438
пациент,яичник,221,ov_hgs_GSE158937|GSE158937_16030X4,Pyroptosis executioners,0.19073486328125
пациент,яичник,222,ov_hgstoc_pan_blueprint_ovary|pan_blue_hgstoc_P3,Pyroptosis executioners,-14.823772430419922
пациент,яичник,223,ov_hgstoc_pan_blueprint_ovary|pan_blue_hgstoc_P6,Pyroptosis executioners,-12.481197357177734
пациент,яичник,224,ov_hgstoc_pan_blueprint_ovary|pan_blue_hgstoc_P1,Pyroptosis executioners,-13.507423400878906
пациент,яичник,225,ov_hgstoc_pan_blueprint_ovary|pan_blue_hgstoc_P1,Pyroptosis executioners,-7.105628967285156
пациент,яичник,226,ov_meta_GSE165897|ov_meta_GSE165897_EOC153,Pyroptosis executioners,-15.89028549194336
пациент,яичник,227,ov_meta_GSE165897|ov_meta_GSE165897_EOC227,Pyroptosis executioners,-3.2828292846679688
пациент,яичник,228,ov_pan_blueprint_ovary|pan_blueprint_ovary_11,Pyroptosis executioners,-10.168170928955078
пациент,яичник,229,ov_pan_blueprint_ovary|pan_blueprint_ovary_11,Pyroptosis executioners,-9.211795806884766
пациент,яичник,230,ov_pan_blueprint_ovary|pan_blueprint_ovary_14,Pyroptosis executioners,-13.569202423095703
пациент,яичник,94,pan_GSE140819|pan_GSE140819_HTAPP-316-SMP-991,Pyroptosis initiators,-0.13969802856445312
пациент,яичник,95,pan_GSE140819|pan_GSE140819_HTAPP-316-SMP-991,Pyroptosis initiators,-3.5326671600341797
пациент,яичник,96,pan_GSE140819|pan_GSE140819_HTAPP-316-SMP-991,Pyroptosis initiators,-3.1431350708007812
пациент,яичник,210,gyn_GSE173682|gyn_GSE173682_Patient_8_3BAE2L_RNA,Pyroptosis initiators,2.541370391845703
пациент,яичник,211,gyn_GSE173682|gyn_GSE173682_Patient_10_3CCF1L_RNA,Pyroptosis initiators,8.333333015441895
пациент,яичник,212,gyn_GSE173682|gyn_GSE173682_Patient_9_3E5CFL_RNA,Pyroptosis initiators,-3.6481857299804688
пациент,яичник,213,ov_GSE184880|ov_GSE184880_GSM5599225,Pyroptosis initiators,7.153987884521484
пациент,яичник,214,ov_GSE184880|ov_GSE184880_GSM5599226,Pyroptosis initiators,0.0
пациент,яичник,215,ov_GSE184880|ov_GSE184880_GSM5599230,Pyroptosis initiators,7.403816223144531
пациент,яичник,216,ov_GSE184880|ov_GSE184880_GSM5599231,Pyroptosis initiators,0.0
пациент,яичник,217,ov_GSE213243|ov_GSE213243_GSM6576367,Pyroptosis initiators,2.2485504150390625
пациент,яичник,218,ov_hgs_GSE154600|ov_GSE154600_T59,Pyroptosis initiators,10.571138381958008
пациент,яичник,219,ov_hgs_GSE154600|ov_GSE154600_T90,Pyroptosis initiators,0.0
пациент,яичник,220,ov_hgs_GSE158937|GSE158937_16030X2,Pyroptosis initiators,-5.730173110961914
пациент,яичник,221,ov_hgs_GSE158937|GSE158937_16030X4,Pyroptosis initiators,-7.644260883331299
пациент,яичник,222,ov_hgstoc_pan_blueprint_ovary|pan_blue_hgstoc_P3,Pyroptosis initiators,-2.764345169067383
пациент,яичник,223,ov_hgstoc_pan_blueprint_ovary|pan_blue_hgstoc_P6,Pyroptosis initiators,3.9356327056884766
пациент,яичник,224,ov_hgstoc_pan_blueprint_ovary|pan_blue_hgstoc_P1,Pyroptosis initiators,0.0
пациент,яичник,225,ov_hgstoc_pan_blueprint_ovary|pan_blue_hgstoc_P1,Pyroptosis initiators,-2.9604568481445312
пациент,яичник,226,ov_meta_GSE165897|ov_meta_GSE165897_EOC153,Pyroptosis initiators,0.24715423583984375
пациент,яичник,227,ov_meta_GSE165897|ov_meta_GSE165897_EOC227,Pyroptosis initiators,6.960563659667969
пациент,яичник,228,ov_pan_blueprint_ovary|pan_blueprint_ovary_11,Pyroptosis initiators,5.180797576904297
пациент,яичник,229,ov_pan_blueprint_ovary|pan_blueprint_ovary_11,Pyroptosis initiators,0.0
пациент,яичник,230,ov_pan_blueprint_ovary|pan_blueprint_ovary_14,Pyroptosis initiators,-2.9819469451904297
органоид,яичник,49,ACH-003001,Apoptosis executioners,7.140556335449219
органоид,яичник,50,ACH-003003,Apoptosis executioners,6.5656585693359375
органоид,яичник,51,ACH-003005,Apoptosis executioners,-2.4392852783203125
органоид,яичник,52,ACH-003007,Apoptosis executioners,1.743499755859375
органоид,яичник,53,ACH-003009,Apoptosis executioners,-4.7738037109375
органоид,яичник,54,ACH-003011,Apoptosis executioners,-0.47818756103515625
органоид,яичник,74,ACH-003050,Apoptosis executioners,4.757682800292969
органоид,яичник,75,ACH-003051,Apoptosis executioners,0.7804107666015625
органоид,яичник,76,ACH-003053,Apoptosis executioners,17.228134155273438
органоид,яичник,77,ACH-003054,Apoptosis executioners,4.96722412109375
органоид,яичник,78,ACH-003056,Apoptosis executioners,0.9241409301757812
органоид,яичник,101,ACH-003350,Apoptosis executioners,11.755851745605469
органоид,яичник,149,ACH-003723,Apoptosis executioners,9.818939208984375
органоид,яичник,49,ACH-003001,Apoptosis initiators,2.0860214233398438
органоид,яичник,50,ACH-003003,Apoptosis initiators,6.192237854003906
органоид,яичник,51,ACH-003005,Apoptosis initiators,2.605846405029297
органоид,яичник,52,ACH-003007,Apoptosis initiators,6.4890899658203125
органоид,яичник,53,ACH-003009,Apoptosis initiators,-2.0215492248535156
органоид,яичник,54,ACH-003011,Apoptosis initiators,5.818828582763672
органоид,яичник,74,ACH-003050,Apoptosis initiators,3.2774581909179688
органоид,яичник,75,ACH-003051,Apoptosis initiators,1.0933837890625
органоид,яичник,76,ACH-003053,Apoptosis initiators,2.7159881591796875
органоид,яичник,77,ACH-003054,Apoptosis initiators,3.4923744201660156
органоид,яичник,78,ACH-003056,Apoptosis initiators,1.5232124328613281
органоид,яичник,101,ACH-003350,Apoptosis initiators,1.8818473815917969
органоид,яичник,149,ACH-003723,Apoptosis initiators,2.0067710876464844
органоид,яичник,49,ACH-003001,BRAKES,6.619384765625
органоид,яичник,50,ACH-003003,BRAKES,-2.126314163208008
органоид,яичник,51,ACH-003005,BRAKES,6.157316207885742
органоид,яичник,52,ACH-003007,BRAKES,-11.923755645751953
органоид,яичник,53,ACH-003009,BRAKES,3.85906982421875
органоид,яичник,54,ACH-003011,BRAKES,1.5178375244140625
органоид,яичник,74,ACH-003050,BRAKES,-0.4204254150390625
органоид,яичник,75,ACH-003051,BRAKES,7.2130889892578125
органоид,яичник,76,ACH-003053,BRAKES,-3.0746288299560547
органоид,яичник,77,ACH-003054,BRAKES,-0.9939823150634766
органоид,яичник,78,ACH-003056,BRAKES,1.7743968963623047
органоид,яичник,101,ACH-003350,BRAKES,-1.4493341445922852
органоид,яичник,149,ACH-003723,BRAKES,3.9772701263427734
органоид,яичник,49,ACH-003001,ENTRY adaptors,9.604019165039062
органоид,яичник,50,ACH-003003,ENTRY adaptors,-2.7267379760742188
органоид,яичник,51,ACH-003005,ENTRY adaptors,-1.0960693359375
органоид,яичник,52,ACH-003007,ENTRY adaptors,-11.591983795166016
органоид,яичник,53,ACH-003009,ENTRY adaptors,-7.782615661621094
органоид,яичник,54,ACH-003011,ENTRY adaptors,2.5037612915039062
органоид,яичник,74,ACH-003050,ENTRY adaptors,1.1954689025878906
органоид,яичник,75,ACH-003051,ENTRY adaptors,-0.631317138671875
органоид,яичник,76,ACH-003053,ENTRY adaptors,0.2955169677734375
органоид,яичник,77,ACH-003054,ENTRY adaptors,-8.00290298461914
органоид,яичник,78,ACH-003056,ENTRY adaptors,-6.2943267822265625
органоид,яичник,101,ACH-003350,ENTRY adaptors,7.113685607910156
органоид,яичник,149,ACH-003723,ENTRY adaptors,4.129058837890625
органоид,яичник,49,ACH-003001,ENTRY receptors,5.8524017333984375
органоид,яичник,50,ACH-003003,ENTRY receptors,-9.765201568603516
органоид,яичник,51,ACH-003005,ENTRY receptors,-3.4332656860351562
органоид,яичник,52,ACH-003007,ENTRY receptors,-15.052116394042969
органоид,яичник,53,ACH-003009,ENTRY receptors,-7.790672302246094
органоид,яичник,54,ACH-003011,ENTRY receptors,-2.02020263671875
органоид,яичник,74,ACH-003050,ENTRY receptors,5.904794692993164
органоид,яичник,75,ACH-003051,ENTRY receptors,2.5218963623046875
органоид,яичник,76,ACH-003053,ENTRY receptors,4.592466354370117
органоид,яичник,77,ACH-003054,ENTRY receptors,-9.943849563598633
органоид,яичник,78,ACH-003056,ENTRY receptors,-13.370405197143555
органоид,яичник,101,ACH-003350,ENTRY receptors,5.775844573974609
органоид,яичник,149,ACH-003723,ENTRY receptors,7.182195663452148
органоид,яичник,49,ACH-003001,Inhibitory signals,7.484418869018555
органоид,яичник,50,ACH-003003,Inhibitory signals,3.6065425872802734
органоид,яичник,51,ACH-003005,Inhibitory signals,2.394960403442383
органоид,яичник,52,ACH-003007,Inhibitory signals,-3.3352127075195312
органоид,яичник,53,ACH-003009,Inhibitory signals,-0.6125087738037109
органоид,яичник,54,ACH-003011,Inhibitory signals,2.8677711486816406
органоид,яичник,74,ACH-003050,Inhibitory signals,3.1982078552246094
органоид,яичник,75,ACH-003051,Inhibitory signals,-6.601924896240234
органоид,яичник,76,ACH-003053,Inhibitory signals,0.4137134552001953
органоид,яичник,77,ACH-003054,Inhibitory signals,-0.8153352737426758
органоид,яичник,78,ACH-003056,Inhibitory signals,1.3875484466552734
органоид,яичник,101,ACH-003350,Inhibitory signals,2.627338409423828
органоид,яичник,149,ACH-003723,Inhibitory signals,9.95460033416748
органоид,яичник,49,ACH-003001,MHC-I presentation,3.5689353942871094
органоид,яичник,50,ACH-003003,MHC-I presentation,5.093486785888672
органоид,яичник,51,ACH-003005,MHC-I presentation,7.077423095703125
органоид,яичник,52,ACH-003007,MHC-I presentation,-10.458305358886719
органоид,яичник,53,ACH-003009,MHC-I presentation,-3.1525325775146484
органоид,яичник,54,ACH-003011,MHC-I presentation,2.8624038696289062
органоид,яичник,74,ACH-003050,MHC-I presentation,-14.411401748657227
органоид,яичник,75,ACH-003051,MHC-I presentation,-3.069255828857422
органоид,яичник,76,ACH-003053,MHC-I presentation,-6.867885589599609
органоид,яичник,77,ACH-003054,MHC-I presentation,-11.773321151733398
органоид,яичник,78,ACH-003056,MHC-I presentation,3.676389694213867
органоид,яичник,101,ACH-003350,MHC-I presentation,6.733562469482422
органоид,яичник,149,ACH-003723,MHC-I presentation,10.37502670288086
органоид,яичник,49,ACH-003001,NK activating ligands,1.7905101776123047
органоид,яичник,50,ACH-003003,NK activating ligands,2.4742088317871094
органоид,яичник,51,ACH-003005,NK activating ligands,-1.7246952056884766
органоид,яичник,52,ACH-003007,NK activating ligands,13.065494537353516
органоид,яичник,53,ACH-003009,NK activating ligands,-8.466312408447266
органоид,яичник,54,ACH-003011,NK activating ligands,-2.9711990356445312
органоид,яичник,74,ACH-003050,NK activating ligands,-5.860464096069336
органоид,яичник,75,ACH-003051,NK activating ligands,2.5937557220458984
органоид,яичник,76,ACH-003053,NK activating ligands,-8.208412170410156
органоид,яичник,77,ACH-003054,NK activating ligands,-12.607458114624023
органоид,яичник,78,ACH-003056,NK activating ligands,-4.529333114624023
органоид,яичник,101,ACH-003350,NK activating ligands,-0.11417388916015625
органоид,яичник,149,ACH-003723,NK activating ligands,-1.4453048706054688
органоид,яичник,49,ACH-003001,Necroptosis executioners,-8.19229507446289
органоид,яичник,50,ACH-003003,Necroptosis executioners,0.55072021484375
органоид,яичник,51,ACH-003005,Necroptosis executioners,-9.88072395324707
органоид,яичник,52,ACH-003007,Necroptosis executioners,-8.224531173706055
органоид,яичник,53,ACH-003009,Necroptosis executioners,-6.94847297668457
органоид,яичник,54,ACH-003011,Necroptosis executioners,-5.64958381652832
органоид,яичник,74,ACH-003050,Necroptosis executioners,-6.227164268493652
органоид,яичник,75,ACH-003051,Necroptosis executioners,-9.304483413696289
органоид,яичник,76,ACH-003053,Necroptosis executioners,-1.0920352935791016
органоид,яичник,77,ACH-003054,Necroptosis executioners,-11.79749870300293
органоид,яичник,78,ACH-003056,Necroptosis executioners,-13.546370506286621
органоид,яичник,101,ACH-003350,Necroptosis executioners,-6.053886413574219
органоид,яичник,149,ACH-003723,Necroptosis executioners,-5.509885787963867
органоид,яичник,49,ACH-003001,Necroptosis initiators,7.057273864746094
органоид,яичник,50,ACH-003003,Necroptosis initiators,3.2908859252929688
органоид,яичник,51,ACH-003005,Necroptosis initiators,4.22039794921875
органоид,яичник,52,ACH-003007,Necroptosis initiators,-9.9263916015625
органоид,яичник,53,ACH-003009,Necroptosis initiators,8.099613189697266
органоид,яичник,54,ACH-003011,Necroptosis initiators,9.714160919189453
органоид,яичник,74,ACH-003050,Necroptosis initiators,-3.6965370178222656
органоид,яичник,75,ACH-003051,Necroptosis initiators,-2.1330318450927734
органоид,яичник,76,ACH-003053,Necroptosis initiators,-9.904895782470703
органоид,яичник,77,ACH-003054,Necroptosis initiators,-6.047174453735352
органоид,яичник,78,ACH-003056,Necroptosis initiators,7.941112518310547
органоид,яичник,101,ACH-003350,Necroptosis initiators,17.905115127563477
органоид,яичник,149,ACH-003723,Necroptosis initiators,34.97743606567383
органоид,яичник,49,ACH-003001,Pyroptosis executioners,0.5104293823242188
органоид,яичник,50,ACH-003003,Pyroptosis executioners,-2.173328399658203
органоид,яичник,51,ACH-003005,Pyroptosis executioners,15.010475158691406
органоид,яичник,52,ACH-003007,Pyroptosis executioners,7.183540344238281
органоид,яичник,53,ACH-003009,Pyroptosis executioners,-10.178916931152344
органоид,яичник,54,ACH-003011,Pyroptosis executioners,4.480979919433594
органоид,яичник,74,ACH-003050,Pyroptosis executioners,-22.942188262939453
органоид,яичник,75,ACH-003051,Pyroptosis executioners,-9.211799621582031
органоид,яичник,76,ACH-003053,Pyroptosis executioners,-0.6151962280273438
органоид,яичник,77,ACH-003054,Pyroptosis executioners,-3.2908897399902344
органоид,яичник,78,ACH-003056,Pyroptosis executioners,-8.293037414550781
органоид,яичник,101,ACH-003350,Pyroptosis executioners,1.64947509765625
органоид,яичник,149,ACH-003723,Pyroptosis executioners,7.847084045410156
органоид,яичник,49,ACH-003001,Pyroptosis initiators,5.305715560913086
органоид,яичник,50,ACH-003003,Pyroptosis initiators,-2.2566089630126953
органоид,яичник,51,ACH-003005,Pyroptosis initiators,4.233827590942383
органоид,яичник,52,ACH-003007,Pyroptosis initiators,-12.588651657104492
органоид,яичник,53,ACH-003009,Pyroptosis initiators,-0.5238552093505859
органоид,яичник,54,ACH-003011,Pyroptosis initiators,10.380401611328125
органоид,яичник,74,ACH-003050,Pyroptosis initiators,0.0
органоид,яичник,75,ACH-003051,Pyroptosis initiators,-1.8563308715820312
органоид,яичник,76,ACH-003053,Pyroptosis initiators,-4.604556083679199
органоид,яичник,77,ACH-003054,Pyroptosis initiators,2.237802505493164
органоид,яичник,78,ACH-003056,Pyroptosis initiators,-8.158714294433594
органоид,яичник,101,ACH-003350,Pyroptosis initiators,0.6151943206787109
органоид,яичник,149,ACH-003723,Pyroptosis initiators,9.104339599609375
2D,яичник,11,ACH-000123,Apoptosis executioners,-3.7019119262695312
2D,яичник,18,ACH-000520,Apoptosis executioners,-0.5157928466796875
2D,яичник,23,ACH-000704,Apoptosis executioners,-6.627449035644531
2D,яичник,35,ACH-000608,Apoptosis executioners,0.6823577880859375
2D,яичник,54,ACH-001403,Apoptosis executioners,2.6810684204101562
2D,яичник,101,ACH-001145,Apoptosis executioners,1.5849990844726562
2D,яичник,103,ACH-000116,Apoptosis executioners,-7.511283874511719
2D,яичник,106,ACH-001373,Apoptosis executioners,-1.1901016235351562
2D,яичник,107,ACH-000324,Apoptosis executioners,-5.200950622558594
2D,яичник,109,ACH-001340,Apoptosis executioners,8.767189025878906
2D,яичник,110,ACH-001369,Apoptosis executioners,3.1001510620117188
2D,яичник,124,ACH-000811,Apoptosis executioners,4.0887603759765625
2D,яичник,125,ACH-000584,Apoptosis executioners,-1.4090347290039062
2D,яичник,137,ACH-000308,Apoptosis executioners,-18.434341430664062
2D,яичник,143,ACH-000048,Apoptosis executioners,-0.31162261962890625
2D,яичник,159,ACH-000574,Apoptosis executioners,-2.4607772827148438
2D,яичник,162,ACH-000646,Apoptosis executioners,-4.384269714355469
2D,яичник,166,ACH-000430,Apoptosis executioners,-0.5722122192382812
2D,яичник,167,ACH-001630,Apoptosis executioners,5.227806091308594
2D,яичник,176,ACH-000962,Apoptosis executioners,-1.3942642211914062
2D,яичник,179,ACH-000635,Apoptosis executioners,3.5487899780273438
2D,яичник,180,ACH-000966,Apoptosis executioners,3.8201141357421875
2D,яичник,185,ACH-000657,Apoptosis executioners,7.2104034423828125
2D,яичник,190,ACH-000713,Apoptosis executioners,8.137222290039062
2D,яичник,191,ACH-000719,Apoptosis executioners,-4.532020568847656
2D,яичник,201,ACH-002486,Apoptosis executioners,3.9974212646484375
2D,яичник,206,ACH-001278,Apoptosis executioners,-0.02954864501953125
2D,яичник,215,ACH-000103,Apoptosis executioners,-6.689231872558594
2D,яичник,225,ACH-000947,Apoptosis executioners,2.2109375
2D,яичник,228,ACH-000333,Apoptosis executioners,15.952079772949219
2D,яичник,237,ACH-000617,Apoptosis executioners,-3.5434112548828125
2D,яичник,259,ACH-001279,Apoptosis executioners,-3.766387939453125
2D,яичник,269,ACH-000237,Apoptosis executioners,-4.3654632568359375
2D,яичник,275,ACH-000132,Apoptosis executioners,3.2855072021484375
2D,яичник,276,ACH-001628,Apoptosis executioners,4.405754089355469
2D,яичник,277,ACH-000906,Apoptosis executioners,-9.531482696533203
2D,яичник,279,ACH-001370,Apoptosis executioners,-9.12314224243164
2D,яичник,280,ACH-000936,Apoptosis executioners,4.016227722167969
2D,яичник,287,ACH-000013,Apoptosis executioners,-0.1450653076171875
2D,яичник,292,ACH-000091,Apoptosis executioners,0.3116302490234375
2D,яичник,302,ACH-000460,Apoptosis executioners,-1.8428955078125
2D,яичник,303,ACH-000443,Apoptosis executioners,-0.93756103515625
2D,яичник,318,ACH-000663,Apoptosis executioners,11.95733642578125
2D,яичник,320,ACH-000291,Apoptosis executioners,2.3586959838867188
2D,яичник,334,ACH-000409,Apoptosis executioners,-5.8456878662109375
2D,яичник,340,ACH-002524,Apoptosis executioners,1.1605377197265625
2D,яичник,343,ACH-000796,Apoptosis executioners,-2.3694381713867188
2D,яичник,347,ACH-000001,Apoptosis executioners,8.773910522460938
2D,яичник,352,ACH-000256,Apoptosis executioners,0.4916229248046875
2D,яичник,355,ACH-001719,Apoptosis executioners,5.238555908203125
2D,яичник,357,ACH-001418,Apoptosis executioners,-2.0658721923828125
2D,яичник,365,ACH-001151,Apoptosis executioners,-2.2001876831054688
2D,яичник,366,ACH-000701,Apoptosis executioners,1.5849990844726562
2D,яичник,367,ACH-000542,Apoptosis executioners,-4.515899658203125
2D,яичник,368,ACH-001632,Apoptosis executioners,-0.7347412109375
2D,яичник,373,ACH-001048,Apoptosis executioners,0.5077362060546875
2D,яичник,382,ACH-000524,Apoptosis executioners,-7.511283874511719
2D,яичник,383,ACH-000527,Apoptosis executioners,6.377601623535156
2D,яичник,384,ACH-000885,Apoptosis executioners,5.918220520019531
2D,яичник,388,ACH-000278,Apoptosis executioners,-2.9913558959960938
2D,яичник,395,ACH-000696,Apoptosis executioners,-5.740913391113281
2D,яичник,11,ACH-000123,Apoptosis initiators,2.9416465759277344
2D,яичник,18,ACH-000520,Apoptosis initiators,-0.6125144958496094
2D,яичник,23,ACH-000704,Apoptosis initiators,-1.6454448699951172
2D,яичник,35,ACH-000608,Apoptosis initiators,1.4587326049804688
2D,яичник,54,ACH-001403,Apoptosis initiators,2.6783790588378906
2D,яичник,101,ACH-001145,Apoptosis initiators,-1.0745735168457031
2D,яичник,103,ACH-000116,Apoptosis initiators,0.3760986328125
2D,яичник,106,ACH-001373,Apoptosis initiators,1.2008399963378906
2D,яичник,107,ACH-000324,Apoptosis initiators,0.7065315246582031
2D,яичник,109,ACH-001340,Apoptosis initiators,-1.7340965270996094
2D,яичник,110,ACH-001369,Apoptosis initiators,3.1686573028564453
2D,яичник,124,ACH-000811,Apoptosis initiators,-0.7710037231445312
2D,яичник,125,ACH-000584,Apoptosis initiators,0.7763824462890625
2D,яичник,137,ACH-000308,Apoptosis initiators,-4.4205322265625
2D,яичник,143,ACH-000048,Apoptosis initiators,2.7750892639160156
2D,яичник,159,ACH-000574,Apoptosis initiators,-0.9724941253662109
2D,яичник,162,ACH-000646,Apoptosis initiators,2.307647705078125
2D,яичник,166,ACH-000430,Apoptosis initiators,-1.7972240447998047
2D,яичник,167,ACH-001630,Apoptosis initiators,-3.885934829711914
2D,яичник,176,ACH-000962,Apoptosis initiators,0.28745269775390625
2D,яичник,179,ACH-000635,Apoptosis initiators,2.1572113037109375
2D,яичник,180,ACH-000966,Apoptosis initiators,1.0799484252929688
2D,яичник,185,ACH-000657,Apoptosis initiators,0.8448829650878906
2D,яичник,190,ACH-000713,Apoptosis initiators,-2.493022918701172
2D,яичник,191,ACH-000719,Apoptosis initiators,1.5070953369140625
2D,яичник,201,ACH-002486,Apoptosis initiators,0.7669754028320312
2D,яичник,206,ACH-001278,Apoptosis initiators,2.905384063720703
2D,яичник,215,ACH-000103,Apoptosis initiators,3.5729637145996094
2D,яичник,225,ACH-000947,Apoptosis initiators,1.3123245239257812
2D,яичник,228,ACH-000333,Apoptosis initiators,0.11282730102539062
2D,яичник,237,ACH-000617,Apoptosis initiators,-0.9375686645507812
2D,яичник,259,ACH-001279,Apoptosis initiators,0.7159347534179688
2D,яичник,269,ACH-000237,Apoptosis initiators,-3.3419265747070312
2D,яичник,275,ACH-000132,Apoptosis initiators,-1.9812507629394531
2D,яичник,276,ACH-001628,Apoptosis initiators,1.6252975463867188
2D,яичник,277,ACH-000906,Apoptosis initiators,-2.2525768280029297
2D,яичник,279,ACH-001370,Apoptosis initiators,-1.1444263458251953
2D,яичник,280,ACH-000936,Apoptosis initiators,-1.8093147277832031
2D,яичник,287,ACH-000013,Apoptosis initiators,-3.378192901611328
2D,яичник,292,ACH-000091,Apoptosis initiators,-1.9396076202392578
2D,яичник,302,ACH-000460,Apoptosis initiators,0.47013092041015625
2D,яичник,303,ACH-000443,Apoptosis initiators,-2.6676368713378906
2D,яичник,318,ACH-000663,Apoptosis initiators,0.9295120239257812
2D,яичник,320,ACH-000291,Apoptosis initiators,1.4332160949707031
2D,яичник,334,ACH-000409,Apoptosis initiators,-4.953792572021484
2D,яичник,340,ACH-002524,Apoptosis initiators,-1.4466476440429688
2D,яичник,343,ACH-000796,Apoptosis initiators,-1.634695053100586
2D,яичник,347,ACH-000001,Apoptosis initiators,-1.2182998657226562
2D,яичник,352,ACH-000256,Apoptosis initiators,-0.33580589294433594
2D,яичник,355,ACH-001719,Apoptosis initiators,2.5695762634277344
2D,яичник,357,ACH-001418,Apoptosis initiators,-0.55340576171875
2D,яичник,365,ACH-001151,Apoptosis initiators,1.7569351196289062
2D,яичник,366,ACH-000701,Apoptosis initiators,2.1182518005371094
2D,яичник,367,ACH-000542,Apoptosis initiators,-2.874492645263672
2D,яичник,368,ACH-001632,Apoptosis initiators,-4.028314590454102
2D,яичник,373,ACH-001048,Apoptosis initiators,0.5990753173828125
2D,яичник,382,ACH-000524,Apoptosis initiators,-0.5883293151855469
2D,яичник,383,ACH-000527,Apoptosis initiators,2.0551223754882812
2D,яичник,384,ACH-000885,Apoptosis initiators,2.456745147705078
2D,яичник,388,ACH-000278,Apoptosis initiators,-5.269449234008789
2D,яичник,395,ACH-000696,Apoptosis initiators,0.9415931701660156
2D,яичник,11,ACH-000123,BRAKES,-5.7221174240112305
2D,яичник,18,ACH-000520,BRAKES,0.7750358581542969
2D,яичник,23,ACH-000704,BRAKES,-0.7669792175292969
2D,яичник,35,ACH-000608,BRAKES,5.71673583984375
2D,яичник,54,ACH-001403,BRAKES,-1.8764734268188477
2D,яичник,101,ACH-001145,BRAKES,1.8509559631347656
2D,яичник,103,ACH-000116,BRAKES,-0.5816154479980469
2D,яичник,106,ACH-001373,BRAKES,-3.1733551025390625
2D,яичник,107,ACH-000324,BRAKES,11.72361946105957
2D,яичник,109,ACH-001340,BRAKES,-6.233882904052734
2D,яичник,110,ACH-001369,BRAKES,4.783205032348633
2D,яичник,124,ACH-000811,BRAKES,0.02283477783203125
2D,яичник,125,ACH-000584,BRAKES,1.2559127807617188
2D,яичник,137,ACH-000308,BRAKES,7.876640319824219
2D,яичник,143,ACH-000048,BRAKES,-6.456855773925781
2D,яичник,159,ACH-000574,BRAKES,2.1652698516845703
2D,яичник,162,ACH-000646,BRAKES,4.869171142578125
2D,яичник,166,ACH-000430,BRAKES,1.4090385437011719
2D,яичник,167,ACH-001630,BRAKES,-4.527992248535156
2D,яичник,176,ACH-000962,BRAKES,-0.4472942352294922
2D,яичник,179,ACH-000635,BRAKES,-5.367505073547363
2D,яичник,180,ACH-000966,BRAKES,-1.257253646850586
2D,яичник,185,ACH-000657,BRAKES,-6.106273651123047
2D,яичник,190,ACH-000713,BRAKES,-1.4103813171386719
2D,яичник,191,ACH-000719,BRAKES,-0.06581687927246094
2D,яичник,201,ACH-002486,BRAKES,1.7193183898925781
2D,яичник,206,ACH-001278,BRAKES,-5.182137489318848
2D,яичник,215,ACH-000103,BRAKES,-5.084758758544922
2D,яичник,225,ACH-000947,BRAKES,-11.395873069763184
2D,яичник,228,ACH-000333,BRAKES,1.9221458435058594
2D,яичник,237,ACH-000617,BRAKES,-0.07656478881835938
2D,яичник,259,ACH-001279,BRAKES,-7.778587341308594
2D,яичник,269,ACH-000237,BRAKES,-0.9698047637939453
2D,яичник,275,ACH-000132,BRAKES,2.02423095703125
2D,яичник,276,ACH-001628,BRAKES,0.19879913330078125
2D,яичник,277,ACH-000906,BRAKES,-2.8140430450439453
2D,яичник,279,ACH-001370,BRAKES,5.1324462890625
2D,яичник,280,ACH-000936,BRAKES,-0.026866912841796875
2D,яичник,287,ACH-000013,BRAKES,-0.43385887145996094
2D,яичник,292,ACH-000091,BRAKES,7.256072998046875
2D,яичник,302,ACH-000460,BRAKES,1.8281173706054688
2D,яичник,303,ACH-000443,BRAKES,2.047069549560547
2D,яичник,318,ACH-000663,BRAKES,-0.8045883178710938
2D,яичник,320,ACH-000291,BRAKES,-6.5817718505859375
2D,яичник,334,ACH-000409,BRAKES,-4.9269256591796875
2D,яичник,340,ACH-002524,BRAKES,-6.694606781005859
2D,яичник,343,ACH-000796,BRAKES,1.8576717376708984
2D,яичник,347,ACH-000001,BRAKES,-0.4405784606933594
2D,яичник,352,ACH-000256,BRAKES,0.7441444396972656
2D,яичник,355,ACH-001719,BRAKES,-1.750213623046875
2D,яичник,357,ACH-001418,BRAKES,3.6374359130859375
2D,яичник,365,ACH-001151,BRAKES,-0.2605857849121094
2D,яичник,366,ACH-000701,BRAKES,-4.3641204833984375
2D,яичник,367,ACH-000542,BRAKES,4.750968933105469
2D,яичник,368,ACH-001632,BRAKES,-6.223135948181152
2D,яичник,373,ACH-001048,BRAKES,3.7932491302490234
2D,яичник,382,ACH-000524,BRAKES,-0.49430084228515625
2D,яичник,383,ACH-000527,BRAKES,0.2753639221191406
2D,яичник,384,ACH-000885,BRAKES,6.47297477722168
2D,яичник,388,ACH-000278,BRAKES,-1.1887493133544922
2D,яичник,395,ACH-000696,BRAKES,-2.4957008361816406
2D,яичник,11,ACH-000123,ENTRY adaptors,-5.166023254394531
2D,яичник,18,ACH-000520,ENTRY adaptors,0.7172775268554688
2D,яичник,23,ACH-000704,ENTRY adaptors,-6.3829803466796875
2D,яичник,35,ACH-000608,ENTRY adaptors,3.1511917114257812
2D,яичник,54,ACH-001403,ENTRY adaptors,-4.849021911621094
2D,яичник,101,ACH-001145,ENTRY adaptors,1.1605377197265625
2D,яичник,103,ACH-000116,ENTRY adaptors,-1.192779541015625
2D,яичник,106,ACH-001373,ENTRY adaptors,6.237911224365234
2D,яичник,107,ACH-000324,ENTRY adaptors,-0.279388427734375
2D,яичник,109,ACH-001340,ENTRY adaptors,0.7656326293945312
2D,яичник,110,ACH-001369,ENTRY adaptors,3.0813446044921875
2D,яичник,124,ACH-000811,ENTRY adaptors,-0.5238533020019531
2D,яичник,125,ACH-000584,ENTRY adaptors,5.993442535400391
2D,яичник,137,ACH-000308,ENTRY adaptors,1.6279830932617188
2D,яичник,143,ACH-000048,ENTRY adaptors,-17.217391967773438
2D,яичник,159,ACH-000574,ENTRY adaptors,-0.11283111572265625
2D,яичник,162,ACH-000646,ENTRY adaptors,2.19482421875
2D,яичник,166,ACH-000430,ENTRY adaptors,3.5219192504882812
2D,яичник,167,ACH-001630,ENTRY adaptors,-3.12432861328125
2D,яичник,176,ACH-000962,ENTRY adaptors,0.17193603515625
2D,яичник,179,ACH-000635,ENTRY adaptors,-2.227062225341797
2D,яичник,180,ACH-000966,ENTRY adaptors,-7.613365173339844
2D,яичник,185,ACH-000657,ENTRY adaptors,-6.662361145019531
2D,яичник,190,ACH-000713,ENTRY adaptors,2.6085281372070312
2D,яичник,191,ACH-000719,ENTRY adaptors,-0.14238357543945312
2D,яичник,201,ACH-002486,ENTRY adaptors,0.8677215576171875
2D,яичник,206,ACH-001278,ENTRY adaptors,-8.330642700195312
2D,яичник,215,ACH-000103,ENTRY adaptors,2.4151039123535156
2D,яичник,225,ACH-000947,ENTRY adaptors,-5.770469665527344
2D,яичник,228,ACH-000333,ENTRY adaptors,8.013648986816406
2D,яичник,237,ACH-000617,ENTRY adaptors,2.710620880126953
2D,яичник,259,ACH-001279,ENTRY adaptors,-6.928321838378906
2D,яичник,269,ACH-000237,ENTRY adaptors,1.9610977172851562
2D,яичник,275,ACH-000132,ENTRY adaptors,7.978725433349609
2D,яичник,276,ACH-001628,ENTRY adaptors,3.1888046264648438
2D,яичник,277,ACH-000906,ENTRY adaptors,-2.952392578125
2D,яичник,279,ACH-001370,ENTRY adaptors,0.13970184326171875
2D,яичник,280,ACH-000936,ENTRY adaptors,-0.24178314208984375
2D,яичник,287,ACH-000013,ENTRY adaptors,-1.3969459533691406
2D,яичник,292,ACH-000091,ENTRY adaptors,-1.0826339721679688
2D,яичник,302,ACH-000460,ENTRY adaptors,-0.17999267578125
2D,яичник,303,ACH-000443,ENTRY adaptors,10.466361999511719
2D,яичник,318,ACH-000663,ENTRY adaptors,8.040512084960938
2D,яичник,320,ACH-000291,ENTRY adaptors,5.7382354736328125
2D,яичник,334,ACH-000409,ENTRY adaptors,-11.428115844726562
2D,яичник,340,ACH-002524,ENTRY adaptors,-2.8449325561523438
2D,яичник,343,ACH-000796,ENTRY adaptors,4.854393005371094
2D,яичник,347,ACH-000001,ENTRY adaptors,-0.2552146911621094
2D,яичник,352,ACH-000256,ENTRY adaptors,-6.643562316894531
2D,яичник,355,ACH-001719,ENTRY adaptors,-0.91876220703125
2D,яичник,357,ACH-001418,ENTRY adaptors,5.821510314941406
2D,яичник,365,ACH-001151,ENTRY adaptors,5.947776794433594
2D,яичник,366,ACH-000701,ENTRY adaptors,8.843757629394531
2D,яичник,367,ACH-000542,ENTRY adaptors,3.3365554809570312
2D,яичник,368,ACH-001632,ENTRY adaptors,2.02557373046875
2D,яичник,373,ACH-001048,ENTRY adaptors,3.1082077026367188
2D,яичник,382,ACH-000524,ENTRY adaptors,-9.499248504638672
2D,яичник,383,ACH-000527,ENTRY adaptors,-7.299053192138672
2D,яичник,384,ACH-000885,ENTRY adaptors,0.9993553161621094
2D,яичник,388,ACH-000278,ENTRY adaptors,-1.2438201904296875
2D,яичник,395,ACH-000696,ENTRY adaptors,0.4916229248046875
2D,яичник,11,ACH-000123,ENTRY receptors,2.0336360931396484
2D,яичник,18,ACH-000520,ENTRY receptors,0.6662330627441406
2D,яичник,23,ACH-000704,ENTRY receptors,0.9039878845214844
2D,яичник,35,ACH-000608,ENTRY receptors,-2.889263153076172
2D,яичник,54,ACH-001403,ENTRY receptors,-9.46029281616211
2D,яичник,101,ACH-001145,ENTRY receptors,0.3774452209472656
2D,яичник,103,ACH-000116,ENTRY receptors,-12.360300064086914
2D,яичник,106,ACH-001373,ENTRY receptors,-0.0362701416015625
2D,яичник,107,ACH-000324,ENTRY receptors,10.242048263549805
2D,яичник,109,ACH-001340,ENTRY receptors,-2.0510921478271484
2D,яичник,110,ACH-001369,ENTRY receptors,6.020313262939453
2D,яичник,124,ACH-000811,ENTRY receptors,-6.718786239624023
2D,яичник,125,ACH-000584,ENTRY receptors,-13.664571762084961
2D,яичник,137,ACH-000308,ENTRY receptors,5.444068908691406
2D,яичник,143,ACH-000048,ENTRY receptors,-10.227272033691406
2D,яичник,159,ACH-000574,ENTRY receptors,-1.2250213623046875
2D,яичник,162,ACH-000646,ENTRY receptors,5.5488433837890625
2D,яичник,166,ACH-000430,ENTRY receptors,3.7502670288085938
2D,яичник,167,ACH-001630,ENTRY receptors,2.76165771484375
2D,яичник,176,ACH-000962,ENTRY receptors,1.7220077514648438
2D,яичник,179,ACH-000635,ENTRY receptors,-7.015634536743164
2D,яичник,180,ACH-000966,ENTRY receptors,-0.47550201416015625
2D,яичник,185,ACH-000657,ENTRY receptors,-7.976039886474609
2D,яичник,190,ACH-000713,ENTRY receptors,3.0531368255615234
2D,яичник,191,ACH-000719,ENTRY receptors,10.697402954101562
2D,яичник,201,ACH-002486,ENTRY receptors,3.740863800048828
2D,яичник,206,ACH-001278,ENTRY receptors,7.920963287353516
2D,яичник,215,ACH-000103,ENTRY receptors,-10.874702453613281
2D,яичник,225,ACH-000947,ENTRY receptors,-4.478294372558594
2D,яичник,228,ACH-000333,ENTRY receptors,-3.821460723876953
2D,яичник,237,ACH-000617,ENTRY receptors,-4.879915237426758
2D,яичник,259,ACH-001279,ENTRY receptors,-11.98689079284668
2D,яичник,269,ACH-000237,ENTRY receptors,4.0001068115234375
2D,яичник,275,ACH-000132,ENTRY receptors,-3.2452220916748047
2D,яичник,276,ACH-001628,ENTRY receptors,2.4177932739257812
2D,яичник,277,ACH-000906,ENTRY receptors,-1.6817092895507812
2D,яичник,279,ACH-001370,ENTRY receptors,-0.7468299865722656
2D,яичник,280,ACH-000936,ENTRY receptors,-1.895284652709961
2D,яичник,287,ACH-000013,ENTRY receptors,1.1484565734863281
2D,яичник,292,ACH-000091,ENTRY receptors,12.811622619628906
2D,яичник,302,ACH-000460,ENTRY receptors,6.352081298828125
2D,яичник,303,ACH-000443,ENTRY receptors,-8.838382720947266
2D,яичник,318,ACH-000663,ENTRY receptors,9.884756088256836
2D,яичник,320,ACH-000291,ENTRY receptors,-17.460506439208984
2D,яичник,334,ACH-000409,ENTRY receptors,-2.110198974609375
2D,яичник,340,ACH-002524,ENTRY receptors,-4.354715347290039
2D,яичник,343,ACH-000796,ENTRY receptors,-2.877178192138672
2D,яичник,347,ACH-000001,ENTRY receptors,-2.8288211822509766
2D,яичник,352,ACH-000256,ENTRY receptors,-13.142059326171875
2D,яичник,355,ACH-001719,ENTRY receptors,-4.300987243652344
2D,яичник,357,ACH-001418,ENTRY receptors,-9.907588958740234
2D,яичник,365,ACH-001151,ENTRY receptors,0.3599815368652344
2D,яичник,366,ACH-000701,ENTRY receptors,-4.021600723266602
2D,яичник,367,ACH-000542,ENTRY receptors,8.838384628295898
2D,яичник,368,ACH-001632,ENTRY receptors,1.5970878601074219
2D,яичник,373,ACH-001048,ENTRY receptors,2.785837173461914
2D,яичник,382,ACH-000524,ENTRY receptors,-10.608747482299805
2D,яичник,383,ACH-000527,ENTRY receptors,1.6669368743896484
2D,яичник,384,ACH-000885,ENTRY receptors,6.001504898071289
2D,яичник,388,ACH-000278,ENTRY receptors,5.050508499145508
2D,яичник,395,ACH-000696,ENTRY receptors,-5.199604034423828
2D,яичник,11,ACH-000123,Inhibitory signals,-5.564958572387695
2D,яичник,18,ACH-000520,Inhibitory signals,2.9644832611083984
2D,яичник,23,ACH-000704,Inhibitory signals,-7.355472564697266
2D,яичник,35,ACH-000608,Inhibitory signals,12.561786651611328
2D,яичник,54,ACH-001403,Inhibitory signals,-0.3304328918457031
2D,яичник,101,ACH-001145,Inhibitory signals,-4.057869911193848
2D,яичник,103,ACH-000116,Inhibitory signals,-2.064528465270996
2D,яичник,106,ACH-001373,Inhibitory signals,-8.075431823730469
2D,яичник,107,ACH-000324,Inhibitory signals,-1.2451648712158203
2D,яичник,109,ACH-001340,Inhibitory signals,2.789865493774414
2D,яичник,110,ACH-001369,Inhibitory signals,7.1707763671875
2D,яичник,124,ACH-000811,Inhibitory signals,-0.3317737579345703
2D,яичник,125,ACH-000584,Inhibitory signals,-2.321082592010498
2D,яичник,137,ACH-000308,Inhibitory signals,2.2485504150390625
2D,яичник,143,ACH-000048,Inhibitory signals,-9.966686248779297
2D,яичник,159,ACH-000574,Inhibitory signals,-6.867886543273926
2D,яичник,162,ACH-000646,Inhibitory signals,-3.3781986236572266
2D,яичник,166,ACH-000430,Inhibitory signals,7.188913345336914
2D,яичник,167,ACH-001630,Inhibitory signals,0.17461585998535156
2D,яичник,176,ACH-000962,Inhibitory signals,-2.5762939453125
2D,яичник,179,ACH-000635,Inhibitory signals,-1.0974092483520508
2D,яичник,180,ACH-000966,Inhibitory signals,-4.791261672973633
2D,яичник,185,ACH-000657,Inhibitory signals,-1.4265003204345703
2D,яичник,190,ACH-000713,Inhibitory signals,3.856382369995117
2D,яичник,191,ACH-000719,Inhibitory signals,-5.880615234375
2D,яичник,201,ACH-002486,Inhibitory signals,-8.23124885559082
2D,яичник,206,ACH-001278,Inhibitory signals,-9.264183044433594
2D,яичник,215,ACH-000103,Inhibitory signals,3.4722213745117188
2D,яичник,225,ACH-000947,Inhibitory signals,-5.045131683349609
2D,яичник,228,ACH-000333,Inhibitory signals,2.865083694458008
2D,яичник,237,ACH-000617,Inhibitory signals,5.350042343139648
2D,яичник,259,ACH-001279,Inhibitory signals,-4.321135520935059
2D,яичник,269,ACH-000237,Inhibitory signals,4.408445358276367
2D,яичник,275,ACH-000132,Inhibitory signals,-0.17193031311035156
2D,яичник,276,ACH-001628,Inhibitory signals,3.139101028442383
2D,яичник,277,ACH-000906,Inhibitory signals,0.6366844177246094
2D,яичник,279,ACH-001370,Inhibitory signals,-0.04298591613769531
2D,яичник,280,ACH-000936,Inhibitory signals,2.257950782775879
2D,яичник,287,ACH-000013,Inhibitory signals,-2.243175506591797
2D,яичник,292,ACH-000091,Inhibitory signals,2.660917282104492
2D,яичник,302,ACH-000460,Inhibitory signals,18.287931442260742
2D,яичник,303,ACH-000443,Inhibitory signals,2.110198974609375
2D,яичник,318,ACH-000663,Inhibitory signals,-1.5191822052001953
2D,яичник,320,ACH-000291,Inhibitory signals,-4.5400848388671875
2D,яичник,334,ACH-000409,Inhibitory signals,1.28277587890625
2D,яичник,340,ACH-002524,Inhibitory signals,2.8610591888427734
2D,яичник,343,ACH-000796,Inhibitory signals,7.89813232421875
2D,яичник,347,ACH-000001,Inhibitory signals,-2.5991287231445312
2D,яичник,352,ACH-000256,Inhibitory signals,0.6648902893066406
2D,яичник,355,ACH-001719,Inhibitory signals,-9.915644645690918
2D,яичник,357,ACH-001418,Inhibitory signals,-0.6729545593261719
2D,яичник,365,ACH-001151,Inhibitory signals,1.5185108184814453
2D,яичник,366,ACH-000701,Inhibitory signals,2.2740726470947266
2D,яичник,367,ACH-000542,Inhibitory signals,2.2069091796875
2D,яичник,368,ACH-001632,Inhibitory signals,0.5319175720214844
2D,яичник,373,ACH-001048,Inhibitory signals,17.71169090270996
2D,яичник,382,ACH-000524,Inhibitory signals,1.3499364852905273
2D,яичник,383,ACH-000527,Inhibitory signals,4.832904815673828
2D,яичник,384,ACH-000885,Inhibitory signals,-1.9866228103637695
2D,яичник,388,ACH-000278,Inhibitory signals,2.6904678344726562
2D,яичник,395,ACH-000696,Inhibitory signals,-1.4345588684082031
2D,яичник,11,ACH-000123,MHC-I presentation,3.2008895874023438
2D,яичник,18,ACH-000520,MHC-I presentation,8.683914184570312
2D,яичник,23,ACH-000704,MHC-I presentation,-0.7790679931640625
2D,яичник,35,ACH-000608,MHC-I presentation,4.0068206787109375
2D,яичник,54,ACH-001403,MHC-I presentation,-8.360197067260742
2D,яичник,101,ACH-001145,MHC-I presentation,5.063934326171875
2D,яичник,103,ACH-000116,MHC-I presentation,-1.1309890747070312
2D,яичник,106,ACH-001373,MHC-I presentation,-7.3930816650390625
2D,яичник,107,ACH-000324,MHC-I presentation,2.8731460571289062
2D,яичник,109,ACH-001340,MHC-I presentation,0.7092208862304688
2D,яичник,110,ACH-001369,MHC-I presentation,1.1686019897460938
2D,яичник,124,ACH-000811,MHC-I presentation,4.244575500488281
2D,яичник,125,ACH-000584,MHC-I presentation,-10.889476776123047
2D,яичник,137,ACH-000308,MHC-I presentation,-2.045724868774414
2D,яичник,143,ACH-000048,MHC-I presentation,-11.402589797973633
2D,яичник,159,ACH-000574,MHC-I presentation,-10.219215393066406
2D,яичник,162,ACH-000646,MHC-I presentation,3.0665721893310547
2D,яичник,166,ACH-000430,MHC-I presentation,-2.7992706298828125
2D,яичник,167,ACH-001630,MHC-I presentation,0.54266357421875
2D,яичник,176,ACH-000962,MHC-I presentation,3.617290496826172
2D,яичник,179,ACH-000635,MHC-I presentation,-8.119760513305664
2D,яичник,180,ACH-000966,MHC-I presentation,-17.312747955322266
2D,яичник,185,ACH-000657,MHC-I presentation,7.72216796875
2D,яичник,190,ACH-000713,MHC-I presentation,5.550182342529297
2D,яичник,191,ACH-000719,MHC-I presentation,5.548839569091797
2D,яичник,201,ACH-002486,MHC-I presentation,-2.2015380859375
2D,яичник,206,ACH-001278,MHC-I presentation,-6.726844787597656
2D,яичник,215,ACH-000103,MHC-I presentation,-1.957071304321289
2D,яичник,225,ACH-000947,MHC-I presentation,-4.873195648193359
2D,яичник,228,ACH-000333,MHC-I presentation,0.6178855895996094
2D,яичник,237,ACH-000617,MHC-I presentation,1.7649879455566406
2D,яичник,259,ACH-001279,MHC-I presentation,-1.1511383056640625
2D,яичник,269,ACH-000237,MHC-I presentation,8.808837890625
2D,яичник,275,ACH-000132,MHC-I presentation,0.5937042236328125
2D,яичник,276,ACH-001628,MHC-I presentation,4.975284576416016
2D,яичник,277,ACH-000906,MHC-I presentation,0.4486351013183594
2D,яичник,279,ACH-001370,MHC-I presentation,-0.4875907897949219
2D,яичник,280,ACH-000936,MHC-I presentation,6.142539978027344
2D,яичник,287,ACH-000013,MHC-I presentation,-10.36428451538086
2D,яичник,292,ACH-000091,MHC-I presentation,7.597248077392578
2D,яичник,302,ACH-000460,MHC-I presentation,2.5843505859375
2D,яичник,303,ACH-000443,MHC-I presentation,0.267303466796875
2D,яичник,318,ACH-000663,MHC-I presentation,2.801952362060547
2D,яичник,320,ACH-000291,MHC-I presentation,-7.570384979248047
2D,яичник,334,ACH-000409,MHC-I presentation,0.8918952941894531
2D,яичник,340,ACH-002524,MHC-I presentation,-6.216424942016602
2D,яичник,343,ACH-000796,MHC-I presentation,3.3768539428710938
2D,яичник,347,ACH-000001,MHC-I presentation,-5.062593460083008
2D,яичник,352,ACH-000256,MHC-I presentation,5.14453125
2D,яичник,355,ACH-001719,MHC-I presentation,-0.34386444091796875
2D,яичник,357,ACH-001418,MHC-I presentation,-2.9510498046875
2D,яичник,365,ACH-001151,MHC-I presentation,2.6595726013183594
2D,яичник,366,ACH-000701,MHC-I presentation,-0.5131092071533203
2D,яичник,367,ACH-000542,MHC-I presentation,-6.751014709472656
2D,яичник,368,ACH-001632,MHC-I presentation,7.213085174560547
2D,яичник,373,ACH-001048,MHC-I presentation,5.790618896484375
2D,яичник,382,ACH-000524,MHC-I presentation,-9.301795959472656
2D,яичник,383,ACH-000527,MHC-I presentation,4.793951034545898
2D,яичник,384,ACH-000885,MHC-I presentation,0.9617424011230469
2D,яичник,388,ACH-000278,MHC-I presentation,2.625995635986328
2D,яичник,395,ACH-000696,MHC-I presentation,-6.078067779541016
2D,яичник,11,ACH-000123,NK activating ligands,-9.454919815063477
2D,яичник,18,ACH-000520,NK activating ligands,4.694549560546875
2D,яичник,23,ACH-000704,NK activating ligands,-1.0208492279052734
2D,яичник,35,ACH-000608,NK activating ligands,4.313076019287109
2D,яичник,54,ACH-001403,NK activating ligands,-2.553457260131836
2D,яичник,101,ACH-001145,NK activating ligands,8.546905517578125
2D,яичник,103,ACH-000116,NK activating ligands,0.8811511993408203
2D,яичник,106,ACH-001373,NK activating ligands,-0.1504383087158203
2D,яичник,107,ACH-000324,NK activating ligands,1.1753177642822266
2D,яичник,109,ACH-001340,NK activating ligands,-2.823446273803711
2D,яичник,110,ACH-001369,NK activating ligands,4.205617904663086
2D,яичник,124,ACH-000811,NK activating ligands,-5.483023643493652
2D,яичник,125,ACH-000584,NK activating ligands,-4.7314910888671875
2D,яичник,137,ACH-000308,NK activating ligands,3.2855148315429688
2D,яичник,143,ACH-000048,NK activating ligands,-3.097463607788086
2D,яичник,159,ACH-000574,NK activating ligands,5.014232635498047
2D,яичник,162,ACH-000646,NK activating ligands,-3.3352108001708984
2D,яичник,166,ACH-000430,NK activating ligands,-3.5675926208496094
2D,яичник,167,ACH-001630,NK activating ligands,-2.757627487182617
2D,яичник,176,ACH-000962,NK activating ligands,6.339996337890625
2D,яичник,179,ACH-000635,NK activating ligands,-0.5453472137451172
2D,яичник,180,ACH-000966,NK activating ligands,-4.576345443725586
2D,яичник,185,ACH-000657,NK activating ligands,-4.200244903564453
2D,яичник,190,ACH-000713,NK activating ligands,0.8448848724365234
2D,яичник,191,ACH-000719,NK activating ligands,2.243175506591797
2D,яичник,201,ACH-002486,NK activating ligands,-2.8865814208984375
2D,яичник,206,ACH-001278,NK activating ligands,-0.5829582214355469
2D,яичник,215,ACH-000103,NK activating ligands,-2.5010738372802734
2D,яичник,225,ACH-000947,NK activating ligands,3.5326671600341797
2D,яичник,228,ACH-000333,NK activating ligands,-1.7690200805664062
2D,яичник,237,ACH-000617,NK activating ligands,3.3231258392333984
2D,яичник,259,ACH-001279,NK activating ligands,-5.877925872802734
2D,яичник,269,ACH-000237,NK activating ligands,7.250698089599609
2D,яичник,275,ACH-000132,NK activating ligands,-1.407693862915039
2D,яичник,276,ACH-001628,NK activating ligands,-2.248546600341797
2D,яичник,277,ACH-000906,NK activating ligands,1.2787399291992188
2D,яичник,279,ACH-001370,NK activating ligands,-7.605304718017578
2D,яичник,280,ACH-000936,NK activating ligands,5.578392028808594
2D,яичник,287,ACH-000013,NK activating ligands,-4.378896713256836
2D,яичник,292,ACH-000091,NK activating ligands,2.6461448669433594
2D,яичник,302,ACH-000460,NK activating ligands,4.96588134765625
2D,яичник,303,ACH-000443,NK activating ligands,2.8959808349609375
2D,яичник,318,ACH-000663,NK activating ligands,-5.454809188842773
2D,яичник,320,ACH-000291,NK activating ligands,-6.704007148742676
2D,яичник,334,ACH-000409,NK activating ligands,-12.243446350097656
2D,яичник,340,ACH-002524,NK activating ligands,1.097412109375
2D,яичник,343,ACH-000796,NK activating ligands,3.9611549377441406
2D,яичник,347,ACH-000001,NK activating ligands,-3.0544815063476562
2D,яичник,352,ACH-000256,NK activating ligands,-1.5849990844726562
2D,яичник,355,ACH-001719,NK activating ligands,1.9396076202392578
2D,яичник,357,ACH-001418,NK activating ligands,2.401675224304199
2D,яичник,365,ACH-001151,NK activating ligands,8.005596160888672
2D,яичник,366,ACH-000701,NK activating ligands,1.1121864318847656
2D,яичник,367,ACH-000542,NK activating ligands,6.955190658569336
2D,яичник,368,ACH-001632,NK activating ligands,-0.1437206268310547
2D,яичник,373,ACH-001048,NK activating ligands,4.172037124633789
2D,яичник,382,ACH-000524,NK activating ligands,-2.584355354309082
2D,яичник,383,ACH-000527,NK activating ligands,4.619331359863281
2D,яичник,384,ACH-000885,NK activating ligands,4.839616775512695
2D,яичник,388,ACH-000278,NK activating ligands,-3.790567398071289
2D,яичник,395,ACH-000696,NK activating ligands,9.387762069702148
2D,яичник,11,ACH-000123,Necroptosis executioners,-5.383625030517578
2D,яичник,18,ACH-000520,Necroptosis executioners,-2.4057083129882812
2D,яичник,23,ACH-000704,Necroptosis executioners,-3.2304420471191406
2D,яичник,35,ACH-000608,Necroptosis executioners,4.220392227172852
2D,яичник,54,ACH-001403,Necroptosis executioners,-11.65914535522461
2D,яичник,101,ACH-001145,Necroptosis executioners,6.0283660888671875
2D,яичник,103,ACH-000116,Necroptosis executioners,-5.307058334350586
2D,яичник,106,ACH-001373,Necroptosis executioners,-8.090213775634766
2D,яичник,107,ACH-000324,Necroptosis executioners,9.789386749267578
2D,яичник,109,ACH-001340,Necroptosis executioners,-9.321946144104004
2D,яичник,110,ACH-001369,Necroptosis executioners,3.4346141815185547
2D,яичник,124,ACH-000811,Necroptosis executioners,4.00413703918457
2D,яичник,125,ACH-000584,Necroptosis executioners,2.936277389526367
2D,яичник,137,ACH-000308,Necroptosis executioners,1.445302963256836
2D,яичник,143,ACH-000048,Necroptosis executioners,0.44594573974609375
2D,яичник,159,ACH-000574,Necroptosis executioners,-6.048517227172852
2D,яичник,162,ACH-000646,Necroptosis executioners,1.3391876220703125
2D,яичник,166,ACH-000430,Necroptosis executioners,18.603586196899414
2D,яичник,167,ACH-001630,Necroptosis executioners,-0.05909919738769531
2D,яичник,176,ACH-000962,Necroptosis executioners,3.3365612030029297
2D,яичник,179,ACH-000635,Necroptosis executioners,-4.485010147094727
2D,яичник,180,ACH-000966,Necroptosis executioners,2.9161319732666016
2D,яичник,185,ACH-000657,Necroptosis executioners,-4.159948348999023
2D,яичник,190,ACH-000713,Necroptosis executioners,0.39624977111816406
2D,яичник,191,ACH-000719,Necroptosis executioners,1.5097789764404297
2D,яичник,201,ACH-002486,Necroptosis executioners,-1.1645698547363281
2D,яичник,206,ACH-001278,Necroptosis executioners,0.7522029876708984
2D,яичник,215,ACH-000103,Necroptosis executioners,-4.609930038452148
2D,яичник,225,ACH-000947,Necroptosis executioners,7.082794189453125
2D,яичник,228,ACH-000333,Necroptosis executioners,3.437297821044922
2D,яичник,237,ACH-000617,Necroptosis executioners,-7.85380744934082
2D,яичник,259,ACH-001279,Necroptosis executioners,-7.550235748291016
2D,яичник,269,ACH-000237,Necroptosis executioners,-7.76649284362793
2D,яичник,275,ACH-000132,Necroptosis executioners,-6.631477355957031
2D,яичник,276,ACH-001628,Necroptosis executioners,6.624757766723633
2D,яичник,277,ACH-000906,Necroptosis executioners,4.063240051269531
2D,яичник,279,ACH-001370,Necroptosis executioners,10.413976669311523
2D,яичник,280,ACH-000936,Necroptosis executioners,5.695249557495117
2D,яичник,287,ACH-000013,Necroptosis executioners,-5.607942581176758
2D,яичник,292,ACH-000091,Necroptosis executioners,13.583972930908203
2D,яичник,302,ACH-000460,Necroptosis executioners,-0.2270050048828125
2D,яичник,303,ACH-000443,Necroptosis executioners,-17.116641998291016
2D,яичник,318,ACH-000663,Necroptosis executioners,7.343381881713867
2D,яичник,320,ACH-000291,Necroptosis executioners,-2.233774185180664
2D,яичник,334,ACH-000409,Necroptosis executioners,-11.262898445129395
2D,яичник,340,ACH-002524,Necroptosis executioners,-9.312541961669922
2D,яичник,343,ACH-000796,Necroptosis executioners,7.144584655761719
2D,яичник,347,ACH-000001,Necroptosis executioners,-8.055288314819336
2D,яичник,352,ACH-000256,Necroptosis executioners,-3.8456363677978516
2D,яичник,355,ACH-001719,Necroptosis executioners,2.327800750732422
2D,яичник,357,ACH-001418,Necroptosis executioners,12.114498138427734
2D,яичник,365,ACH-001151,Necroptosis executioners,-0.5090789794921875
2D,яичник,366,ACH-000701,Necroptosis executioners,-3.6374378204345703
2D,яичник,367,ACH-000542,Necroptosis executioners,9.47775650024414
2D,яичник,368,ACH-001632,Necroptosis executioners,1.7696952819824219
2D,яичник,373,ACH-001048,Necroptosis executioners,10.03250503540039
2D,яичник,382,ACH-000524,Necroptosis executioners,-12.873419761657715
2D,яичник,383,ACH-000527,Necroptosis executioners,-3.2868614196777344
2D,яичник,384,ACH-000885,Necroptosis executioners,6.10627555847168
2D,яичник,388,ACH-000278,Necroptosis executioners,-5.5098876953125
2D,яичник,395,ACH-000696,Necroptosis executioners,0.8690643310546875
2D,яичник,11,ACH-000123,Necroptosis initiators,-4.980656623840332
2D,яичник,18,ACH-000520,Necroptosis initiators,-0.47818756103515625
2D,яичник,23,ACH-000704,Necroptosis initiators,-11.530194282531738
2D,яичник,35,ACH-000608,Necroptosis initiators,3.074626922607422
2D,яичник,54,ACH-001403,Necroptosis initiators,-9.107027053833008
2D,яичник,101,ACH-001145,Necroptosis initiators,0.1799907684326172
2D,яичник,103,ACH-000116,Necroptosis initiators,0.91607666015625
2D,яичник,106,ACH-001373,Necroptosis initiators,-4.714700698852539
2D,яичник,107,ACH-000324,Necroptosis initiators,-12.336126327514648
2D,яичник,109,ACH-001340,Necroptosis initiators,12.795509338378906
2D,яичник,110,ACH-001369,Necroptosis initiators,8.730926513671875
2D,яичник,124,ACH-000811,Necroptosis initiators,7.194282531738281
2D,яичник,125,ACH-000584,Necroptosis initiators,4.972597122192383
2D,яичник,137,ACH-000308,Necroptosis initiators,9.093597412109375
2D,яичник,143,ACH-000048,Necroptosis initiators,-8.588542938232422
2D,яичник,159,ACH-000574,Necroptosis initiators,-5.219753265380859
2D,яичник,162,ACH-000646,Necroptosis initiators,2.304964065551758
2D,яичник,166,ACH-000430,Necroptosis initiators,-3.336559295654297
2D,яичник,167,ACH-001630,Necroptosis initiators,10.514720916748047
2D,яичник,176,ACH-000962,Necroptosis initiators,2.0282630920410156
2D,яичник,179,ACH-000635,Necroptosis initiators,-9.590587615966797
2D,яичник,180,ACH-000966,Necroptosis initiators,-6.796689987182617
2D,яичник,185,ACH-000657,Necroptosis initiators,0.2955055236816406
2D,яичник,190,ACH-000713,Necroptosis initiators,10.775306701660156
2D,яичник,191,ACH-000719,Necroptosis initiators,4.397701263427734
2D,яичник,201,ACH-002486,Necroptosis initiators,3.336557388305664
2D,яичник,206,ACH-001278,Necroptosis initiators,-11.218567848205566
2D,яичник,215,ACH-000103,Necroptosis initiators,0.5157966613769531
2D,яичник,225,ACH-000947,Necroptosis initiators,-11.861968994140625
2D,яичник,228,ACH-000333,Necroptosis initiators,23.060394287109375
2D,яичник,237,ACH-000617,Necroptosis initiators,6.791313171386719
2D,яичник,259,ACH-001279,Necroptosis initiators,-1.7005157470703125
2D,яичник,269,ACH-000237,Necroptosis initiators,-3.2962608337402344
2D,яичник,275,ACH-000132,Necroptosis initiators,8.115732192993164
2D,яичник,276,ACH-001628,Necroptosis initiators,0.0
2D,яичник,277,ACH-000906,Necroptosis initiators,-4.529335021972656
2D,яичник,279,ACH-001370,Necroptosis initiators,7.578441619873047
2D,яичник,280,ACH-000936,Necroptosis initiators,-0.1370086669921875
2D,яичник,287,ACH-000013,Necroptosis initiators,-4.2741241455078125
2D,яичник,292,ACH-000091,Necroptosis initiators,-3.524608612060547
2D,яичник,302,ACH-000460,Necroptosis initiators,-4.6421661376953125
2D,яичник,303,ACH-000443,Necroptosis initiators,-10.21115493774414
2D,яичник,318,ACH-000663,Necroptosis initiators,-3.642810821533203
2D,яичник,320,ACH-000291,Necroptosis initiators,5.663017272949219
2D,яичник,334,ACH-000409,Necroptosis initiators,-7.707389831542969
2D,яичник,340,ACH-002524,Necroptosis initiators,3.9651851654052734
2D,яичник,343,ACH-000796,Necroptosis initiators,2.5977859497070312
2D,яичник,347,ACH-000001,Necroptosis initiators,-2.5359954833984375
2D,яичник,352,ACH-000256,Necroptosis initiators,-6.372230529785156
2D,яичник,355,ACH-001719,Necroptosis initiators,-3.9920482635498047
2D,яичник,357,ACH-001418,Necroptosis initiators,11.073501586914062
2D,яичник,365,ACH-001151,Necroptosis initiators,3.7180309295654297
2D,яичник,366,ACH-000701,Necroptosis initiators,1.380828857421875
2D,яичник,367,ACH-000542,Necroptosis initiators,1.7058868408203125
2D,яичник,368,ACH-001632,Necroptosis initiators,3.5702781677246094
2D,яичник,373,ACH-001048,Necroptosis initiators,6.925638198852539
2D,яичник,382,ACH-000524,Necroptosis initiators,-13.085643768310547
2D,яичник,383,ACH-000527,Necroptosis initiators,8.765850067138672
2D,яичник,384,ACH-000885,Necroptosis initiators,3.3446121215820312
2D,яичник,388,ACH-000278,Necroptosis initiators,-0.7710113525390625
2D,яичник,395,ACH-000696,Necroptosis initiators,-0.5748977661132812
2D,яичник,11,ACH-000123,Pyroptosis executioners,-7.656352996826172
2D,яичник,18,ACH-000520,Pyroptosis executioners,-6.511928558349609
2D,яичник,23,ACH-000704,Pyroptosis executioners,-14.60348129272461
2D,яичник,35,ACH-000608,Pyroptosis executioners,2.189453125
2D,яичник,54,ACH-001403,Pyroptosis executioners,3.6938552856445312
2D,яичник,101,ACH-001145,Pyroptosis executioners,-6.022991180419922
2D,яичник,103,ACH-000116,Pyroptosis executioners,-3.1673126220703125
2D,яичник,106,ACH-001373,Pyroptosis executioners,-6.513275146484375
2D,яичник,107,ACH-000324,Pyroptosis executioners,6.138511657714844
2D,яичник,109,ACH-001340,Pyroptosis executioners,-6.2970123291015625
2D,яичник,110,ACH-001369,Pyroptosis executioners,15.753273010253906
2D,яичник,124,ACH-000811,Pyroptosis executioners,3.6831130981445312
2D,яичник,125,ACH-000584,Pyroptosis executioners,-8.177520751953125
2D,яичник,137,ACH-000308,Pyroptosis executioners,9.700729370117188
2D,яичник,143,ACH-000048,Pyroptosis executioners,-2.9550819396972656
2D,яичник,159,ACH-000574,Pyroptosis executioners,-10.95529556274414
2D,яичник,162,ACH-000646,Pyroptosis executioners,12.043304443359375
2D,яичник,166,ACH-000430,Pyroptosis executioners,-2.02288818359375
2D,яичник,167,ACH-001630,Pyroptosis executioners,4.4675445556640625
2D,яичник,176,ACH-000962,Pyroptosis executioners,-0.5695266723632812
2D,яичник,179,ACH-000635,Pyroptosis executioners,5.31915283203125
2D,яичник,180,ACH-000966,Pyroptosis executioners,-2.106170654296875
2D,яичник,185,ACH-000657,Pyroptosis executioners,-0.9295082092285156
2D,яичник,190,ACH-000713,Pyroptosis executioners,-1.4103813171386719
2D,яичник,191,ACH-000719,Pyroptosis executioners,0.40027618408203125
2D,яичник,201,ACH-002486,Pyroptosis executioners,-10.19234848022461
2D,яичник,206,ACH-001278,Pyroptosis executioners,-2.7267379760742188
2D,яичник,215,ACH-000103,Pyroptosis executioners,-7.7718658447265625
2D,яичник,225,ACH-000947,Pyroptosis executioners,-7.715450286865234
2D,яичник,228,ACH-000333,Pyroptosis executioners,10.178909301757812
2D,яичник,237,ACH-000617,Pyroptosis executioners,-0.6823539733886719
2D,яичник,259,ACH-001279,Pyroptosis executioners,-15.229419708251953
2D,яичник,269,ACH-000237,Pyroptosis executioners,6.8423614501953125
2D,яичник,275,ACH-000132,Pyroptosis executioners,9.467018127441406
2D,яичник,276,ACH-001628,Pyroptosis executioners,6.61669921875
2D,яичник,277,ACH-000906,Pyroptosis executioners,-3.4064102172851562
2D,яичник,279,ACH-001370,Pyroptosis executioners,18.72179412841797
2D,яичник,280,ACH-000936,Pyroptosis executioners,-1.1874046325683594
2D,яичник,287,ACH-000013,Pyroptosis executioners,3.677734375
2D,яичник,292,ACH-000091,Pyroptosis executioners,26.26531219482422
2D,яичник,302,ACH-000460,Pyroptosis executioners,-4.292926788330078
2D,яичник,303,ACH-000443,Pyroptosis executioners,6.79132080078125
2D,яичник,318,ACH-000663,Pyroptosis executioners,1.3109817504882812
2D,яичник,320,ACH-000291,Pyroptosis executioners,10.39383316040039
2D,яичник,334,ACH-000409,Pyroptosis executioners,2.4957008361816406
2D,яичник,340,ACH-002524,Pyroptosis executioners,2.4957046508789062
2D,яичник,343,ACH-000796,Pyroptosis executioners,-2.2404861450195312
2D,яичник,347,ACH-000001,Pyroptosis executioners,0.6743011474609375
2D,яичник,352,ACH-000256,Pyroptosis executioners,-12.451644897460938
2D,яичник,355,ACH-001719,Pyroptosis executioners,0.15850067138671875
2D,яичник,357,ACH-001418,Pyroptosis executioners,0.835479736328125
2D,яичник,365,ACH-001151,Pyroptosis executioners,-8.349449157714844
2D,яичник,366,ACH-000701,Pyroptosis executioners,1.5258941650390625
2D,яичник,367,ACH-000542,Pyroptosis executioners,6.2970123291015625
2D,яичник,368,ACH-001632,Pyroptosis executioners,11.661834716796875
2D,яичник,373,ACH-001048,Pyroptosis executioners,-2.9685134887695312
2D,яичник,382,ACH-000524,Pyroptosis executioners,0.3062553405761719
2D,яичник,383,ACH-000527,Pyroptosis executioners,11.640342712402344
2D,яичник,384,ACH-000885,Pyroptosis executioners,-3.7717628479003906
2D,яичник,388,ACH-000278,Pyroptosis executioners,10.197715759277344
2D,яичник,395,ACH-000696,Pyroptosis executioners,0.002685546875
2D,яичник,11,ACH-000123,Pyroptosis initiators,-5.636148452758789
2D,яичник,18,ACH-000520,Pyroptosis initiators,9.233291625976562
2D,яичник,23,ACH-000704,Pyroptosis initiators,-1.625295639038086
2D,яичник,35,ACH-000608,Pyroptosis initiators,3.3204421997070312
2D,яичник,54,ACH-001403,Pyroptosis initiators,-7.395763397216797
2D,яичник,101,ACH-001145,Pyroptosis initiators,-5.405113220214844
2D,яичник,103,ACH-000116,Pyroptosis initiators,-5.689876556396484
2D,яичник,106,ACH-001373,Pyroptosis initiators,4.940361022949219
2D,яичник,107,ACH-000324,Pyroptosis initiators,3.680419921875
2D,яичник,109,ACH-001340,Pyroptosis initiators,0.0
2D,яичник,110,ACH-001369,Pyroptosis initiators,0.0
2D,яичник,124,ACH-000811,Pyroptosis initiators,-1.6897697448730469
2D,яичник,125,ACH-000584,Pyroptosis initiators,-1.4614219665527344
2D,яичник,137,ACH-000308,Pyroptosis initiators,0.6823558807373047
2D,яичник,143,ACH-000048,Pyroptosis initiators,-6.1223907470703125
2D,яичник,159,ACH-000574,Pyroptosis initiators,-5.125724792480469
2D,яичник,162,ACH-000646,Pyroptosis initiators,2.8341941833496094
2D,яичник,166,ACH-000430,Pyroptosis initiators,5.397056579589844
2D,яичник,167,ACH-001630,Pyroptosis initiators,0.0
2D,яичник,176,ACH-000962,Pyroptosis initiators,-2.2001914978027344
2D,яичник,179,ACH-000635,Pyroptosis initiators,3.462820053100586
2D,яичник,180,ACH-000966,Pyroptosis initiators,0.0
2D,яичник,185,ACH-000657,Pyroptosis initiators,4.6421661376953125
2D,яичник,190,ACH-000713,Pyroptosis initiators,0.0
2D,яичник,191,ACH-000719,Pyroptosis initiators,0.0
2D,яичник,201,ACH-002486,Pyroptosis initiators,0.0
2D,яичник,206,ACH-001278,Pyroptosis initiators,-14.791532516479492
2D,яичник,215,ACH-000103,Pyroptosis initiators,-1.2169570922851562
2D,яичник,225,ACH-000947,Pyroptosis initiators,3.1162681579589844
2D,яичник,228,ACH-000333,Pyroptosis initiators,4.400386810302734
2D,яичник,237,ACH-000617,Pyroptosis initiators,0.33580589294433594
2D,яичник,259,ACH-001279,Pyroptosis initiators,0.0
2D,яичник,269,ACH-000237,Pyroptosis initiators,0.0
2D,яичник,275,ACH-000132,Pyroptosis initiators,1.6387290954589844
2D,яичник,276,ACH-001628,Pyroptosis initiators,2.733449935913086
2D,яичник,277,ACH-000906,Pyroptosis initiators,4.752311706542969
2D,яичник,279,ACH-001370,Pyroptosis initiators,9.604019165039062
2D,яичник,280,ACH-000936,Pyroptosis initiators,-3.7502689361572266
2D,яичник,287,ACH-000013,Pyroptosis initiators,-1.6091766357421875
2D,яичник,292,ACH-000091,Pyroptosis initiators,10.678592681884766
2D,яичник,302,ACH-000460,Pyroptosis initiators,2.267354965209961
2D,яичник,303,ACH-000443,Pyroptosis initiators,7.374275207519531
2D,яичник,318,ACH-000663,Pyroptosis initiators,-2.2109375
2D,яичник,320,ACH-000291,Pyroptosis initiators,1.4076919555664062
2D,яичник,334,ACH-000409,Pyroptosis initiators,0.0
2D,яичник,340,ACH-002524,Pyroptosis initiators,0.010746002197265625
2D,яичник,343,ACH-000796,Pyroptosis initiators,-1.0718917846679688
2D,яичник,347,ACH-000001,Pyroptosis initiators,-1.7730484008789062
2D,яичник,352,ACH-000256,Pyroptosis initiators,1.928863525390625
2D,яичник,355,ACH-001719,Pyroptosis initiators,0.0
2D,яичник,357,ACH-001418,Pyroptosis initiators,1.8240928649902344
2D,яичник,365,ACH-001151,Pyroptosis initiators,4.201591491699219
2D,яичник,366,ACH-000701,Pyroptosis initiators,-1.0772628784179688
2D,яичник,367,ACH-000542,Pyroptosis initiators,10.724266052246094
2D,яичник,368,ACH-001632,Pyroptosis initiators,2.6756935119628906
2D,яичник,373,ACH-001048,Pyroptosis initiators,8.42198371887207
2D,яичник,382,ACH-000524,Pyroptosis initiators,-3.368793487548828
2D,яичник,383,ACH-000527,Pyroptosis initiators,3.7126598358154297
2D,яичник,384,ACH-000885,Pyroptosis initiators,-2.38555908203125
2D,яичник,388,ACH-000278,Pyroptosis initiators,0.0
2D,яичник,395,ACH-000696,Pyroptosis initiators,-1.6763381958007812
