gene	organ	self_included_baseline	self_included_corrected	controls_baseline	controls_corrected	removed_gene	added_gene	retained_order_preserved	reference_rank_target	max_control_gap_baseline	max_control_gap_corrected
TCL1A	stomach	1	0	400	400	TCL1A	RGS1	True	24.048999786376953	0.9456272125244141	0.9509983062744141
SDHA	stomach	1	0	400	400	SDHA	DPM1	True	93.7379150390625	1.2545623779296875	1.2572479248046875
ANLN	stomach	1	0	400	400	ANLN	MAF1	True	90.96281433105469	1.1256256103515625	1.1309814453125
ZFP64	stomach	1	0	400	400	ZFP64	GRB10	True	65.28852844238281	1.0530853271484375	1.0557708740234375
PRSS12	stomach	1	0	400	400	PRSS12	ELL3	True	49.83612823486328	1.1524810791015625	1.1551704406738281
MPST	stomach	1	0	400	400	MPST	AKR7A2	True	79.08338928222656	1.007415771484375	1.012786865234375
SYNDIG1	stomach	1	0	400	400	SYNDIG1	CST5	True	13.966794967651367	2.1894474029541016	2.1894474029541016
PPP1R3B	stomach	1	0	400	400	PPP1R3B	C1orf21	True	47.66279602050781	1.1175537109375	1.1175613403320312
SRCAP	stomach	1	0	400	400	SRCAP	BRCC3	True	71.25779724121094	0.996673583984375	0.9993438720703125
FTMT	stomach	1	0	400	400	FTMT	PRAMEF33	True	7.994841575622559	0.0	0.0
RAB5A	stomach	1	0	400	400	RAB5A	DNTTIP2	True	85.48516845703125	1.1068115234375	1.1094970703125
MRPL50	stomach	1	0	400	400	MRPL50	PTPN23	True	70.99452209472656	0.9966659545898438	0.996673583984375
NAGA	stomach	1	0	400	400	NAGA	DYRK2	True	65.32076263427734	1.0503921508789062	1.0530853271484375
TAFA3	stomach	1	0	400	400	TAFA3	SLC2A5	True	25.08327865600586	0.8918991088867188	0.8972721099853516
FYB1	stomach	1	0	400	400	FYB1	ANKRD20A1	True	23.965721130371094	0.9402542114257812	0.9429397583007812
HMOX2	stomach	1	0	400	400	HMOX2	WDR74	True	86.91972351074219	1.1175689697265625	1.1202545166015625
TMEM266	stomach	1	0	400	400	TMEM266	SEMA4A	True	32.96260452270508	1.0638313293457031	1.0665168762207031
SCAMP1	stomach	1	0	400	400	SCAMP1	ETNK1	True	79.58038330078125	1.0020294189453125	1.002044677734375
TRA2B	stomach	1	0	400	400	TRA2B	AP2S1	True	97.33505249023438	1.3082962036132812	1.3109817504882812
FOXO1	stomach	1	0	400	400	FOXO1	HERC3	True	48.48753356933594	1.0906906127929688	1.0933837890625
CEP44	stomach	1	0	400	400	CEP44	WDFY3	True	62.696109771728516	0.9899520874023438	0.9912948608398438
IZUMO3	stomach	1	0	400	400	IZUMO3	C1QB	True	8.086180686950684	0.091339111328125	0.091339111328125
DENND10	stomach	1	0	400	400	DENND10	MBD2	True	77.14378356933594	1.165924072265625	1.1685943603515625
SLC1A2	stomach	1	0	400	400	SLC1A2	KCNN2	True	24.661510467529297	0.9093608856201172	0.92144775390625
UBE2M	stomach	1	0	400	400	UBE2M	CDK2AP2	True	92.14216613769531	1.176666259765625	1.176666259765625
FSHR	stomach	1	0	400	400	FSHR	C1QB	True	8.086180686950684	0.091339111328125	0.091339111328125
FCRL5	stomach	1	0	400	400	FCRL5	CCL4L2	True	9.552976608276367	0.996668815612793	0.996668815612793
AMY1C	stomach	1	0	400	400	AMY1C	KRTAP10-4	True	8.177519798278809	0.091339111328125	0.091339111328125
FBXO2	stomach	1	0	400	400	FBXO2	SNAPC3	True	62.1346435546875	0.9590606689453125	0.9644317626953125
TGM7	stomach	1	0	400	400	TGM7	KRTAP10-4	True	8.177519798278809	0.091339111328125	0.091339111328125
KRTAP5-5	stomach	1	0	400	400	KRTAP5-5	KRTAP10-4	True	8.177519798278809	0.091339111328125	0.091339111328125
TP53TG3B	stomach	1	0	400	400	TP53TG3B	ZG16	True	14.599452018737793	2.217656135559082	2.217656135559082
PCDH8	stomach	1	0	400	400	PCDH8	SULT1E1	True	16.615623474121094	1.4211273193359375	1.423811912536621
GRIA1	stomach	1	0	400	400	GRIA1	OR2A42	True	19.003868103027344	1.1524810791015625	1.1578559875488281
PRKAB1	stomach	1	0	400	400	PRKAB1	TMEM98	True	71.3330078125	0.991302490234375	0.993988037109375
PUM3	stomach	1	0	400	400	PUM3	ZWILCH	True	78.62400817871094	1.0611419677734375	1.0611419677734375
ADPRHL1	stomach	1	0	400	400	ADPRHL1	KDM7A	True	46.84612274169922	1.1739730834960938	1.1739768981933594
PTPRB	stomach	1	0	400	400	PTPRB	NINJ2	True	38.83247375488281	1.0289077758789062	1.0315933227539062
ABCG8	stomach	1	0	400	400	ABCG8	SLC26A8	True	19.807113647460938	1.1121864318847656	1.1121864318847656
LRFN3	stomach	1	0	400	400	LRFN3	CELSR2	True	50.78443908691406	1.0530853271484375	1.0584564208984375
SCAPER	stomach	1	0	400	400	SCAPER	ZNF10	True	51.61723327636719	0.9805450439453125	0.9832305908203125
TIGD5	stomach	1	0	400	400	TIGD5	OPHN1	True	45.505584716796875	1.1256217956542969	1.1309890747070312
HNRNPU	stomach	1	0	400	400	HNRNPU	NDUFA4	True	97.781005859375	1.364715576171875	1.367401123046875
OR51G2	stomach	1	0	400	400	OR51G2	KRTAP10-4	True	8.177519798278809	0.091339111328125	0.091339111328125
PROM1	stomach	1	0	400	400	PROM1	CPED1	True	31.82355499267578	1.0450248718261719	1.0477104187011719
ARL4A	stomach	1	0	400	400	ARL4A	NEMF	True	84.34342956542969	1.1309967041015625	1.1336822509765625
LAP3	stomach	1	0	400	400	LAP3	FBXO9	True	86.753173828125	1.1202468872070312	1.1256256103515625
ZNF319	stomach	1	0	400	400	ZNF319	LBX2	True	43.93939208984375	1.1712875366210938	1.1739730834960938
KNOP1	stomach	1	0	400	400	KNOP1	ABR	True	75.30894470214844	1.012786865234375	1.020843505859375
NEK4	stomach	1	0	400	400	NEK4	MIGA2	True	64.06350708007812	1.0584564208984375	1.0611419677734375
FXR2	stomach	1	0	400	400	FXR2	TARBP1	True	70.30679321289062	0.9778594970703125	0.9778594970703125
ZNF222	stomach	1	0	400	400	ZNF222	DUSP28	True	47.136253356933594	1.1444244384765625	1.1497917175292969
CD8B	stomach	1	0	400	400	CD8B	ANKRD33	True	11.777347564697266	1.0181598663330078	1.0181598663330078
SLC35C1	stomach	1	0	400	400	SLC35C1	LINS1	True	65.98162841796875	1.0503997802734375	1.0530853271484375
ACER2	stomach	1	0	400	400	ACER2	ALDH1L2	True	38.98560333251953	1.018157958984375	1.0235366821289062
FAHD1	stomach	1	0	400	400	FAHD1	LZTS2	True	75.78712463378906	1.028900146484375	1.028900146484375
GAS1	stomach	1	0	400	400	GAS1	COL14A1	True	27.202880859375	1.0342788696289062	1.036966323852539
NCF4	stomach	1	0	400	400	NCF4	CALY	True	23.984525680541992	0.9429416656494141	0.9456272125244141
CSNK1A1	stomach	1	0	400	400	CSNK1A1	KDELR2	True	94.65936279296875	1.3405303955078125	1.3405303955078125
UQCC1	stomach	1	0	400	400	UQCC1	USB1	True	83.13185119628906	1.0772628784179688	1.0772628784179688
BLOC1S3	stomach	1	0	400	400	BLOC1S3	WARS2	True	56.240596771240234	1.0584564208984375	1.0611457824707031
CEP68	stomach	1	0	400	400	CEP68	RABL2A	True	49.6641960144043	1.1659126281738281	1.1659126281738281
EDA2R	stomach	1	0	400	400	EDA2R	PROK1	True	18.21942901611328	1.1094989776611328	1.1094989776611328
CDNF	stomach	1	0	400	400	CDNF	ACAP1	True	37.80894088745117	1.1632270812988281	1.1685981750488281
CACNG2	stomach	1	0	400	400	CACNG2	GHRHR	True	8.49586296081543	0.06044483184814453	0.06044483184814453
PELI2	stomach	1	0	400	400	PELI2	ERICH6B	True	35.544273376464844	1.0423393249511719	1.0503997802734375
AHRR	stomach	1	0	400	400	AHRR	KRT5	True	41.49205017089844	1.0745773315429688	1.0772628784179688
HES4	stomach	1	0	400	400	HES4	HES6	True	59.386417388916016	1.0181617736816406	1.0208473205566406
LRRC28	stomach	1	0	400	400	LRRC28	CEP85	True	62.41806411743164	0.9389114379882812	0.9415931701660156
ZNF491	stomach	1	0	400	400	ZNF491	BMP7	True	33.387062072753906	1.0611419677734375	1.0665168762207031
CYP11B1	stomach	1	0	400	400	CYP11B1	PRAMEF33	True	7.994841575622559	0.0	0.0
OARD1	stomach	1	0	400	400	OARD1	AAAS	True	81.79669189453125	1.0718841552734375	1.0772552490234375
ZNF26	stomach	1	0	400	400	ZNF26	TMEM38A	True	53.44401550292969	1.0289077758789062	1.0315933227539062
CCNB3	stomach	1	0	400	400	CCNB3	DTX1	True	33.019020080566406	1.0638275146484375	1.0638313293457031
SLC35D1	stomach	1	0	400	400	SLC35D1	NPIPA7	True	55.75703811645508	1.0571136474609375	1.0584602355957031
UNC80	stomach	1	0	400	400	UNC80	ZBTB16	True	17.612293243408203	1.1847190856933594	1.1847190856933594
LUZP1	stomach	1	0	400	400	LUZP1	ZNF134	True	58.79808807373047	1.0718879699707031	1.0718917846679688
TMEM192	stomach	1	0	400	400	TMEM192	DTNBP1	True	62.76595687866211	1.0047264099121094	1.0074119567871094
CENPH	stomach	1	0	400	400	CENPH	TOR4A	True	70.86288452148438	0.9832305908203125	0.9832305908203125
MMP14	stomach	1	0	400	400	MMP14	BCAS2	True	85.46367645263672	1.1041183471679688	1.1068191528320312
ENPP1	stomach	1	0	400	400	ENPP1	ENG	True	41.41951370239258	1.1014404296875	1.1041221618652344
NT5DC4	stomach	1	0	400	400	NT5DC4	PSAPL1	True	26.697830200195312	0.9886093139648438	0.9912948608398438
CDCP2	stomach	1	0	400	400	CDCP2	FABP2	True	10.098323822021484	1.2357616424560547	1.2357616424560547
RPL7	stomach	1	0	400	400	RPL7	BZW1	True	99.77970886230469	2.4715194702148438	2.482269287109375
S100G	stomach	1	0	400	400	S100G	KRTAP10-4	True	8.177519798278809	0.091339111328125	0.091339111328125
OR52J3	stomach	1	0	400	400	OR52J3	PRAMEF33	True	7.994841575622559	0.0	0.0
ADGRG1	stomach	1	0	400	400	ADGRG1	ATG4B	True	86.07081604003906	1.0960693359375	1.1014404296875
SLC7A9	stomach	1	0	400	400	SLC7A9	SUMO4	True	28.949066162109375	1.0477104187011719	1.0503959655761719
GBF1	stomach	1	0	400	400	GBF1	JOSD1	True	78.51117706298828	1.0692062377929688	1.0772628784179688
SLC1A5	stomach	1	0	400	400	SLC1A5	DLD	True	95.8924331665039	1.3378524780273438	1.3405303955078125
KHDC4	stomach	1	0	400	400	KHDC4	TIMM44	True	82.40919494628906	1.0718994140625	1.0772628784179688
TMEM241	stomach	1	0	400	400	TMEM241	SIMC1	True	55.38093566894531	1.0342788696289062	1.0369644165039062
USP9Y	stomach	1	0	400	400	USP9Y	LRRC4	True	22.206104278564453	1.0248756408691406	1.0369644165039062
DPH2	stomach	1	0	400	400	DPH2	TMED1	True	79.0645751953125	1.004730224609375	1.0127792358398438
MBTPS2	stomach	1	0	400	400	MBTPS2	SOCS6	True	63.45100021362305	1.0369606018066406	1.0423393249511719
LY86	stomach	1	0	400	400	LY86	GGTLC3	True	8.466312408447266	0.0899953842163086	0.0899953842163086
MAPKBP1	stomach	1	0	400	400	MAPKBP1	ZBTB25	True	52.012142181396484	1.0047264099121094	1.007415771484375
MIS18BP1	stomach	1	0	400	400	MIS18BP1	ALG2	True	79.12905883789062	1.007415771484375	1.012786865234375
TULP1	stomach	1	0	400	400	TULP1	RNF225	True	23.99795913696289	0.9402542114257812	0.9415969848632812
GPR45	stomach	1	0	400	400	GPR45	RNASE7	True	22.549968719482422	1.0262203216552734	1.0315914154052734
EDNRB	stomach	1	0	400	400	EDNRB	MAT1A	True	26.649473190307617	0.9751777648925781	0.9778633117675781
PIGZ	stomach	1	0	400	400	PIGZ	LBX2	True	46.311519622802734	1.198150634765625	1.1981544494628906
MKRN2OS	stomach	1	0	400	400	MKRN2OS	ENG	True	39.3052864074707	1.010101318359375	1.0101051330566406
ALDH16A1	stomach	1	0	400	400	ALDH16A1	ARL14EP	True	69.26847839355469	0.9657745361328125	0.9657745361328125
NR2C2AP	stomach	1	0	400	400	NR2C2AP	SLC39A3	True	74.41703796386719	1.015472412109375	1.0208511352539062
DUSP3	stomach	1	0	400	400	DUSP3	ZCCHC10	True	76.7676773071289	1.1390533447265625	1.1417312622070312
AMHR2	stomach	1	0	400	400	AMHR2	SMC1B	True	20.91392707824707	1.0933799743652344	1.0933799743652344
ATP5PD	stomach	1	0	400	400	ATP5PD	RPL14	True	97.91263580322266	1.378143310546875	1.3835220336914062
MBNL1	stomach	1	0	400	400	MBNL1	ZFAND3	True	86.25886535644531	1.1041259765625	1.1148757934570312
ADAMTS12	stomach	1	0	400	400	ADAMTS12	DOCK3	True	33.4649658203125	1.0584602355957031	1.0611419677734375
DEFB126	stomach	1	0	400	400	DEFB126	GHRHR	True	8.49586296081543	0.06044483184814453	0.06044483184814453
FOXJ3	stomach	1	0	400	400	FOXJ3	MKLN1	True	72.19535827636719	1.018157958984375	1.018157958984375
SOBP	stomach	1	0	400	400	SOBP	ITIH4	True	37.4650764465332	1.1524810791015625	1.1524848937988281
NKIRAS1	stomach	1	0	400	400	NKIRAS1	PIK3CA	True	60.07951736450195	1.0208473205566406	1.0315895080566406
OTOS	stomach	1	0	400	400	OTOS	C1QB	True	8.086180686950684	0.091339111328125	0.091339111328125
GPR137	stomach	1	0	400	400	GPR137	LETM1	True	73.86900329589844	1.0826263427734375	1.0853118896484375
OR5J2	stomach	1	0	400	400	OR5J2	PRAMEF33	True	7.994841575622559	0.0	0.0
PHF2	stomach	1	0	400	400	PHF2	ANKS3	True	60.60874557495117	0.9778633117675781	0.9805488586425781
VIPR2	stomach	1	0	400	400	VIPR2	CAPSL	True	10.759187698364258	1.0181598663330078	1.0181598663330078
GANAB	stomach	1	0	400	400	GANAB	RSL1D1	True	97.50161743164062	1.3002395629882812	1.3002471923828125
COL15A1	stomach	1	0	400	400	COL15A1	MYOT	True	20.00859832763672	1.1766624450683594	1.1766624450683594
SLC16A14	stomach	1	0	400	400	SLC16A14	LRRC37A3	True	42.182464599609375	1.0047264099121094	1.0047264099121094
IYD	stomach	1	0	400	400	IYD	ZNF662	True	19.0978946685791	1.1739749908447266	1.1766605377197266
RARA	stomach	1	0	400	400	RARA	MXD4	True	60.26488494873047	1.002044677734375	1.004730224609375
MCF2L	stomach	1	0	400	400	MCF2L	MB21D2	True	49.97582244873047	1.1283035278320312	1.1309890747070312
TCP11X2	stomach	1	0	400	400	TCP11X2	GGTLC3	True	8.466312408447266	0.0899953842163086	0.0899953842163086
GPNMB	stomach	1	0	400	400	GPNMB	AGAP5	True	45.661399841308594	1.1094970703125	1.1121826171875
RASSF6	stomach	1	0	400	400	RASSF6	SETSIP	True	39.6706428527832	1.0369682312011719	1.0369682312011719
BTBD16	stomach	1	0	400	400	BTBD16	CCL26	True	27.420482635498047	1.0571136474609375	1.0584583282470703
RNASEH2B	stomach	1	0	400	400	RNASEH2B	UBE3A	True	81.6865463256836	1.0799484252929688	1.0826339721679688
SAGE1	stomach	1	0	400	400	SAGE1	CCL4L2	True	9.552976608276367	0.996668815612793	0.996668815612793
TRIM49B	stomach	1	0	400	400	TRIM49B	C1QB	True	8.086180686950684	0.091339111328125	0.091339111328125
FGF16	stomach	1	0	400	400	FGF16	C1QB	True	8.086180686950684	0.091339111328125	0.091339111328125
AGAP4	stomach	1	0	400	400	AGAP4	PANK1	True	53.049110412597656	1.0557670593261719	1.0557708740234375
OVOL3	stomach	1	0	400	400	OVOL3	POU4F3	True	23.617828369140625	0.9980106353759766	1.0006980895996094
UBA5	stomach	1	0	400	400	UBA5	INO80E	True	83.30110168457031	1.0853271484375	1.0880126953125
AKAP9	stomach	1	0	400	400	AKAP9	GCAT	True	67.25499725341797	1.0557708740234375	1.0557708740234375
ZNF688	stomach	1	0	400	400	ZNF688	SNRK	True	50.55340576171875	1.0853233337402344	1.0880050659179688
KLLN	stomach	1	0	400	400	KLLN	TMOD4	True	35.44218826293945	1.0477104187011719	1.0557670593261719
CCR6	stomach	1	0	400	400	CCR6	MAGEB3	True	8.75107479095459	0.25521183013916016	0.25521183013916016
SMIM40	stomach	0	0	400	400			True	7.994841575622559	0.0	0.0
PODXL	stomach	1	0	400	400	PODXL	PML	True	64.58064270019531	1.08935546875	1.0947189331054688
NOLC1	stomach	1	0	400	400	NOLC1	DBNL	True	91.20997619628906	1.1041259765625	1.1094970703125
RANBP2	stomach	1	0	400	400	RANBP2	USP21	True	73.87706756591797	1.0880050659179688	1.0880050659179688
WAPL	stomach	1	0	400	400	WAPL	TTK	True	75.41908264160156	1.018157958984375	1.018157958984375
NLGN2	stomach	1	0	400	400	NLGN2	TSPAN12	True	51.24919128417969	1.023529052734375	1.0235366821289062
OR5D14	stomach	1	0	400	400	OR5D14	PRAMEF33	True	7.994841575622559	0.0	0.0
TGFBR2	stomach	1	0	400	400	TGFBR2	TBC1D1	True	74.32032775878906	1.0342864990234375	1.0369644165039062
ADCYAP1R1	stomach	1	0	400	400	ADCYAP1R1	INMT	True	16.449064254760742	1.445302963256836	1.4506778717041016
BBS10	stomach	1	0	400	400	BBS10	TNFRSF10D	True	56.76713943481445	1.0181617736816406	1.0181617736816406
GUCD1	stomach	1	0	400	400	GUCD1	FAM98A	True	81.78863525390625	1.0692062377929688	1.0692138671875
LARGE2	stomach	1	0	400	400	LARGE2	WARS2	True	58.34945297241211	1.0423393249511719	1.0477104187011719
CIRBP	stomach	1	0	400	400	CIRBP	SRSF7	True	97.3511734008789	1.3109817504882812	1.3136672973632812
SULT1E1	stomach	1	0	400	400	SULT1E1	METTL24	True	15.191811561584473	1.9315500259399414	1.9342374801635742
VLDLR	stomach	1	0	400	400	VLDLR	OSR2	True	44.417579650878906	1.1686019897460938	1.1766586303710938
CFAP69	stomach	1	0	400	400	CFAP69	RTN4RL2	True	42.64453125	1.0665130615234375	1.0665168762207031
ZNF132	stomach	1	0	400	400	ZNF132	SMIM24	True	38.44025421142578	1.0906906127929688	1.1041259765625
TAS2R8	stomach	1	0	400	400	TAS2R8	GGTLC3	True	8.466312408447266	0.0899953842163086	0.0899953842163086
BICC1	stomach	1	0	400	400	BICC1	NFASC	True	30.955835342407227	1.0127887725830078	1.0154743194580078
CCNG1	stomach	1	0	400	400	CCNG1	HECTD1	True	91.06759643554688	1.0906906127929688	1.0933837890625
ZNF335	stomach	1	0	400	400	ZNF335	TGFA	True	56.323875427246094	1.0665130615234375	1.0692062377929688
CCNQ	stomach	1	0	400	400	CCNQ	CCNT2	True	71.13421630859375	0.9912948608398438	0.993988037109375
ZNF718	stomach	1	0	400	400	ZNF718	C6orf141	True	43.70030212402344	1.1524810791015625	1.1524848937988281
SPATA9	stomach	1	0	400	400	SPATA9	SNCA	True	30.131099700927734	0.9886074066162109	0.9912948608398438
NHSL1	stomach	1	0	400	400	NHSL1	ZNF669	True	49.85762023925781	1.1524810791015625	1.1524810791015625
RPGRIP1L	stomach	1	0	400	400	RPGRIP1L	ZNF335	True	55.265419006347656	1.0557708740234375	1.0584564208984375
CXorf66	stomach	1	0	400	400	CXorf66	PRAMEF33	True	7.994841575622559	0.0	0.0
CD40	stomach	1	0	400	400	CD40	FBP2	True	28.75564193725586	1.0745773315429688	1.0772628784179688
ZNF396	stomach	1	0	400	400	ZNF396	PRRX2	True	35.98216247558594	1.0450248718261719	1.0477104187011719
USP35	stomach	1	0	400	400	USP35	C1orf53	True	48.32903289794922	1.1068153381347656	1.1095046997070312
CSRP2	stomach	1	0	400	400	CSRP2	ALKBH1	True	60.10638427734375	1.0289039611816406	1.0302505493164062
ZBTB47	stomach	1	0	400	400	ZBTB47	L3MBTL1	True	43.077049255371094	1.1014404296875	1.1041259765625
VCX2	stomach	1	0	400	400	VCX2	OR2T8	True	8.306468963623047	0.12894916534423828	0.12894916534423828
B3GNT7	stomach	1	0	400	400	B3GNT7	LOX	True	37.08897399902344	1.1148757934570312	1.1175613403320312
IQSEC3	stomach	1	0	400	400	IQSEC3	CPA5	True	18.72447967529297	1.1283035278320312	1.1363639831542969
ASS1	stomach	1	0	400	400	ASS1	LPCAT3	True	82.7154541015625	1.0691986083984375	1.0799484252929688
FAM161B	stomach	1	0	400	400	FAM161B	PYROXD2	True	48.052330017089844	1.1712875366210938	1.1712875366210938
TCF24	stomach	1	0	400	400	TCF24	BCL2L14	True	32.76649475097656	1.0611419677734375	1.0611438751220703
CYP3A5	stomach	1	0	400	400	CYP3A5	UFSP1	True	42.894371032714844	1.1283035278320312	1.1283035278320312
SCTR	stomach	1	0	400	400	SCTR	MAGEB3	True	8.75107479095459	0.25521183013916016	0.25521183013916016
ZNF582	stomach	1	0	400	400	ZNF582	GOLGA8H	True	27.04438018798828	1.0342788696289062	1.0423393249511719
PRAC2	stomach	1	0	400	400	PRAC2	OTOP3	True	11.334085464477539	0.5748977661132812	0.5748977661132812
CNGA2	stomach	1	0	400	400	CNGA2	OR2T8	True	8.314528465270996	0.1370086669921875	0.1370086669921875
BTC	stomach	1	0	400	400	BTC	AMT	True	42.002471923828125	1.0342788696289062	1.0369644165039062
GRIN2D	stomach	1	0	400	400	GRIN2D	LYPD1	True	39.55512619018555	1.0289039611816406	1.0315895080566406
CNTRL	stomach	1	0	400	400	CNTRL	HSPBAP1	True	54.63948059082031	1.0611419677734375	1.0611419677734375
TNRC6A	stomach	1	0	400	400	TNRC6A	TBP	True	69.24295806884766	0.9832382202148438	0.9845809936523438
ATRNL1	stomach	1	0	400	400	ATRNL1	C1QTNF2	True	27.73210906982422	1.0396537780761719	1.042337417602539
REX1BD	stomach	1	0	400	400	REX1BD	KMT2D	True	74.81195068359375	0.993988037109375	0.9966659545898438
SPRY3	stomach	1	0	400	400	SPRY3	TEX52	True	32.422630310058594	1.0208473205566406	1.0235328674316406
C12orf56	stomach	1	0	400	400	C12orf56	GRIP1	True	38.17966842651367	1.1095008850097656	1.1121864318847656
EEF1B2	stomach	1	0	400	400	EEF1B2	BZW1	True	99.31764221191406	2.0094528198242188	2.02020263671875
ZRANB2	stomach	1	0	400	400	ZRANB2	MALSU1	True	89.43960571289062	1.2277069091796875	1.2277069091796875
UBE2D2	stomach	1	0	400	400	UBE2D2	UBE2M	True	91.04341125488281	1.0987548828125	1.0987548828125
MICALL2	stomach	1	0	400	400	MICALL2	C18orf32	True	61.06813049316406	0.9348831176757812	0.9375686645507812
TNFAIP2	stomach	1	0	400	400	TNFAIP2	INAFM2	True	55.1122932434082	1.0503959655761719	1.0503959655761719
LYVE1	stomach	1	0	400	400	LYVE1	CAPSL	True	10.759187698364258	1.0181598663330078	1.0181598663330078
CTRB1	stomach	1	0	400	400	CTRB1	PPEF1	True	21.781646728515625	1.0799484252929688	1.0799484252929688
TBCEL	stomach	1	0	400	400	TBCEL	DSTYK	True	50.60982131958008	1.0960655212402344	1.0987510681152344
MRPS26	stomach	1	0	400	400	MRPS26	LIMA1	True	88.52621459960938	1.2035293579101562	1.2089004516601562
TCL1A	large_intestine	1	0	400	400	TCL1A	KCNQ5	True	21.644638061523438	1.1793460845947266	1.1847190856933594
SDHA	large_intestine	1	0	400	400	SDHA	NPTN	True	94.28594207763672	1.1874008178710938	1.1874008178710938
ANLN	large_intestine	1	0	400	400	ANLN	BOP1	True	86.16484069824219	1.1283035278320312	1.1309967041015625
ZFP64	large_intestine	1	0	400	400	ZFP64	RO60	True	62.17225646972656	0.9805488586425781	0.9832382202148438
PRSS12	large_intestine	1	0	400	400	PRSS12	NCR3LG1	True	49.349884033203125	1.0906906127929688	1.0933799743652344
MPST	large_intestine	1	0	400	400	MPST	TJP1	True	81.28357696533203	1.0786056518554688	1.0799484252929688
SYNDIG1	large_intestine	1	0	400	400	SYNDIG1	SMYD1	True	10.508005142211914	0.8757781982421875	0.8757781982421875
PPP1R3B	large_intestine	1	0	400	400	PPP1R3B	MAP7D3	True	49.006019592285156	1.1497955322265625	1.1497955322265625
SRCAP	large_intestine	1	0	400	400	SRCAP	MTMR4	True	67.89436340332031	1.036956787109375	1.039642333984375
FTMT	large_intestine	1	0	400	400	FTMT	OR5L1	True	8.260799407958984	0.014775276184082031	0.014775276184082031
RAB5A	large_intestine	1	0	400	400	RAB5A	MED28	True	84.44283294677734	1.0987548828125	1.1014404296875
MRPL50	large_intestine	1	0	400	400	MRPL50	CLASRP	True	75.95368957519531	1.0718841552734375	1.0745697021484375
NAGA	large_intestine	1	0	400	400	NAGA	LRRC40	True	63.700836181640625	0.9993515014648438	1.0020370483398438
TAFA3	large_intestine	1	0	400	400	TAFA3	ZNF549	True	22.31893539428711	1.1874046325683594	1.1874046325683594
FYB1	large_intestine	1	0	400	400	FYB1	USP44	True	24.374061584472656	1.034280776977539	1.0423355102539062
HMOX2	large_intestine	1	0	400	400	HMOX2	USP8	True	86.60541534423828	1.1068191528320312	1.1121826171875
TMEM266	large_intestine	1	0	400	400	TMEM266	HHIPL2	True	29.12636947631836	1.0369644165039062	1.0396499633789062
SCAMP1	large_intestine	1	0	400	400	SCAMP1	NXF1	True	79.74961853027344	1.0557708740234375	1.0557708740234375
TRA2B	large_intestine	1	0	400	400	TRA2B	RPL36AL	True	97.46937561035156	1.2357635498046875	1.2357635498046875
FOXO1	large_intestine	1	0	400	400	FOXO1	BRICD5	True	47.8293571472168	1.2518806457519531	1.2545661926269531
CEP44	large_intestine	1	0	400	400	CEP44	ZNF91	True	59.9559440612793	1.0289039611816406	1.0315895080566406
IZUMO3	large_intestine	1	0	400	400	IZUMO3	CMA1	True	8.745701789855957	0.16655921936035156	0.16655921936035156
DENND10	large_intestine	1	0	400	400	DENND10	SCAMP4	True	79.93498992919922	1.0530776977539062	1.0557785034179688
SLC1A2	large_intestine	1	0	400	400	SLC1A2	ZNF415	True	25.507736206054688	1.015472412109375	1.018157958984375
UBE2M	large_intestine	1	0	400	400	UBE2M	TK1	True	91.01923370361328	1.1524887084960938	1.1524887084960938
FSHR	large_intestine	1	0	400	400	FSHR	SPO11	True	8.41661262512207	0.11954593658447266	0.11954593658447266
FCRL5	large_intestine	1	0	400	400	FCRL5	ATCAY	True	14.917795181274414	2.0604991912841797	2.0658721923828125
AMY1C	large_intestine	1	0	400	400	AMY1C	OR8A1	True	8.794057846069336	0.1423816680908203	0.1423816680908203
FBXO2	large_intestine	1	0	400	400	FBXO2	PARD3B	True	42.84870147705078	1.0826377868652344	1.0853195190429688
TGM7	large_intestine	1	0	400	400	TGM7	OR8A1	True	8.794057846069336	0.1423816680908203	0.1423816680908203
KRTAP5-5	large_intestine	1	0	400	400	KRTAP5-5	HS3ST4	True	9.309854507446289	0.17193222045898438	0.17193222045898438
TP53TG3B	large_intestine	1	0	400	400	TP53TG3B	HS3ST4	True	9.321943283081055	0.15984344482421875	0.15984344482421875
PCDH8	large_intestine	1	0	400	400	PCDH8	CYP2A6	True	12.410004615783691	0.8233938217163086	0.8233938217163086
GRIA1	large_intestine	1	0	400	400	GRIA1	PRB2	True	12.85998249053955	1.1283044815063477	1.1283044815063477
PRKAB1	large_intestine	1	0	400	400	PRKAB1	SCCPDH	True	76.22770690917969	1.0691986083984375	1.0772552490234375
PUM3	large_intestine	1	0	400	400	PUM3	CDC42SE2	True	82.48173522949219	1.0665130615234375	1.0665206909179688
ADPRHL1	large_intestine	1	0	400	400	ADPRHL1	SYNJ1	True	47.181922912597656	1.192779541015625	1.198150634765625
PTPRB	large_intestine	1	0	400	400	PTPRB	ANKS4B	True	46.257789611816406	1.1793441772460938	1.1793479919433594
ABCG8	large_intestine	1	0	400	400	ABCG8	CHRDL1	True	19.522350311279297	1.1847190856933594	1.1900901794433594
LRFN3	large_intestine	1	0	400	400	LRFN3	AHDC1	True	46.01332473754883	1.1685981750488281	1.1686019897460938
SCAPER	large_intestine	1	0	400	400	SCAPER	ZNF696	True	49.341819763183594	1.0987510681152344	1.0987548828125
TIGD5	large_intestine	1	0	400	400	TIGD5	PRDM5	True	44.22146987915039	1.1471099853515625	1.1471099853515625
HNRNPU	large_intestine	1	0	400	400	HNRNPU	EPCAM	True	97.93144226074219	1.27069091796875	1.2733688354492188
OR51G2	large_intestine	1	0	400	400	OR51G2	PRR30	True	8.842412948608398	0.18133544921875	0.18133544921875
PROM1	large_intestine	1	0	400	400	PROM1	FIBCD1	True	46.87567138671875	1.1659164428710938	1.1766586303710938
ARL4A	large_intestine	1	0	400	400	ARL4A	NSMCE1	True	87.15882110595703	1.0906906127929688	1.0933761596679688
LAP3	large_intestine	1	0	400	400	LAP3	PGRMC2	True	87.84923553466797	1.0987548828125	1.1041336059570312
ZNF319	large_intestine	1	0	400	400	ZNF319	PRDM5	True	44.22146987915039	1.1471099853515625	1.1471099853515625
KNOP1	large_intestine	1	0	400	400	KNOP1	KLHL7	True	74.50569152832031	1.1068191528320312	1.1094970703125
NEK4	large_intestine	1	0	400	400	NEK4	CLK4	True	63.142059326171875	0.9617462158203125	0.9644317626953125
FXR2	large_intestine	1	0	400	400	FXR2	ELOVL7	True	66.72308349609375	1.0638275146484375	1.0665130615234375
ZNF222	large_intestine	1	0	400	400	ZNF222	SCML2	True	43.61970901489258	1.1283073425292969	1.1336784362792969
CD8B	large_intestine	1	0	400	400	CD8B	SLC17A4	True	25.20148277282715	1.0208454132080078	1.0208454132080078
SLC35C1	large_intestine	1	0	400	400	SLC35C1	TAF1	True	71.49688720703125	1.026214599609375	1.0289077758789062
ACER2	large_intestine	1	0	400	400	ACER2	ATP2A3	True	43.56866455078125	1.1229324340820312	1.1256179809570312
FAHD1	large_intestine	1	0	400	400	FAHD1	LAMC2	True	76.42918395996094	1.0933761596679688	1.0933837890625
GAS1	large_intestine	1	0	400	400	GAS1	RAB40AL	True	24.332420349121094	1.0195045471191406	1.0221900939941406
NCF4	large_intestine	1	0	400	400	NCF4	HEYL	True	30.04513168334961	1.042337417602539	1.0423393249511719
CSNK1A1	large_intestine	1	0	400	400	CSNK1A1	CTSC	True	94.98979187011719	1.28680419921875	1.28948974609375
UQCC1	large_intestine	1	0	400	400	UQCC1	PRKAA1	True	84.64431762695312	1.1605453491210938	1.1686019897460938
BLOC1S3	large_intestine	1	0	400	400	BLOC1S3	CXCL1	True	55.53406524658203	1.0933761596679688	1.0933799743652344
CEP68	large_intestine	1	0	400	400	CEP68	HYKK	True	50.542659759521484	1.0396537780761719	1.0396537780761719
EDA2R	large_intestine	1	0	400	400	EDA2R	BPIFB1	True	20.175155639648438	1.1417350769042969	1.1471099853515625
CDNF	large_intestine	1	0	400	400	CDNF	BMP2	True	38.98828887939453	1.2397918701171875	1.2411346435546875
CACNG2	large_intestine	1	0	400	400	CACNG2	FAM162B	True	9.023748397827148	0.2296905517578125	0.2296905517578125
PELI2	large_intestine	1	0	400	400	PELI2	RXFP4	True	36.033203125	1.0799484252929688	1.0826339721679688
AHRR	large_intestine	1	0	400	400	AHRR	MSMP	True	40.05211639404297	1.182037353515625	1.1847190856933594
HES4	large_intestine	1	0	400	400	HES4	TTI2	True	55.67644500732422	1.0799484252929688	1.0826339721679688
LRRC28	large_intestine	1	0	400	400	LRRC28	ZBTB11	True	62.23404312133789	0.9832344055175781	0.9832344055175781
ZNF491	large_intestine	1	0	400	400	ZNF491	ZNF382	True	29.626047134399414	1.078603744506836	1.0799484252929688
CYP11B1	large_intestine	1	0	400	400	CYP11B1	HTR3B	True	8.525413513183594	0.12626266479492188	0.12626266479492188
OARD1	large_intestine	1	0	400	400	OARD1	ELP2	True	84.14195251464844	1.0745697021484375	1.0799560546875
ZNF26	large_intestine	1	0	400	400	ZNF26	FUT11	True	52.146461486816406	1.0181655883789062	1.020843505859375
CCNB3	large_intestine	1	0	400	400	CCNB3	KHDC1	True	33.86524963378906	1.0342788696289062	1.0369644165039062
SLC35D1	large_intestine	1	0	400	400	SLC35D1	ZNF260	True	55.01557922363281	1.1068153381347656	1.1121902465820312
UNC80	large_intestine	1	0	400	400	UNC80	NALCN	True	14.189769744873047	1.867074966430664	1.8818511962890625
LUZP1	large_intestine	1	0	400	400	LUZP1	METTL15	True	58.63690185546875	1.0289077758789062	1.0289077758789062
TMEM192	large_intestine	1	0	400	400	TMEM192	KLC4	True	64.29722595214844	1.012786865234375	1.015472412109375
CENPH	large_intestine	1	0	400	400	CENPH	MARCKS	True	77.79658508300781	1.0665130615234375	1.0718841552734375
MMP14	large_intestine	1	0	400	400	MMP14	RCBTB1	True	67.6552734375	1.0289154052734375	1.031585693359375
ENPP1	large_intestine	1	0	400	400	ENPP1	C1QTNF12	True	37.0997200012207	1.1202430725097656	1.1229324340820312
NT5DC4	large_intestine	1	0	400	400	NT5DC4	ZMAT1	True	30.02632713317871	1.039651870727539	1.039651870727539
CDCP2	large_intestine	1	0	400	400	CDCP2	MRGPRG	True	9.503276824951172	0.22163009643554688	0.22163009643554688
RPL7	large_intestine	1	0	400	400	RPL7	IFI27	True	99.75284576416016	2.3371963500976562	2.3425674438476562
S100G	large_intestine	1	0	400	400	S100G	OR5B2	True	8.651676177978516	0.12626266479492188	0.12626266479492188
OR52J3	large_intestine	1	0	400	400	OR52J3	OR9K2	True	8.246024131774902	0.014775276184082031	0.014775276184082031
ADGRG1	large_intestine	1	0	400	400	ADGRG1	ZNF664	True	91.39533996582031	1.1471099853515625	1.1497955322265625
SLC7A9	large_intestine	1	0	400	400	SLC7A9	CFH	True	27.68106460571289	1.0074119567871094	1.010101318359375
GBF1	large_intestine	1	0	400	400	GBF1	PTGR1	True	78.90876770019531	1.007415771484375	1.007415771484375
SLC1A5	large_intestine	1	0	400	400	SLC1A5	TECR	True	96.27659606933594	1.2169570922851562	1.2196426391601562
KHDC4	large_intestine	1	0	400	400	KHDC4	PRPF3	True	81.27283477783203	1.0799484252929688	1.0853195190429688
TMEM241	large_intestine	1	0	400	400	TMEM241	CASKIN2	True	52.49301528930664	1.0530853271484375	1.0611419677734375
USP9Y	large_intestine	1	0	400	400	USP9Y	PARP15	True	21.89984893798828	1.2357635498046875	1.2357635498046875
DPH2	large_intestine	1	0	400	400	DPH2	GTF3C3	True	81.80743408203125	1.0906982421875	1.0933837890625
MBTPS2	large_intestine	1	0	400	400	MBTPS2	PRMT6	True	61.124542236328125	1.020843505859375	1.023529052734375
LY86	large_intestine	1	0	400	400	LY86	OR10A6	True	9.591930389404297	0.2820758819580078	0.2820758819580078
MAPKBP1	large_intestine	1	0	400	400	MAPKBP1	NEIL3	True	51.14173889160156	1.0396499633789062	1.0396537780761719
MIS18BP1	large_intestine	1	0	400	400	MIS18BP1	SHLD2	True	72.4210205078125	0.9321975708007812	0.93487548828125
TULP1	large_intestine	1	0	400	400	TULP1	B3GNT6	True	20.647968292236328	1.187408447265625	1.1900901794433594
GPR45	large_intestine	1	0	400	400	GPR45	TMEM272	True	18.230175018310547	1.3190422058105469	1.3217277526855469
EDNRB	large_intestine	1	0	400	400	EDNRB	LPAR3	True	21.62851905822754	1.1712875366210938	1.1766605377197266
PIGZ	large_intestine	1	0	400	400	PIGZ	FDXACB1	True	46.042877197265625	1.187408447265625	1.190093994140625
MKRN2OS	large_intestine	1	0	400	400	MKRN2OS	PMFBP1	True	44.01461410522461	1.1578559875488281	1.1578559875488281
ALDH16A1	large_intestine	1	0	400	400	ALDH16A1	MRI1	True	63.00505065917969	0.9563713073730469	0.9590606689453125
NR2C2AP	large_intestine	1	0	400	400	NR2C2AP	AGPAT1	True	79.91886901855469	1.0584564208984375	1.0611419677734375
DUSP3	large_intestine	1	0	400	400	DUSP3	NCK2	True	70.99452209472656	1.0369720458984375	1.0396499633789062
AMHR2	large_intestine	1	0	400	400	AMHR2	ASB18	True	10.19234848022461	0.7105617523193359	0.7105617523193359
ATP5PD	large_intestine	1	0	400	400	ATP5PD	RPS5	True	98.18396759033203	1.28143310546875	1.28411865234375
MBNL1	large_intestine	1	0	400	400	MBNL1	CDC26	True	85.39651489257812	1.1256256103515625	1.1283111572265625
ADAMTS12	large_intestine	1	0	400	400	ADAMTS12	NKAIN2	True	20.919300079345703	1.2277030944824219	1.2277030944824219
DEFB126	large_intestine	1	0	400	400	DEFB126	OR8A1	True	8.794057846069336	0.1423816680908203	0.1423816680908203
FOXJ3	large_intestine	1	0	400	400	FOXJ3	VPS26B	True	72.54997253417969	0.93756103515625	0.93890380859375
SOBP	large_intestine	1	0	400	400	SOBP	USP51	True	26.26262664794922	0.9805488586425781	0.9805507659912109
NKIRAS1	large_intestine	1	0	400	400	NKIRAS1	NUBPL	True	56.64087677001953	1.0503997802734375	1.0530853271484375
OTOS	large_intestine	1	0	400	400	OTOS	NME8	True	8.391092300415039	0.1302928924560547	0.1302928924560547
GPR137	large_intestine	1	0	400	400	GPR137	SEC14L1	True	66.67204284667969	1.0624847412109375	1.0665130615234375
OR5J2	large_intestine	1	0	400	400	OR5J2	OR9K2	True	8.246024131774902	0.014775276184082031	0.014775276184082031
PHF2	large_intestine	1	0	400	400	PHF2	SLC25A14	True	60.366966247558594	1.0611419677734375	1.0611419677734375
VIPR2	large_intestine	1	0	400	400	VIPR2	LY6H	True	12.686707496643066	0.9778642654418945	0.9778642654418945
GANAB	large_intestine	1	0	400	400	GANAB	CCT2	True	97.16043090820312	1.200836181640625	1.2089004516601562
COL15A1	large_intestine	1	0	400	400	COL15A1	CCR4	True	18.122716903686523	1.3459053039550781	1.351278305053711
SLC16A14	large_intestine	1	0	400	400	SLC16A14	DPYSL3	True	40.49269104003906	1.1309928894042969	1.1336746215820312
IYD	large_intestine	1	0	400	400	IYD	RBP5	True	42.46722412109375	1.0665130615234375	1.0665130615234375
RARA	large_intestine	1	0	400	400	RARA	EPHX2	True	58.704063415527344	1.015472412109375	1.020843505859375
MCF2L	large_intestine	1	0	400	400	MCF2L	ZNF268	True	55.28691101074219	1.1229324340820312	1.1229324340820312
TCP11X2	large_intestine	1	0	400	400	TCP11X2	SALL3	True	8.86390495300293	0.15984344482421875	0.15984344482421875
GPNMB	large_intestine	1	0	400	400	GPNMB	LEKR1	True	39.92585372924805	1.1659164428710938	1.1793479919433594
RASSF6	large_intestine	1	0	400	400	RASSF6	FAM222A	True	45.06232452392578	1.1739730834960938	1.1766586303710938
BTBD16	large_intestine	1	0	400	400	BTBD16	MT3	True	32.653663635253906	1.0450248718261719	1.0503997802734375
RNASEH2B	large_intestine	1	0	400	400	RNASEH2B	PPIG	True	84.53147888183594	1.1336669921875	1.1336669921875
SAGE1	large_intestine	1	0	400	400	SAGE1	IFNL3	True	10.107726097106934	0.6259393692016602	0.6259393692016602
TRIM49B	large_intestine	1	0	400	400	TRIM49B	HTR3B	True	8.525413513183594	0.12626266479492188	0.12626266479492188
FGF16	large_intestine	1	0	400	400	FGF16	OR5L1	True	8.260799407958984	0.014775276184082031	0.014775276184082031
AGAP4	large_intestine	1	0	400	400	AGAP4	CCDC126	True	53.750267028808594	1.0530853271484375	1.0557708740234375
OVOL3	large_intestine	1	0	400	400	OVOL3	ST8SIA4	True	19.28594398498535	1.1900920867919922	1.1900920867919922
UBA5	large_intestine	1	0	400	400	UBA5	DDX54	True	85.44218444824219	1.1148681640625	1.1202392578125
AKAP9	large_intestine	1	0	400	400	AKAP9	RP9	True	66.45980834960938	1.0826263427734375	1.0826263427734375
ZNF688	large_intestine	1	0	400	400	ZNF688	SLC5A1	True	49.79314422607422	1.0960655212402344	1.0960693359375
KLLN	large_intestine	1	0	400	400	KLLN	NAGS	True	37.67462158203125	1.1282997131347656	1.1283035278320312
CCR6	large_intestine	1	0	400	400	CCR6	FGF10	True	9.74237060546875	0.39087677001953125	0.39087677001953125
SMIM40	large_intestine	1	0	400	400	SMIM40	VCY	True	8.297066688537598	0.03626728057861328	0.03626728057861328
PODXL	large_intestine	1	0	400	400	PODXL	WWP1	True	77.15855407714844	1.1377105712890625	1.1403961181640625
NOLC1	large_intestine	1	0	400	400	NOLC1	NAMPT	True	93.7540283203125	1.192779541015625	1.195465087890625
RANBP2	large_intestine	1	0	400	400	RANBP2	BLMH	True	75.03223419189453	1.0342788696289062	1.0396499633789062
WAPL	large_intestine	1	0	400	400	WAPL	IL13RA1	True	74.98388671875	1.045013427734375	1.0450210571289062
NLGN2	large_intestine	1	0	400	400	NLGN2	NOTCH3	True	44.62174987792969	1.1820335388183594	1.182037353515625
OR5D14	large_intestine	1	0	400	400	OR5D14	OR5L1	True	8.260799407958984	0.014775276184082031	0.014775276184082031
TGFBR2	large_intestine	1	0	400	400	TGFBR2	CDK5RAP1	True	83.4542236328125	1.0772628784179688	1.0799560546875
ADCYAP1R1	large_intestine	1	0	400	400	ADCYAP1R1	SFTPD	True	12.016441345214844	0.6716098785400391	0.6716098785400391
BBS10	large_intestine	1	0	400	400	BBS10	ARL14	True	53.024932861328125	1.004730224609375	1.0074119567871094
GUCD1	large_intestine	1	0	400	400	GUCD1	USF1	True	83.37899780273438	1.0665130615234375	1.0665130615234375
LARGE2	large_intestine	1	0	400	400	LARGE2	SLC30A1	True	67.3490219116211	1.004730224609375	1.010101318359375
CIRBP	large_intestine	1	0	400	400	CIRBP	PPP1CA	True	97.20072937011719	1.187408447265625	1.200836181640625
SULT1E1	large_intestine	1	0	400	400	SULT1E1	TULP1	True	19.4686222076416	1.1793460845947266	1.1793460845947266
VLDLR	large_intestine	1	0	400	400	VLDLR	FLVCR2	True	42.41349792480469	1.0772628784179688	1.0772628784179688
CFAP69	large_intestine	1	0	400	400	CFAP69	WDFY2	True	43.24360656738281	1.0584564208984375	1.0692024230957031
ZNF132	large_intestine	1	0	400	400	ZNF132	RAB3B	True	36.13797378540039	1.0665168762207031	1.0692024230957031
TAS2R8	large_intestine	1	0	400	400	TAS2R8	TCL1B	True	9.125832557678223	0.19611072540283203	0.19611072540283203
BICC1	large_intestine	1	0	400	400	BICC1	MT3	True	32.659034729003906	1.0396537780761719	1.0450286865234375
CCNG1	large_intestine	1	0	400	400	CCNG1	RER1	True	94.50891876220703	1.2169570922851562	1.2169570922851562
ZNF335	large_intestine	1	0	400	400	ZNF335	STPG4	True	52.41779327392578	1.0396499633789062	1.0396499633789062
CCNQ	large_intestine	1	0	400	400	CCNQ	SLC25A22	True	72.48011779785156	0.9429473876953125	0.94561767578125
ZNF718	large_intestine	1	0	400	400	ZNF718	SH2B2	True	42.30872344970703	1.0691986083984375	1.0718841552734375
SPATA9	large_intestine	1	0	400	400	SPATA9	EMILIN1	True	33.16946029663086	1.0530853271484375	1.0638313293457031
NHSL1	large_intestine	1	0	400	400	NHSL1	ZNF714	True	53.27745819091797	1.0074119567871094	1.0127830505371094
RPGRIP1L	large_intestine	1	0	400	400	RPGRIP1L	KIF13B	True	53.49237060546875	1.0477104187011719	1.0477104187011719
CXorf66	large_intestine	1	0	400	400	CXorf66	SPO11	True	8.41661262512207	0.11954593658447266	0.11954593658447266
CD40	large_intestine	1	0	400	400	CD40	RTL8B	True	29.190845489501953	1.0262184143066406	1.0262203216552734
ZNF396	large_intestine	1	0	400	400	ZNF396	SCART1	True	36.53288269042969	1.0369644165039062	1.0396499633789062
USP35	large_intestine	1	0	400	400	USP35	CEMP1	True	46.10197448730469	1.195465087890625	1.1954689025878906
CSRP2	large_intestine	1	0	400	400	CSRP2	ZNF487	True	45.62648010253906	1.1551742553710938	1.1578521728515625
ZBTB47	large_intestine	1	0	400	400	ZBTB47	PGAM4	True	40.4094123840332	1.1390495300292969	1.1390495300292969
VCX2	large_intestine	1	0	400	400	VCX2	VCY	True	8.297066688537598	0.03626728057861328	0.03626728057861328
B3GNT7	large_intestine	1	0	400	400	B3GNT7	SERPINB2	True	34.86997604370117	1.0611457824707031	1.0638313293457031
IQSEC3	large_intestine	1	0	400	400	IQSEC3	MCEMP1	True	20.416934967041016	1.1591987609863281	1.1605415344238281
ASS1	large_intestine	1	0	400	400	ASS1	HIGD2A	True	97.044921875	1.216949462890625	1.2169647216796875
FAM161B	large_intestine	1	0	400	400	FAM161B	SYNJ1	True	44.785621643066406	1.195465087890625	1.198150634765625
TCF24	large_intestine	1	0	400	400	TCF24	IRX2	True	32.95991897583008	1.0450248718261719	1.0450248718261719
CYP3A5	large_intestine	1	0	400	400	CYP3A5	NR2C2	True	66.64248657226562	1.0665206909179688	1.0691986083984375
SCTR	large_intestine	1	0	400	400	SCTR	OR51I1	True	9.481786727905273	0.20013999938964844	0.20013999938964844
ZNF582	large_intestine	1	0	400	400	ZNF582	DCHS2	True	14.477218627929688	2.0000534057617188	2.0013961791992188
PRAC2	large_intestine	1	0	400	400	PRAC2	BDKRB1	True	34.15807342529297	1.028900146484375	1.0315895080566406
CNGA2	large_intestine	1	0	400	400	CNGA2	KRTAP10-1	True	8.553621292114258	0.1370086669921875	0.1370086669921875
BTC	large_intestine	1	0	400	400	BTC	ZNF587B	True	49.84687042236328	1.0772628784179688	1.0772628784179688
GRIN2D	large_intestine	1	0	400	400	GRIN2D	LY6G5B	True	53.223724365234375	1.010101318359375	1.012786865234375
CNTRL	large_intestine	1	0	400	400	CNTRL	NAIF1	True	52.91478729248047	1.020843505859375	1.0208473205566406
TNRC6A	large_intestine	1	0	400	400	TNRC6A	GMPPB	True	63.888885498046875	1.0047264099121094	1.007415771484375
ATRNL1	large_intestine	1	0	400	400	ATRNL1	OTOGL	True	22.17923927307129	1.2062110900878906	1.2088985443115234
REX1BD	large_intestine	1	0	400	400	REX1BD	USP3	True	79.30098724365234	1.020843505859375	1.0208511352539062
SPRY3	large_intestine	1	0	400	400	SPRY3	SIRPA	True	36.42273712158203	1.0423355102539062	1.0477142333984375
C12orf56	large_intestine	1	0	400	400	C12orf56	UNC13C	True	15.022565841674805	2.084676742553711	2.0900497436523438
EEF1B2	large_intestine	1	0	400	400	EEF1B2	IFI27	True	99.43585205078125	2.02020263671875	2.02557373046875
ZRANB2	large_intestine	1	0	400	400	ZRANB2	HECTD1	True	87.1131591796875	1.0826416015625	1.0853118896484375
UBE2D2	large_intestine	1	0	400	400	UBE2D2	DDX23	True	92.18246459960938	1.173980712890625	1.182037353515625
MICALL2	large_intestine	1	0	400	400	MICALL2	CLN5	True	61.52616882324219	0.9604034423828125	0.9630851745605469
TNFAIP2	large_intestine	1	0	400	400	TNFAIP2	SOCS5	True	57.446807861328125	1.0880050659179688	1.0880050659179688
LYVE1	large_intestine	1	0	400	400	LYVE1	HPR	True	10.14936637878418	0.6675796508789062	0.6675796508789062
CTRB1	large_intestine	1	0	400	400	CTRB1	PCDH11X	True	11.731678009033203	0.827423095703125	0.831451416015625
TBCEL	large_intestine	1	0	400	400	TBCEL	MYH10	True	50.564151763916016	1.0369644165039062	1.0369682312011719
MRPS26	large_intestine	1	0	400	400	MRPS26	VPS26A	True	88.16085815429688	1.0692138671875	1.0718994140625
TCL1A	lung	1	0	400	400	TCL1A	ESRRG	True	26.842897415161133	0.9617443084716797	0.9617462158203125
SDHA	lung	1	0	400	400	SDHA	UBXN1	True	94.33699035644531	1.3002395629882812	1.3002395629882812
ANLN	lung	1	0	400	400	ANLN	HMGN3	True	92.98839569091797	1.203521728515625	1.2035293579101562
ZFP64	lung	1	0	400	400	ZFP64	OTUD4	True	65.40403747558594	1.0799484252929688	1.0799484252929688
PRSS12	lung	1	0	400	400	PRSS12	PARS2	True	44.93874740600586	1.1175575256347656	1.1175613403320312
MPST	lung	1	0	400	400	MPST	MYO9B	True	70.13754272460938	1.0745697021484375	1.0745773315429688
SYNDIG1	lung	1	0	400	400	SYNDIG1	TRPM3	True	13.22802448272705	2.176015853881836	2.176015853881836
PPP1R3B	lung	1	0	400	400	PPP1R3B	MAPK8IP1	True	48.11949157714844	1.1014404296875	1.1014404296875
SRCAP	lung	1	0	400	400	SRCAP	TTLL5	True	67.18246459960938	1.0477142333984375	1.0477142333984375
FTMT	lung	1	0	400	400	FTMT	DEFB4B	True	7.1378679275512695	0.06447458267211914	0.06447458267211914
RAB5A	lung	1	0	400	400	RAB5A	RNF14	True	81.22716522216797	1.1175613403320312	1.1256179809570312
MRPL50	lung	1	0	400	400	MRPL50	RASSF3	True	69.5465316772461	1.0691986083984375	1.0692062377929688
NAGA	lung	1	0	400	400	NAGA	APOL2	True	63.878143310546875	1.010101318359375	1.010101318359375
TAFA3	lung	1	0	400	400	TAFA3	BLK	True	23.32366180419922	0.9456272125244141	0.9509983062744141
FYB1	lung	1	0	400	400	FYB1	TTLL9	True	26.687084197998047	0.9832363128662109	0.9886093139648438
HMOX2	lung	1	0	400	400	HMOX2	PDCD4	True	85.43949890136719	1.1390533447265625	1.1444244384765625
TMEM266	lung	1	0	400	400	TMEM266	SPATA12	True	30.1633358001709	0.9778633117675781	0.9778633117675781
SCAMP1	lung	1	0	400	400	SCAMP1	ATL3	True	81.3185043334961	1.1229324340820312	1.1283035278320312
TRA2B	lung	1	0	400	400	TRA2B	CTNNB1	True	97.34042358398438	1.3056106567382812	1.3109817504882812
FOXO1	lung	1	0	400	400	FOXO1	CREB5	True	43.106597900390625	0.9886093139648438	0.9886093139648438
CEP44	lung	1	0	400	400	CEP44	COCH	True	61.63765335083008	1.010101318359375	1.015472412109375
IZUMO3	lung	1	0	400	400	IZUMO3	KRTAP19-4	True	7.213088512420654	0.06447458267211914	0.06447458267211914
DENND10	lung	1	0	400	400	DENND10	RTKN	True	75.46743774414062	1.0906982421875	1.0960617065429688
SLC1A2	lung	1	0	400	400	SLC1A2	ADAMTS2	True	23.538578033447266	0.9563713073730469	0.9563732147216797
UBE2M	lung	1	0	400	400	UBE2M	MAGOH	True	92.62303924560547	1.2142715454101562	1.2196426391601562
FSHR	lung	1	0	400	400	FSHR	DEFB105A	True	7.350096702575684	0.10745763778686523	0.10745763778686523
FCRL5	lung	1	0	400	400	FCRL5	OR5K2	True	14.058134078979492	1.7918548583984375	1.7918548583984375
AMY1C	lung	1	0	400	400	AMY1C	TBX5	True	8.354825019836426	0.29550838470458984	0.29550838470458984
FBXO2	lung	1	0	400	400	FBXO2	VPS9D1	True	49.360626220703125	1.0960693359375	1.0960693359375
TGM7	lung	1	0	400	400	TGM7	KRTAP19-4	True	7.202342510223389	0.053728580474853516	0.053728580474853516
KRTAP5-5	lung	1	0	400	400	KRTAP5-5	DEFB105A	True	7.350096702575684	0.10745763778686523	0.10745763778686523
TP53TG3B	lung	1	0	400	400	TP53TG3B	TCERG1L	True	11.438857078552246	2.5574893951416016	2.5574893951416016
PCDH8	lung	1	0	400	400	PCDH8	IL2RA	True	17.682140350341797	1.1175594329833984	1.1283035278320312
GRIA1	lung	1	0	400	400	GRIA1	DNASE1L3	True	14.302600860595703	1.6494741439819336	1.65484619140625
PRKAB1	lung	1	0	400	400	PRKAB1	DGCR8	True	71.4001693725586	0.9939804077148438	0.9993515014648438
PUM3	lung	1	0	400	400	PUM3	YES1	True	78.70728302001953	1.0047225952148438	1.004730224609375
ADPRHL1	lung	1	0	400	400	ADPRHL1	FBXO16	True	47.54996871948242	1.0315933227539062	1.0315933227539062
PTPRB	lung	1	0	400	400	PTPRB	NPIPA3	True	35.70277404785156	1.1336784362792969	1.1390495300292969
ABCG8	lung	1	0	400	400	ABCG8	NLRP10	True	16.758005142211914	1.1229324340820312	1.1283035278320312
LRFN3	lung	1	0	400	400	LRFN3	CITED4	True	47.904579162597656	1.0584602355957031	1.0638313293457031
SCAPER	lung	1	0	400	400	SCAPER	C19orf44	True	51.010101318359375	1.1551666259765625	1.1551704406738281
TIGD5	lung	1	0	400	400	TIGD5	SESN3	True	44.29937744140625	1.0906944274902344	1.0906944274902344
HNRNPU	lung	1	0	400	400	HNRNPU	LY6E	True	97.92607116699219	1.3432235717773438	1.3432235717773438
OR51G2	lung	1	0	400	400	OR51G2	KRTAP10-3	True	7.242639064788818	0.05910158157348633	0.05910158157348633
PROM1	lung	1	0	400	400	PROM1	PP2D1	True	27.37481117248535	0.9993553161621094	0.9993553161621094
ARL4A	lung	1	0	400	400	ARL4A	TCIRG1	True	83.19364166259766	1.1121902465820312	1.1175537109375
LAP3	lung	1	0	400	400	LAP3	AMOTL2	True	84.4992446899414	1.1014404296875	1.1068115234375
ZNF319	lung	1	0	400	400	ZNF319	TSTD3	True	46.04018783569336	1.0638275146484375	1.0638275146484375
KNOP1	lung	1	0	400	400	KNOP1	SEC22B	True	75.32774353027344	1.0477142333984375	1.0530853271484375
NEK4	lung	1	0	400	400	NEK4	TMEM192	True	63.57726287841797	1.0262222290039062	1.0262222290039062
FXR2	lung	1	0	400	400	FXR2	JMJD1C	True	74.7044906616211	1.0369644165039062	1.0423431396484375
ZNF222	lung	1	0	400	400	ZNF222	NGEF	True	45.90586853027344	1.0530853271484375	1.0584564208984375
CD8B	lung	1	0	400	400	CD8B	TBC1D28	True	9.754459381103516	1.3566513061523438	1.3566513061523438
SLC35C1	lung	1	0	400	400	SLC35C1	PLEKHA7	True	60.095638275146484	1.0638313293457031	1.0692024230957031
ACER2	lung	1	0	400	400	ACER2	GOLGA6L4	True	37.330753326416016	1.0799484252929688	1.0799484252929688
FAHD1	lung	1	0	400	400	FAHD1	ATF2	True	74.6319580078125	1.0396499633789062	1.0450210571289062
GAS1	lung	1	0	400	400	GAS1	F8A2	True	23.839458465576172	0.9510002136230469	0.9510002136230469
NCF4	lung	1	0	400	400	NCF4	PLP1	True	23.420373916625977	0.9348812103271484	0.9402542114257812
CSNK1A1	lung	1	0	400	400	CSNK1A1	DDX3X	True	95.01396942138672	1.3056106567382812	1.3109817504882812
UQCC1	lung	1	0	400	400	UQCC1	TSR3	True	83.71480560302734	1.1229324340820312	1.1229324340820312
BLOC1S3	lung	1	0	400	400	BLOC1S3	DCLRE1C	True	52.62196350097656	1.1014404296875	1.1068115234375
CEP68	lung	1	0	400	400	CEP68	A1BG	True	48.92542266845703	1.0692062377929688	1.0745735168457031
EDA2R	lung	1	0	400	400	EDA2R	USHBP1	True	20.05695343017578	1.0315914154052734	1.0315914154052734
CDNF	lung	1	0	400	400	CDNF	TMEM37	True	36.283042907714844	1.1336784362792969	1.1336784362792969
CACNG2	lung	1	0	400	400	CACNG2	TBX5	True	8.365571022033691	0.30625438690185547	0.30625438690185547
PELI2	lung	1	0	400	400	PELI2	AMIGO1	True	38.86739730834961	1.0745773315429688	1.0799484252929688
AHRR	lung	1	0	400	400	AHRR	BBS12	True	40.70492172241211	1.0799484252929688	1.0799484252929688
HES4	lung	1	0	400	400	HES4	ATAT1	True	54.38964080810547	1.0315933227539062	1.0423393249511719
LRRC28	lung	1	0	400	400	LRRC28	ZACN	True	60.729637145996094	0.9993553161621094	0.9993553161621094
ZNF491	lung	1	0	400	400	ZNF491	ZEB2	True	31.528045654296875	0.9671173095703125	0.9671173095703125
CYP11B1	lung	1	0	400	400	CYP11B1	KRTAP19-4	True	7.213088512420654	0.06447458267211914	0.06447458267211914
OARD1	lung	1	0	400	400	OARD1	CLK3	True	80.41586303710938	1.1336746215820312	1.1336746215820312
ZNF26	lung	1	0	400	400	ZNF26	CCDC24	True	55.19557189941406	1.015472412109375	1.015472412109375
CCNB3	lung	1	0	400	400	CCNB3	SMIM5	True	32.85514831542969	1.0477104187011719	1.0477123260498047
SLC35D1	lung	1	0	400	400	SLC35D1	ZNF518A	True	52.41242218017578	1.1336784362792969	1.1336784362792969
UNC80	lung	1	0	400	400	UNC80	KCNJ1	True	16.575326919555664	1.1605415344238281	1.1605415344238281
LUZP1	lung	1	0	400	400	LUZP1	TMX4	True	62.21792221069336	1.0315895080566406	1.0315895080566406
TMEM192	lung	1	0	400	400	TMEM192	NEK4	True	62.55104064941406	1.0262222290039062	1.0262222290039062
CENPH	lung	1	0	400	400	CENPH	ACBD3	True	76.49365997314453	1.0638275146484375	1.0692062377929688
MMP14	lung	1	0	400	400	MMP14	EHD2	True	69.96561431884766	1.1068115234375	1.1121826171875
ENPP1	lung	1	0	400	400	ENPP1	ZNF443	True	42.56393814086914	0.9993553161621094	0.9993553161621094
NT5DC4	lung	1	0	400	400	NT5DC4	MYO16	True	23.248441696166992	0.9563713073730469	0.9563732147216797
CDCP2	lung	1	0	400	400	CDCP2	ARRDC5	True	8.113045692443848	0.25252532958984375	0.25252532958984375
RPL7	lung	1	0	400	400	RPL7	GPX4	True	99.75284576416016	2.4285354614257812	2.4339141845703125
S100G	lung	1	0	400	400	S100G	DEFB4B	True	7.148613929748535	0.053728580474853516	0.053728580474853516
OR52J3	lung	1	0	400	400	OR52J3	KRTAP19-8	True	7.100257873535156	0.053728580474853516	0.053728580474853516
ADGRG1	lung	1	0	400	400	ADGRG1	CYREN	True	82.73694610595703	1.0906982421875	1.0960693359375
SLC7A9	lung	1	0	400	400	SLC7A9	TMEM221	True	26.778423309326172	0.9886093139648438	0.9886093139648438
GBF1	lung	1	0	400	400	GBF1	ILVBL	True	78.41177368164062	1.0154800415039062	1.0154800415039062
SLC1A5	lung	1	0	400	400	SLC1A5	NDUFB8	True	94.7775650024414	1.27337646484375	1.2787399291992188
KHDC4	lung	1	0	400	400	KHDC4	LEMD2	True	84.21985626220703	1.1229324340820312	1.1229324340820312
TMEM241	lung	1	0	400	400	TMEM241	ZNF513	True	56.56028366088867	0.9886093139648438	0.9886093139648438
USP9Y	lung	1	0	400	400	USP9Y	ITIH3	True	21.77090072631836	1.0262203216552734	1.0262203216552734
DPH2	lung	1	0	400	400	DPH2	SH3BGRL	True	81.76982879638672	1.1283035278320312	1.1283035278320312
MBTPS2	lung	1	0	400	400	MBTPS2	BPGM	True	66.2368392944336	1.0799484252929688	1.0853195190429688
LY86	lung	1	0	400	400	LY86	ANKRD30A	True	8.091553688049316	0.2632713317871094	0.2632713317871094
MAPKBP1	lung	1	0	400	400	MAPKBP1	NINL	True	53.320438385009766	1.0423393249511719	1.0423393249511719
MIS18BP1	lung	1	0	400	400	MIS18BP1	RHOG	True	76.86438751220703	1.1014404296875	1.1014404296875
TULP1	lung	1	0	400	400	TULP1	HMCN2	True	20.040834426879883	1.0315914154052734	1.0315914154052734
GPR45	lung	1	0	400	400	GPR45	GABRP	True	19.8689022064209	1.010101318359375	1.010101318359375
EDNRB	lung	1	0	400	400	EDNRB	STARD6	True	24.478830337524414	1.0047283172607422	1.0047283172607422
PIGZ	lung	1	0	400	400	PIGZ	RWDD2A	True	43.64925765991211	1.0315933227539062	1.0369644165039062
MKRN2OS	lung	1	0	400	400	MKRN2OS	BGLAP	True	32.50053787231445	0.9993553161621094	1.010101318359375
ALDH16A1	lung	1	0	400	400	ALDH16A1	PCNT	True	60.6329231262207	1.015472412109375	1.0154762268066406
NR2C2AP	lung	1	0	400	400	NR2C2AP	WDR90	True	75.56952667236328	1.0745773315429688	1.0745773315429688
DUSP3	lung	1	0	400	400	DUSP3	GSKIP	True	74.68836975097656	1.0477142333984375	1.0477142333984375
AMHR2	lung	1	0	400	400	AMHR2	LIN28B	True	19.75069808959961	1.010101318359375	1.0208473205566406
ATP5PD	lung	1	0	400	400	ATP5PD	RPS6	True	98.19470977783203	1.3324737548828125	1.3324737548828125
MBNL1	lung	1	0	400	400	MBNL1	GPN1	True	86.97077178955078	1.187408447265625	1.192779541015625
ADAMTS12	lung	1	0	400	400	ADAMTS12	TMEM179	True	26.26262664794922	0.9724903106689453	0.9724903106689453
DEFB126	lung	1	0	400	400	DEFB126	OR52A5	True	7.489791393280029	0.08865213394165039	0.08865213394165039
FOXJ3	lung	1	0	400	400	FOXJ3	STEAP1	True	73.03352355957031	0.9993515014648438	0.9993515014648438
SOBP	lung	1	0	400	400	SOBP	ADAMTS7	True	33.92435073852539	1.0853233337402344	1.0906944274902344
NKIRAS1	lung	1	0	400	400	NKIRAS1	ZNF134	True	58.096927642822266	1.0530853271484375	1.0584564208984375
OTOS	lung	1	0	400	400	OTOS	SERPINA9	True	7.903502941131592	0.22297430038452148	0.22297430038452148
GPR137	lung	1	0	400	400	GPR137	MAPK14	True	76.36470794677734	1.0638351440429688	1.0718841552734375
OR5J2	lung	1	0	400	400	OR5J2	KRTAP19-8	True	7.100257873535156	0.053728580474853516	0.053728580474853516
PHF2	lung	1	0	400	400	PHF2	ZBED1	True	58.0593147277832	1.0477142333984375	1.0530815124511719
VIPR2	lung	1	0	400	400	VIPR2	CFAP74	True	17.354394912719727	1.1229305267333984	1.1229324340820312
GANAB	lung	1	0	400	400	GANAB	ATP6V1F	True	97.65205383300781	1.3378448486328125	1.3378448486328125
COL15A1	lung	1	0	400	400	COL15A1	DRC7	True	22.17923927307129	1.0208473205566406	1.0208473205566406
SLC16A14	lung	1	0	400	400	SLC16A14	CLTCL1	True	43.998497009277344	1.0745735168457031	1.0745735168457031
IYD	lung	1	0	400	400	IYD	RFPL1	True	15.495379447937012	1.2679986953735352	1.273371696472168
RARA	lung	1	0	400	400	RARA	RNF115	True	58.102298736572266	1.0584564208984375	1.0584564208984375
MCF2L	lung	1	0	400	400	MCF2L	ANKRD6	True	44.53578186035156	1.0853195190429688	1.0853233337402344
TCP11X2	lung	1	0	400	400	TCP11X2	IDI2	True	7.573071002960205	0.1423811912536621	0.1423811912536621
GPNMB	lung	1	0	400	400	GPNMB	SERPINE1	True	52.31033706665039	1.1497955322265625	1.1551666259765625
RASSF6	lung	1	0	400	400	RASSF6	EPHA10	True	37.959381103515625	1.0906944274902344	1.0906944274902344
BTBD16	lung	1	0	400	400	BTBD16	KRT78	True	23.232322692871094	0.9590587615966797	0.9617443084716797
RNASEH2B	lung	1	0	400	400	RNASEH2B	RPS6KB2	True	80.5877914428711	1.0960693359375	1.0960693359375
SAGE1	lung	1	0	400	400	SAGE1	SNTG1	True	8.475714683532715	0.38416099548339844	0.38416099548339844
TRIM49B	lung	1	0	400	400	TRIM49B	OR52A5	True	7.489791393280029	0.08865213394165039	0.08865213394165039
FGF16	lung	1	0	400	400	FGF16	OR4E2	True	7.33666467666626	0.0940256118774414	0.0940256118774414
AGAP4	lung	1	0	400	400	AGAP4	LCAT	True	52.77777862548828	1.1068153381347656	1.1175575256347656
OVOL3	lung	1	0	400	400	OVOL3	EFHC2	True	24.661508560180664	1.0315933227539062	1.0315933227539062
UBA5	lung	1	0	400	400	UBA5	MRPS6	True	85.62217712402344	1.1712875366210938	1.1712875366210938
AKAP9	lung	1	0	400	400	AKAP9	RASSF1	True	65.49000549316406	1.0799484252929688	1.0799484252929688
ZNF688	lung	1	0	400	400	ZNF688	ATP7A	True	48.67289733886719	1.0772590637207031	1.0799484252929688
KLLN	lung	1	0	400	400	KLLN	FHAD1	True	32.82291030883789	1.0477123260498047	1.0530853271484375
CCR6	lung	1	0	400	400	CCR6	KRTAP10-3	True	7.2372660636901855	0.06447458267211914	0.06447458267211914
SMIM40	lung	1	0	400	400	SMIM40	KRTAP10-3	True	7.2372660636901855	0.06447458267211914	0.06447458267211914
PODXL	lung	1	0	400	400	PODXL	RASAL2	True	58.4515380859375	1.0369644165039062	1.0369644165039062
NOLC1	lung	1	0	400	400	NOLC1	ERRFI1	True	91.15624237060547	1.1068115234375	1.1121902465820312
RANBP2	lung	1	0	400	400	RANBP2	DMAC1	True	73.0872573852539	1.010101318359375	1.010101318359375
WAPL	lung	1	0	400	400	WAPL	ABLIM1	True	72.88308715820312	1.010101318359375	1.015472412109375
NLGN2	lung	1	0	400	400	NLGN2	ZNF513	True	56.56028366088867	0.9886093139648438	0.9886093139648438
OR5D14	lung	1	0	400	400	OR5D14	KRTAP19-8	True	7.100257873535156	0.053728580474853516	0.053728580474853516
TGFBR2	lung	1	0	400	400	TGFBR2	TOM1	True	72.85084533691406	1.0208511352539062	1.026214599609375
ADCYAP1R1	lung	1	0	400	400	ADCYAP1R1	FAM180A	True	15.253600120544434	1.348592758178711	1.3539648056030273
BBS10	lung	1	0	400	400	BBS10	KIAA0232	True	57.264129638671875	0.9832344055175781	0.9886093139648438
GUCD1	lung	1	0	400	400	GUCD1	YTHDF3	True	81.65161895751953	1.1014328002929688	1.1068115234375
LARGE2	lung	1	0	400	400	LARGE2	TMEM17	True	45.766170501708984	1.0906944274902344	1.0906944274902344
CIRBP	lung	1	0	400	400	CIRBP	TUBA4A	True	96.46464538574219	1.2733688354492188	1.2733688354492188
SULT1E1	lung	1	0	400	400	SULT1E1	CPXM1	True	19.659358978271484	1.042337417602539	1.042337417602539
VLDLR	lung	1	0	400	400	VLDLR	ZNF267	True	56.603267669677734	0.9993553161621094	0.9993553161621094
CFAP69	lung	1	0	400	400	CFAP69	TCF7L1	True	40.75327682495117	1.0692024230957031	1.0692024230957031
ZNF132	lung	1	0	400	400	ZNF132	MFAP3L	True	40.62432861328125	1.0692024230957031	1.0692024230957031
TAS2R8	lung	1	0	400	400	TAS2R8	MAGEL2	True	8.31184196472168	0.2820758819580078	0.2820758819580078
BICC1	lung	1	0	400	400	BICC1	RPEL1	True	38.2011604309082	1.0853195190429688	1.0853195190429688
CCNG1	lung	1	0	400	400	CCNG1	NIPA2	True	89.75392150878906	1.1659164428710938	1.1659164428710938
ZNF335	lung	1	0	400	400	ZNF335	CXCL2	True	54.63679504394531	1.0369682312011719	1.0423355102539062
CCNQ	lung	1	0	400	400	CCNQ	ETS2	True	70.39006805419922	1.0423431396484375	1.0450286865234375
ZNF718	lung	1	0	400	400	ZNF718	SAMD12	True	48.20545959472656	1.0960655212402344	1.0960655212402344
SPATA9	lung	1	0	400	400	SPATA9	AKNAD1	True	31.41521644592285	0.9617462158203125	0.9671192169189453
NHSL1	lung	1	0	400	400	NHSL1	MAST1	True	43.79432678222656	1.0530853271484375	1.0584564208984375
RPGRIP1L	lung	1	0	400	400	RPGRIP1L	ADCY7	True	57.097572326660156	0.9832382202148438	0.9886093139648438
CXorf66	lung	1	0	400	400	CXorf66	DEFB4B	True	7.1378679275512695	0.06447458267211914	0.06447458267211914
CD40	lung	1	0	400	400	CD40	RTN2	True	51.78916931152344	1.1444244384765625	1.1497955322265625
ZNF396	lung	1	0	400	400	ZNF396	MMP16	True	35.31592559814453	1.1390495300292969	1.1444244384765625
USP35	lung	1	0	400	400	USP35	PELI1	True	48.4902229309082	1.0638275146484375	1.0638275146484375
CSRP2	lung	1	0	400	400	CSRP2	SLC38A6	True	66.38190460205078	1.0960693359375	1.0960693359375
ZBTB47	lung	1	0	400	400	ZBTB47	SCHIP1	True	41.1454963684082	1.1121864318847656	1.1121864318847656
VCX2	lung	1	0	400	400	VCX2	IDI2	True	7.573071002960205	0.1423811912536621	0.1423811912536621
B3GNT7	lung	1	0	400	400	B3GNT7	BMP8A	True	35.32129669189453	1.1390533447265625	1.1444206237792969
IQSEC3	lung	1	0	400	400	IQSEC3	NLRP10	True	16.758005142211914	1.1229324340820312	1.1283035278320312
ASS1	lung	1	0	400	400	ASS1	PRKACA	True	77.43928527832031	1.0960693359375	1.0960693359375
FAM161B	lung	1	0	400	400	FAM161B	ZNF165	True	45.00322341918945	1.1121864318847656	1.1121864318847656
TCF24	lung	1	0	400	400	TCF24	RTP4	True	29.4111328125	1.0208473205566406	1.0208473205566406
CYP3A5	lung	1	0	400	400	CYP3A5	TMC7	True	40.8392448425293	1.0692024230957031	1.0799484252929688
SCTR	lung	1	0	400	400	SCTR	SNTG1	True	8.467655181884766	0.3761014938354492	0.3761014938354492
ZNF582	lung	1	0	400	400	ZNF582	MOXD1	True	37.52417755126953	1.0638275146484375	1.0692024230957031
PRAC2	lung	1	0	400	400	PRAC2	IL20	True	8.892112731933594	0.642059326171875	0.642059326171875
CNGA2	lung	1	0	400	400	CNGA2	KRTAP10-3	True	7.242639064788818	0.05910158157348633	0.05910158157348633
BTC	lung	1	0	400	400	BTC	RSC1A1	True	43.133460998535156	0.9778633117675781	0.9778633117675781
GRIN2D	lung	1	0	400	400	GRIN2D	FHIT	True	34.98817825317383	1.1175613403320312	1.1229324340820312
CNTRL	lung	1	0	400	400	CNTRL	DERPC	True	54.115623474121094	1.0423393249511719	1.0423393249511719
TNRC6A	lung	1	0	400	400	TNRC6A	FBXO21	True	72.30818939208984	0.9939804077148438	0.9993515014648438
ATRNL1	lung	1	0	400	400	ATRNL1	RAB33A	True	30.877927780151367	0.9348812103271484	0.9402523040771484
REX1BD	lung	1	0	400	400	REX1BD	ATRX	True	77.97119903564453	1.0477142333984375	1.0477142333984375
SPRY3	lung	1	0	400	400	SPRY3	VASH2	True	34.574466705322266	1.1068115234375	1.1121864318847656
C12orf56	lung	1	0	400	400	C12orf56	STX1B	True	33.71480941772461	1.0745735168457031	1.0745735168457031
EEF1B2	lung	1	0	400	400	EEF1B2	GPX4	True	99.16720581054688	1.8428955078125	1.8482742309570312
ZRANB2	lung	1	0	400	400	ZRANB2	PNRC2	True	89.02320861816406	1.1712875366210938	1.1712875366210938
UBE2D2	lung	1	0	400	400	UBE2D2	TRIO	True	91.5430908203125	1.1336746215820312	1.1336746215820312
MICALL2	lung	1	0	400	400	MICALL2	TNK2	True	65.97356414794922	1.0906982421875	1.0906982421875
TNFAIP2	lung	1	0	400	400	TNFAIP2	TWSG1	True	82.46829986572266	1.1283035278320312	1.1283035278320312
LYVE1	lung	1	0	400	400	LYVE1	TAFA1	True	8.002901077270508	0.24715232849121094	0.24715232849121094
CTRB1	lung	1	0	400	400	CTRB1	HSPB2	True	17.70900535583496	1.1229324340820312	1.1283035278320312
TBCEL	lung	1	0	400	400	TBCEL	ARL3	True	54.158607482910156	1.0262184143066406	1.0315933227539062
MRPS26	lung	1	0	400	400	MRPS26	TIMM21	True	85.50397491455078	1.1551666259765625	1.1551666259765625
TCL1A	breast	1	0	400	400	TCL1A	CCDC181	True	25.128948211669922	0.9832363128662109	0.9832382202148438
SDHA	breast	1	0	400	400	SDHA	PABPC4	True	94.95486450195312	1.28948974609375	1.28948974609375
ANLN	breast	1	0	400	400	ANLN	ARPP19	True	88.84590911865234	1.1659088134765625	1.1712875366210938
ZFP64	breast	1	0	400	400	ZFP64	DENND1C	True	63.2333984375	1.004730224609375	1.010101318359375
PRSS12	breast	1	0	400	400	PRSS12	CACNB2	True	33.95658874511719	1.0906944274902344	1.0906944274902344
MPST	breast	1	0	400	400	MPST	RNF111	True	73.03352355957031	1.0906982421875	1.0960617065429688
SYNDIG1	breast	1	0	400	400	SYNDIG1	TMPRSS11A	True	10.256823539733887	0.38147449493408203	0.38147449493408203
PPP1R3B	breast	1	0	400	400	PPP1R3B	REC8	True	48.67827224731445	1.1175575256347656	1.1175575256347656
SRCAP	breast	1	0	400	400	SRCAP	WDR33	True	69.02536010742188	0.9993515014648438	0.9993515014648438
FTMT	breast	1	0	400	400	FTMT	SPRR4	True	7.656350612640381	0.0913386344909668	0.0913386344909668
RAB5A	breast	1	0	400	400	RAB5A	DNAJA2	True	85.03116607666016	1.1283111572265625	1.1336746215820312
MRPL50	breast	1	0	400	400	MRPL50	AEBP2	True	68.21942901611328	1.004730224609375	1.010101318359375
NAGA	breast	1	0	400	400	NAGA	RIOK1	True	68.97700500488281	0.9939804077148438	0.9939804077148438
TAFA3	breast	1	0	400	400	TAFA3	VSTM5	True	27.337202072143555	1.0638294219970703	1.0638294219970703
FYB1	breast	1	0	400	400	FYB1	ADCY5	True	29.282182693481445	1.0047264099121094	1.0047283172607422
HMOX2	breast	1	0	400	400	HMOX2	PLEKHJ1	True	83.72018432617188	1.0584640502929688	1.0638275146484375
TMEM266	breast	1	0	400	400	TMEM266	HLX	True	29.271438598632812	0.9993553161621094	1.0047264099121094
SCAMP1	breast	1	0	400	400	SCAMP1	EXT2	True	83.091552734375	1.0745773315429688	1.0799484252929688
TRA2B	breast	1	0	400	400	TRA2B	CCT7	True	96.90522003173828	1.3485870361328125	1.3485946655273438
FOXO1	breast	1	0	400	400	FOXO1	IFI44	True	43.89641189575195	1.192779541015625	1.192779541015625
CEP44	breast	1	0	400	400	CEP44	PHLDB2	True	60.095638275146484	0.9832382202148438	0.9886093139648438
IZUMO3	breast	1	0	400	400	IZUMO3	OR14A2	True	7.753062725067139	0.09671211242675781	0.09671211242675781
DENND10	breast	1	0	400	400	DENND10	COMMD5	True	77.71330261230469	1.004730224609375	1.004730224609375
SLC1A2	breast	1	0	400	400	SLC1A2	PTPRN2	True	29.4111328125	0.9832363128662109	0.9832363128662109
UBE2M	breast	1	0	400	400	UBE2M	PRRC2A	True	92.32215881347656	1.2411346435546875	1.2411346435546875
FSHR	breast	1	0	400	400	FSHR	SPRR4	True	7.656350612640381	0.0913386344909668	0.0913386344909668
FCRL5	breast	1	0	400	400	FCRL5	CSH2	True	10.721577644348145	0.55072021484375	0.55072021484375
AMY1C	breast	1	0	400	400	AMY1C	CYP4A11	True	10.538899421691895	0.3680419921875	0.3680419921875
FBXO2	breast	1	0	400	400	FBXO2	RIC1	True	55.83494567871094	1.0369644165039062	1.0369644165039062
TGM7	breast	1	0	400	400	TGM7	CLCA4	True	8.142596244812012	0.16655921936035156	0.16655921936035156
KRTAP5-5	breast	1	0	400	400	KRTAP5-5	SPRR4	True	7.656350612640381	0.0913386344909668	0.0913386344909668
TP53TG3B	breast	1	0	400	400	TP53TG3B	ITLN2	True	9.612078666687012	0.631312370300293	0.631312370300293
PCDH8	breast	1	0	400	400	PCDH8	CABCOCO1	True	16.247581481933594	1.47216796875	1.4775428771972656
GRIA1	breast	1	0	400	400	GRIA1	CRYGN	True	14.19514274597168	2.3425750732421875	2.3425750732421875
PRKAB1	breast	1	0	400	400	PRKAB1	TRMT6	True	67.18783569335938	1.0638275146484375	1.0638275146484375
PUM3	breast	1	0	400	400	PUM3	RBBP8	True	73.68901824951172	1.1014404296875	1.1014404296875
ADPRHL1	breast	1	0	400	400	ADPRHL1	INPP5B	True	49.908660888671875	1.0692024230957031	1.0799484252929688
PTPRB	breast	1	0	400	400	PTPRB	SPATA32	True	28.723403930664062	1.0208473205566406	1.0208473205566406
ABCG8	breast	1	0	400	400	ABCG8	TTC24	True	17.139480590820312	1.262624740600586	1.262624740600586
LRFN3	breast	1	0	400	400	LRFN3	HOXC6	True	48.54932403564453	1.1283035278320312	1.1336746215820312
SCAPER	breast	1	0	400	400	SCAPER	GLUD2	True	49.28540802001953	1.0799484252929688	1.0853195190429688
TIGD5	breast	1	0	400	400	TIGD5	MFSD13A	True	46.22286605834961	1.1175613403320312	1.1229324340820312
HNRNPU	breast	1	0	400	400	HNRNPU	HNRNPA2B1	True	97.7272720336914	1.4130706787109375	1.4184417724609375
OR51G2	breast	1	0	400	400	OR51G2	OR5B3	True	7.562325477600098	0.0026865005493164062	0.0026865005493164062
PROM1	breast	1	0	400	400	PROM1	PIPOX	True	33.32796096801758	1.0584564208984375	1.0638275146484375
ARL4A	breast	1	0	400	400	ARL4A	HMMR	True	76.92349243164062	0.9832382202148438	0.9832382202148438
LAP3	breast	1	0	400	400	LAP3	FAM168B	True	84.96131896972656	1.1121826171875	1.1121902465820312
ZNF319	breast	1	0	400	400	ZNF319	ARSB	True	45.29873275756836	1.1551704406738281	1.1659126281738281
KNOP1	breast	1	0	400	400	KNOP1	SPPL3	True	77.66494750976562	1.020843505859375	1.020843505859375
NEK4	breast	1	0	400	400	NEK4	RAB4B	True	61.90092468261719	1.0584564208984375	1.0638275146484375
FXR2	breast	1	0	400	400	FXR2	TCAF1	True	73.86094665527344	1.1068191528320312	1.1068191528320312
ZNF222	breast	1	0	400	400	ZNF222	ARL17B	True	46.701053619384766	1.1444206237792969	1.1605415344238281
CD8B	breast	1	0	400	400	CD8B	SYT10	True	10.170857429504395	0.3761014938354492	0.3761014938354492
SLC35C1	breast	1	0	400	400	SLC35C1	BORCS7	True	59.12852096557617	0.9724922180175781	0.9778633117675781
ACER2	breast	1	0	400	400	ACER2	CYP1A1	True	39.528263092041016	1.1820297241210938	1.1874046325683594
FAHD1	breast	1	0	400	400	FAHD1	DMPK	True	75.741455078125	1.0262222290039062	1.0262222290039062
GAS1	breast	1	0	400	400	GAS1	PGBD5	True	32.3232307434082	1.0154762268066406	1.0154762268066406
NCF4	breast	1	0	400	400	NCF4	FAIM2	True	27.380184173583984	1.0638294219970703	1.0692024230957031
CSNK1A1	breast	1	0	400	400	CSNK1A1	PSMB5	True	95.86825561523438	1.3056106567382812	1.3056106567382812
UQCC1	breast	1	0	400	400	UQCC1	CAPG	True	83.86524963378906	1.0692062377929688	1.0745773315429688
BLOC1S3	breast	1	0	400	400	BLOC1S3	KCNS3	True	58.51063919067383	0.9886093139648438	0.9886093139648438
CEP68	breast	1	0	400	400	CEP68	SP6	True	48.14098358154297	1.1820335388183594	1.1874046325683594
EDA2R	breast	1	0	400	400	EDA2R	INSYN2B	True	20.9757137298584	0.9832382202148438	0.9886093139648438
CDNF	breast	1	0	400	400	CDNF	AQP1	True	39.07156753540039	1.0960693359375	1.1014404296875
CACNG2	breast	1	0	400	400	CACNG2	CLCA4	True	8.16140079498291	0.14775466918945312	0.14775466918945312
PELI2	breast	1	0	400	400	PELI2	ATP13A5	True	26.601118087768555	1.0047283172607422	1.0047283172607422
AHRR	breast	1	0	400	400	AHRR	ZNF439	True	40.065547943115234	1.1283073425292969	1.1444206237792969
HES4	breast	1	0	400	400	HES4	TUBGCP6	True	63.45905685424805	1.0047264099121094	1.0047264099121094
LRRC28	breast	1	0	400	400	LRRC28	EGLN3	True	60.70814514160156	1.010101318359375	1.010101318359375
ZNF491	breast	1	0	400	400	ZNF491	ANKRD24	True	32.82291030883789	0.9939823150634766	0.9993553161621094
CYP11B1	breast	1	0	400	400	CYP11B1	TSPAN16	True	8.035139083862305	0.12626171112060547	0.12626171112060547
OARD1	breast	1	0	400	400	OARD1	TRIM16	True	79.58843994140625	0.9724960327148438	0.9724960327148438
ZNF26	breast	1	0	400	400	ZNF26	KIAA0753	True	53.54610061645508	1.1336746215820312	1.1336746215820312
CCNB3	breast	1	0	400	400	CCNB3	TSSK2	True	33.87062072753906	1.0692024230957031	1.0692024230957031
SLC35D1	breast	1	0	400	400	SLC35D1	FBXL18	True	50.252525329589844	1.0423393249511719	1.0423393249511719
UNC80	breast	1	0	400	400	UNC80	SULT1B1	True	15.935955047607422	1.5097789764404297	1.5151519775390625
LUZP1	breast	1	0	400	400	LUZP1	NUDT3	True	55.36213302612305	1.0530815124511719	1.0584564208984375
TMEM192	breast	1	0	400	400	TMEM192	ZNF106	True	65.46851348876953	1.010101318359375	1.010101318359375
CENPH	breast	1	0	400	400	CENPH	TCAF1	True	73.86094665527344	1.1068191528320312	1.1068191528320312
MMP14	breast	1	0	400	400	MMP14	SLFN12	True	44.46593475341797	1.2303886413574219	1.2303886413574219
ENPP1	breast	1	0	400	400	ENPP1	IL18BP	True	49.92477798461914	1.0799484252929688	1.0799484252929688
NT5DC4	breast	1	0	400	400	NT5DC4	CYP4F22	True	22.399526596069336	0.9563713073730469	0.9617443084716797
CDCP2	breast	1	0	400	400	CDCP2	UNC93A	True	9.332688331604004	0.6742954254150391	0.6742954254150391
RPL7	breast	1	0	400	400	RPL7	C1orf43	True	99.71524047851562	2.5467453002929688	2.5574951171875
S100G	breast	1	0	400	400	S100G	OR14A2	True	7.753062725067139	0.09671211242675781	0.09671211242675781
OR52J3	breast	1	0	400	400	OR52J3	OR5B3	True	7.562325477600098	0.0026865005493164062	0.0026865005493164062
ADGRG1	breast	1	0	400	400	ADGRG1	SSRP1	True	92.09112548828125	1.2787399291992188	1.2787399291992188
SLC7A9	breast	1	0	400	400	SLC7A9	FGF18	True	26.923490524291992	0.9939823150634766	0.9939823150634766
GBF1	breast	1	0	400	400	GBF1	SURF2	True	79.3412857055664	0.9939804077148438	0.9939804077148438
SLC1A5	breast	1	0	400	400	SLC1A5	CNN3	True	96.20137786865234	1.3002395629882812	1.3056106567382812
KHDC4	breast	1	0	400	400	KHDC4	MB	True	80.35675811767578	1.004730224609375	1.010101318359375
TMEM241	breast	1	0	400	400	TMEM241	PRIM2	True	67.32752990722656	1.0584564208984375	1.0638275146484375
USP9Y	breast	1	0	400	400	USP9Y	GIPC3	True	18.26241111755371	1.2142696380615234	1.2142715454101562
DPH2	breast	1	0	400	400	DPH2	CAD	True	78.9759292602539	0.9939804077148438	0.9939804077148438
MBTPS2	breast	1	0	400	400	MBTPS2	METTL8	True	64.28916931152344	0.9912948608398438	0.9912986755371094
LY86	breast	1	0	400	400	LY86	ITLN2	True	9.612078666687012	0.631312370300293	0.631312370300293
MAPKBP1	breast	1	0	400	400	MAPKBP1	NACC2	True	51.32172775268555	1.010101318359375	1.015472412109375
MIS18BP1	breast	1	0	400	400	MIS18BP1	RNF103	True	75.75757598876953	1.010101318359375	1.015472412109375
TULP1	breast	1	0	400	400	TULP1	CATIP	True	26.50977897644043	0.9939823150634766	0.9993553161621094
GPR45	breast	1	0	400	400	GPR45	COL25A1	True	18.16032600402832	1.1927776336669922	1.198150634765625
EDNRB	breast	1	0	400	400	EDNRB	TOGARAM2	True	25.150440216064453	0.9778633117675781	0.9778633117675781
PIGZ	breast	1	0	400	400	PIGZ	RAB11FIP2	True	46.6903076171875	1.1551666259765625	1.1551666259765625
MKRN2OS	breast	1	0	400	400	MKRN2OS	IFIT3	True	39.227378845214844	1.1229324340820312	1.1229324340820312
ALDH16A1	breast	1	0	400	400	ALDH16A1	ATP8B1	True	67.45110321044922	1.0638351440429688	1.0665130615234375
NR2C2AP	breast	1	0	400	400	NR2C2AP	POLB	True	79.96453857421875	0.9724884033203125	0.9778671264648438
DUSP3	breast	1	0	400	400	DUSP3	MED19	True	71.324951171875	1.0530853271484375	1.0530853271484375
AMHR2	breast	1	0	400	400	AMHR2	SP9	True	16.430259704589844	1.4345588684082031	1.4345588684082031
ATP5PD	breast	1	0	400	400	ATP5PD	RPL26	True	98.31829071044922	1.4023208618164062	1.4023208618164062
MBNL1	breast	1	0	400	400	MBNL1	CETN3	True	81.74833679199219	1.0799484252929688	1.0853195190429688
ADAMTS12	breast	1	0	400	400	ADAMTS12	PAPPA	True	30.35138702392578	1.0262203216552734	1.0262203216552734
DEFB126	breast	1	0	400	400	DEFB126	TSPAN16	True	8.035139083862305	0.12626171112060547	0.12626171112060547
FOXJ3	breast	1	0	400	400	FOXJ3	PDK2	True	72.83204650878906	1.0611419677734375	1.0611419677734375
SOBP	breast	1	0	400	400	SOBP	CD38	True	24.88179588317871	0.9832382202148438	0.9832382202148438
NKIRAS1	breast	1	0	400	400	NKIRAS1	INPP5E	True	60.27294158935547	0.9563713073730469	0.9617462158203125
OTOS	breast	1	0	400	400	OTOS	IL1F10	True	8.220502853393555	0.18267822265625	0.18267822265625
GPR137	breast	1	0	400	400	GPR137	NDUFAF6	True	77.29421997070312	1.004730224609375	1.004730224609375
OR5J2	breast	1	0	400	400	OR5J2	OR5B17	True	7.565011978149414	0.0026865005493164062	0.0026865005493164062
PHF2	breast	1	0	400	400	PHF2	VDR	True	61.78272247314453	1.0638275146484375	1.0638275146484375
VIPR2	breast	1	0	400	400	VIPR2	KCNH6	True	15.366430282592773	1.6709651947021484	1.681711196899414
GANAB	breast	1	0	400	400	GANAB	BRD2	True	97.20610046386719	1.3432235717773438	1.3485870361328125
COL15A1	breast	1	0	400	400	COL15A1	RTN1	True	27.052438735961914	1.015472412109375	1.0154743194580078
SLC16A14	breast	1	0	400	400	SLC16A14	MPZL3	True	52.89598083496094	1.0423393249511719	1.0423393249511719
IYD	breast	1	0	400	400	IYD	CYP2C8	True	24.6346435546875	0.9724903106689453	0.9778633117675781
RARA	breast	1	0	400	400	RARA	SPECC1L	True	67.03739166259766	1.0584640502929688	1.0691986083984375
MCF2L	breast	1	0	400	400	MCF2L	LIAS	True	58.92435073852539	0.9563713073730469	0.9617424011230469
TCP11X2	breast	1	0	400	400	TCP11X2	OR5B3	True	7.562325477600098	0.0026865005493164062	0.0026865005493164062
GPNMB	breast	1	0	400	400	GPNMB	ZBTB14	True	54.27680969238281	1.0477104187011719	1.0477104187011719
RASSF6	breast	1	0	400	400	RASSF6	TMEM47	True	31.732215881347656	1.0692024230957031	1.0692024230957031
BTBD16	breast	1	0	400	400	BTBD16	TGM3	True	18.944766998291016	1.1605415344238281	1.1712875366210938
RNASEH2B	breast	1	0	400	400	RNASEH2B	DRG2	True	75.3760986328125	1.0692062377929688	1.0745773315429688
SAGE1	breast	1	0	400	400	SAGE1	CYP4A11	True	10.538899421691895	0.3680419921875	0.3680419921875
TRIM49B	breast	1	0	400	400	TRIM49B	OR14A2	True	7.753062725067139	0.09671211242675781	0.09671211242675781
FGF16	breast	1	0	400	400	FGF16	OR5B3	True	7.562325477600098	0.0026865005493164062	0.0026865005493164062
AGAP4	breast	1	0	400	400	AGAP4	SECTM1	True	55.319149017333984	1.0584564208984375	1.0584564208984375
OVOL3	breast	1	0	400	400	OVOL3	CASQ1	True	24.215559005737305	0.9778633117675781	0.9778652191162109
UBA5	breast	1	0	400	400	UBA5	AP1B1	True	82.11906433105469	1.1014404296875	1.1014404296875
AKAP9	breast	1	0	400	400	AKAP9	DNAJC14	True	67.31678771972656	1.0584564208984375	1.0638275146484375
ZNF688	breast	1	0	400	400	ZNF688	SLC16A2	True	53.57296371459961	1.1121864318847656	1.1121864318847656
KLLN	breast	1	0	400	400	KLLN	C3orf80	True	33.387062072753906	1.0638313293457031	1.0692024230957031
CCR6	breast	1	0	400	400	CCR6	GPR171	True	8.467655181884766	0.21491527557373047	0.21491527557373047
SMIM40	breast	1	0	400	400	SMIM40	CEACAM3	True	8.403181076049805	0.24178028106689453	0.24178028106689453
PODXL	breast	1	0	400	400	PODXL	SLC2A6	True	53.90608215332031	1.0960655212402344	1.0960655212402344
NOLC1	breast	1	0	400	400	NOLC1	LLGL2	True	90.11927795410156	1.1444244384765625	1.1497955322265625
RANBP2	breast	1	0	400	400	RANBP2	RHOQ	True	70.8897476196289	0.9617462158203125	0.9617462158203125
WAPL	breast	1	0	400	400	WAPL	SGSH	True	72.63056182861328	1.0853195190429688	1.0906906127929688
NLGN2	breast	1	0	400	400	NLGN2	ZBED4	True	57.67784118652344	0.9832344055175781	0.9832344055175781
OR5D14	breast	1	0	400	400	OR5D14	OR5B3	True	7.562325477600098	0.0026865005493164062	0.0026865005493164062
TGFBR2	breast	1	0	400	400	TGFBR2	SPSB2	True	54.292930603027344	1.0423393249511719	1.0477104187011719
ADCYAP1R1	breast	1	0	400	400	ADCYAP1R1	OR2B2	True	11.532881736755371	1.2894906997680664	1.2894906997680664
BBS10	breast	1	0	400	400	BBS10	ZNF248	True	52.847625732421875	1.0530853271484375	1.0530853271484375
GUCD1	breast	1	0	400	400	GUCD1	MRPS12	True	88.12593841552734	1.1659164428710938	1.1712875366210938
LARGE2	breast	1	0	400	400	LARGE2	NUDT4B	True	48.29679870605469	1.1551704406738281	1.1605415344238281
CIRBP	breast	1	0	400	400	CIRBP	RAN	True	97.67891693115234	1.3969497680664062	1.4023208618164062
SULT1E1	breast	1	0	400	400	SULT1E1	ADAMTS4	True	25.16655921936035	0.9671173095703125	0.9724903106689453
VLDLR	breast	1	0	400	400	VLDLR	ABHD15	True	52.80464172363281	1.0638313293457031	1.0692024230957031
CFAP69	breast	1	0	400	400	CFAP69	LHX4	True	40.62432861328125	1.1283035278320312	1.1283035278320312
ZNF132	breast	1	0	400	400	ZNF132	ZXDA	True	39.350955963134766	1.1551704406738281	1.1551704406738281
TAS2R8	breast	1	0	400	400	TAS2R8	GPR171	True	8.467655181884766	0.21491527557373047	0.21491527557373047
BICC1	breast	1	0	400	400	BICC1	SLC10A4	True	27.621963500976562	1.0638313293457031	1.0692024230957031
CCNG1	breast	1	0	400	400	CCNG1	SDF2	True	89.24887084960938	1.1605377197265625	1.1605377197265625
ZNF335	breast	1	0	400	400	ZNF335	SPIN3	True	56.9901123046875	1.004730224609375	1.0100975036621094
CCNQ	breast	1	0	400	400	CCNQ	POM121	True	70.64259338378906	0.993988037109375	0.9993515014648438
ZNF718	breast	1	0	400	400	ZNF718	SHLD3	True	47.29744338989258	1.1497955322265625	1.1497955322265625
SPATA9	breast	1	0	400	400	SPATA9	SMIM17	True	31.37223243713379	1.042337417602539	1.0477104187011719
NHSL1	breast	1	0	400	400	NHSL1	PBX4	True	46.067054748535156	1.1014404296875	1.1014404296875
RPGRIP1L	breast	1	0	400	400	RPGRIP1L	PKIB	True	56.32925033569336	1.0208473205566406	1.0262184143066406
CXorf66	breast	1	0	400	400	CXorf66	OR5B17	True	7.565011978149414	0.0026865005493164062	0.0026865005493164062
CD40	breast	1	0	400	400	CD40	ASB2	True	25.548032760620117	0.9698047637939453	0.9724903106689453
ZNF396	breast	1	0	400	400	ZNF396	ETV2	True	37.508060455322266	1.0262222290039062	1.0315895080566406
USP35	breast	1	0	400	400	USP35	C20orf96	True	49.10272979736328	1.1175575256347656	1.1229324340820312
CSRP2	breast	1	0	400	400	CSRP2	AGO3	True	53.96518325805664	1.0745773315429688	1.0799484252929688
ZBTB47	breast	1	0	400	400	ZBTB47	ANXA2R	True	42.370513916015625	1.0584564208984375	1.0638313293457031
VCX2	breast	1	0	400	400	VCX2	CLCA4	True	8.16140079498291	0.14775466918945312	0.14775466918945312
B3GNT7	breast	1	0	400	400	B3GNT7	RAB37	True	33.548248291015625	1.0692024230957031	1.0692024230957031
IQSEC3	breast	1	0	400	400	IQSEC3	SLC8A3	True	14.635719299316406	2.0309486389160156	2.0336341857910156
ASS1	breast	1	0	400	400	ASS1	UBE2C	True	95.45454406738281	1.29486083984375	1.2948684692382812
FAM161B	breast	1	0	400	400	FAM161B	ZKSCAN5	True	48.83945846557617	1.1014404296875	1.1014404296875
TCF24	breast	1	0	400	400	TCF24	SPRR3	True	24.892541885375977	0.9778652191162109	0.9778652191162109
CYP3A5	breast	1	0	400	400	CYP3A5	NBPF10	True	40.350311279296875	1.1121864318847656	1.1121864318847656
SCTR	breast	1	0	400	400	SCTR	ITLN2	True	9.612078666687012	0.631312370300293	0.631312370300293
ZNF582	breast	1	0	400	400	ZNF582	CARD9	True	39.31871795654297	1.1497955322265625	1.1551666259765625
PRAC2	breast	1	0	400	400	PRAC2	SYT10	True	10.170857429504395	0.3761014938354492	0.3761014938354492
CNGA2	breast	1	0	400	400	CNGA2	HCRTR1	True	9.875349044799805	0.5426607131958008	0.5426607131958008
BTC	breast	1	0	400	400	BTC	CYP2U1	True	42.343650817871094	1.0530815124511719	1.0530853271484375
GRIN2D	breast	1	0	400	400	GRIN2D	IL7	True	32.656349182128906	0.9939842224121094	0.9993553161621094
CNTRL	breast	1	0	400	400	CNTRL	HIPK2	True	51.70857620239258	1.010101318359375	1.0154762268066406
TNRC6A	breast	1	0	400	400	TNRC6A	XAB2	True	71.42704010009766	1.0638351440429688	1.0638351440429688
ATRNL1	breast	1	0	400	400	ATRNL1	ALDH3A1	True	33.994197845458984	1.0799484252929688	1.0853195190429688
REX1BD	breast	1	0	400	400	REX1BD	AHCTF1	True	76.9073715209961	0.9724884033203125	0.9778671264648438
SPRY3	breast	1	0	400	400	SPRY3	FCRLB	True	33.752418518066406	1.0853195190429688	1.0853195190429688
C12orf56	breast	1	0	400	400	C12orf56	GPR85	True	22.310874938964844	0.9698047637939453	0.9698047637939453
EEF1B2	breast	1	0	400	400	EEF1B2	C1orf43	True	98.9039306640625	1.7354354858398438	1.746185302734375
ZRANB2	breast	1	0	400	400	ZRANB2	RHOB	True	86.96540069580078	1.1605377197265625	1.1659164428710938
UBE2D2	breast	1	0	400	400	UBE2D2	UBE2M	True	91.08639526367188	1.2357635498046875	1.2357635498046875
MICALL2	breast	1	0	400	400	MICALL2	CENPL	True	70.33634185791016	0.9939804077148438	0.9993515014648438
TNFAIP2	breast	1	0	400	400	TNFAIP2	DSG2	True	76.30023956298828	1.010101318359375	1.015472412109375
LYVE1	breast	1	0	400	400	LYVE1	CEACAM3	True	8.403181076049805	0.24178028106689453	0.24178028106689453
CTRB1	breast	1	0	400	400	CTRB1	XKR6	True	22.055662155151367	0.9939823150634766	0.9939823150634766
TBCEL	breast	1	0	400	400	TBCEL	MBP	True	51.746185302734375	0.9939842224121094	0.9993553161621094
MRPS26	breast	1	0	400	400	MRPS26	CLSTN1	True	88.99097442626953	1.1551666259765625	1.1551666259765625
TCL1A	pancreas	1	0	400	400	TCL1A	C2CD6	True	21.472705841064453	1.1095008850097656	1.1148719787597656
SDHA	pancreas	1	0	400	400	SDHA	ZFAND5	True	94.30206298828125	1.182037353515625	1.182037353515625
ANLN	pancreas	1	0	400	400	ANLN	PSMD14	True	92.2952880859375	1.184722900390625	1.190093994140625
ZFP64	pancreas	1	0	400	400	ZFP64	ZCCHC14	True	58.68257141113281	1.015472412109375	1.015472412109375
PRSS12	pancreas	1	0	400	400	PRSS12	ARHGEF39	True	59.821617126464844	1.0020370483398438	1.003387451171875
MPST	pancreas	1	0	400	400	MPST	YIPF6	True	74.70986938476562	1.0718841552734375	1.0718841552734375
SYNDIG1	pancreas	1	0	400	400	SYNDIG1	TMEM132C	True	8.960617065429688	0.18536376953125	0.18536376953125
PPP1R3B	pancreas	1	0	400	400	PPP1R3B	RILPL1	True	47.359230041503906	1.1094970703125	1.1121864318847656
SRCAP	pancreas	1	0	400	400	SRCAP	PLK3	True	64.0366439819336	0.9966697692871094	0.9966697692871094
FTMT	pancreas	1	0	400	400	FTMT	CCDC179	True	7.926337718963623	0.06447458267211914	0.06447458267211914
RAB5A	pancreas	1	0	400	400	RAB5A	PEF1	True	85.47174072265625	1.1202392578125	1.1309967041015625
MRPL50	pancreas	1	0	400	400	MRPL50	HERPUD2	True	71.48345184326172	0.9912948608398438	0.9912948608398438
NAGA	pancreas	1	0	400	400	NAGA	CHCHD4	True	67.02127075195312	1.0503921508789062	1.0530853271484375
TAFA3	pancreas	1	0	400	400	TAFA3	SYT14	True	25.10477066040039	0.9859237670898438	0.9912967681884766
FYB1	pancreas	1	0	400	400	FYB1	FBXO15	True	32.728885650634766	1.0853233337402344	1.0880088806152344
HMOX2	pancreas	1	0	400	400	HMOX2	DAZAP1	True	86.05200958251953	1.1632308959960938	1.1632308959960938
TMEM266	pancreas	1	0	400	400	TMEM266	GNG7	True	28.846981048583984	1.0933799743652344	1.0933818817138672
SCAMP1	pancreas	1	0	400	400	SCAMP1	ASCC1	True	81.63819122314453	0.9886093139648438	0.9912948608398438
TRA2B	pancreas	1	0	400	400	TRA2B	CCT7	True	97.20878601074219	1.211578369140625	1.2115859985351562
FOXO1	pancreas	1	0	400	400	FOXO1	NEK11	True	47.356544494628906	1.1068115234375	1.1148719787597656
CEP44	pancreas	1	0	400	400	CEP44	SLC2A11	True	60.541587829589844	0.9939804077148438	0.9939842224121094
IZUMO3	pancreas	1	0	400	400	IZUMO3	PRAMEF18	True	8.05663013458252	0.06581783294677734	0.06581783294677734
DENND10	pancreas	1	0	400	400	DENND10	MESD	True	77.78583526611328	1.0342788696289062	1.0423355102539062
SLC1A2	pancreas	1	0	400	400	SLC1A2	CPA5	True	21.12346839904785	1.1068134307861328	1.1148738861083984
UBE2M	pancreas	1	0	400	400	UBE2M	RPL7L1	True	90.53433227539062	1.1323394775390625	1.1350173950195312
FSHR	pancreas	1	0	400	400	FSHR	CCDC179	True	7.926337718963623	0.06447458267211914	0.06447458267211914
FCRL5	pancreas	1	0	400	400	FCRL5	GMNC	True	13.16355037689209	2.240489959716797	2.248549461364746
AMY1C	pancreas	1	0	400	400	AMY1C	TGM7	True	8.470341682434082	0.12223339080810547	0.12223339080810547
FBXO2	pancreas	1	0	400	400	FBXO2	NEIL3	True	53.613258361816406	1.1336746215820312	1.1336784362792969
TGM7	pancreas	1	0	400	400	TGM7	NPY2R	True	8.348108291625977	0.1302928924560547	0.15850067138671875
KRTAP5-5	pancreas	1	0	400	400	KRTAP5-5	PRKACG	True	8.262142181396484	0.10342788696289062	0.10342788696289062
TP53TG3B	pancreas	1	0	400	400	TP53TG3B	CHRNB3	True	8.521384239196777	0.17327594757080078	0.17327594757080078
PCDH8	pancreas	1	0	400	400	PCDH8	UPP2	True	8.795400619506836	0.07790756225585938	0.07790756225585938
GRIA1	pancreas	1	0	400	400	GRIA1	SLITRK1	True	9.010315895080566	0.22297382354736328	0.22297382354736328
PRKAB1	pancreas	1	0	400	400	PRKAB1	UPK3B	True	73.24844360351562	1.018157958984375	1.018157958984375
PUM3	pancreas	1	0	400	400	PUM3	PIGP	True	75.84622192382812	1.1068191528320312	1.1068191528320312
ADPRHL1	pancreas	1	0	400	400	ADPRHL1	TP53INP1	True	45.279930114746094	1.1444244384765625	1.1497993469238281
PTPRB	pancreas	1	0	400	400	PTPRB	AMY2B	True	40.79625701904297	1.0906982421875	1.0987510681152344
ABCG8	pancreas	1	0	400	400	ABCG8	SDR42E2	True	17.56528091430664	1.2438201904296875	1.2478504180908203
LRFN3	pancreas	1	0	400	400	LRFN3	ATAD2B	True	47.25177001953125	1.1068115234375	1.1202468872070312
SCAPER	pancreas	1	0	400	400	SCAPER	CHST10	True	48.37470245361328	1.0960617065429688	1.0960655212402344
TIGD5	pancreas	1	0	400	400	TIGD5	KDM8	True	44.82323455810547	1.0530853271484375	1.0584564208984375
HNRNPU	pancreas	1	0	400	400	HNRNPU	OCIAD2	True	97.46937561035156	1.206207275390625	1.2196502685546875
OR51G2	pancreas	1	0	400	400	OR51G2	LCE3B	True	7.990812301635742	0.06447458267211914	0.06447458267211914
PROM1	pancreas	1	0	400	400	PROM1	HOXA4	True	33.54018783569336	1.1068153381347656	1.1095008850097656
ARL4A	pancreas	1	0	400	400	ARL4A	PIP4K2C	True	78.73414611816406	1.0665206909179688	1.0692062377929688
LAP3	pancreas	1	0	400	400	LAP3	STRN4	True	85.08757781982422	1.1068115234375	1.1068115234375
ZNF319	pancreas	1	0	400	400	ZNF319	CNTLN	True	45.36051940917969	1.1551666259765625	1.1578521728515625
KNOP1	pancreas	1	0	400	400	KNOP1	EBAG9	True	74.9247817993164	1.0584640502929688	1.0638275146484375
NEK4	pancreas	1	0	400	400	NEK4	PXMP4	True	59.757144927978516	0.9818916320800781	0.9845771789550781
FXR2	pancreas	1	0	400	400	FXR2	CDC42BPA	True	67.02933502197266	1.0530853271484375	1.0557708740234375
ZNF222	pancreas	1	0	400	400	ZNF222	L3MBTL1	True	46.40554428100586	1.1202430725097656	1.1202430725097656
CD8B	pancreas	1	0	400	400	CD8B	NDST4	True	10.931119918823242	1.589029312133789	1.589029312133789
SLC35C1	pancreas	1	0	400	400	SLC35C1	HNRNPA1L2	True	67.86079406738281	0.9926300048828125	0.998016357421875
ACER2	pancreas	1	0	400	400	ACER2	HES2	True	40.871482849121094	1.1068153381347656	1.1095008850097656
FAHD1	pancreas	1	0	400	400	FAHD1	TMEM167B	True	74.46807861328125	1.0826263427734375	1.0826263427734375
GAS1	pancreas	1	0	400	400	GAS1	PTGDR2	True	24.95970344543457	0.9698047637939453	0.9698047637939453
NCF4	pancreas	1	0	400	400	NCF4	DLEU7	True	24.750160217285156	0.9966697692871094	0.9993553161621094
CSNK1A1	pancreas	1	0	400	400	CSNK1A1	ESD	True	95.06233215332031	1.3351669311523438	1.3351669311523438
UQCC1	pancreas	1	0	400	400	UQCC1	METAP1	True	84.1822509765625	1.1202392578125	1.1202392578125
BLOC1S3	pancreas	1	0	400	400	BLOC1S3	SPICE1	True	53.930259704589844	1.1578521728515625	1.1605415344238281
CEP68	pancreas	1	0	400	400	CEP68	ZNF530	True	46.45121383666992	1.1068153381347656	1.1068153381347656
EDA2R	pancreas	1	0	400	400	EDA2R	SLIT3	True	19.554588317871094	1.0880088806152344	1.0906944274902344
CDNF	pancreas	1	0	400	400	CDNF	XKR6	True	38.426822662353516	1.0987548828125	1.1068115234375
CACNG2	pancreas	1	0	400	400	CACNG2	UGT2A3	True	8.682570457458496	0.0926828384399414	0.0926828384399414
PELI2	pancreas	1	0	400	400	PELI2	NRG4	True	40.140769958496094	1.0423355102539062	1.0450248718261719
AHRR	pancreas	1	0	400	400	AHRR	FLRT2	True	37.803565979003906	1.1094970703125	1.1121826171875
HES4	pancreas	1	0	400	400	HES4	KCTD13	True	58.05663299560547	1.0503959655761719	1.0530776977539062
LRRC28	pancreas	1	0	400	400	LRRC28	POLR3D	True	58.927040100097656	1.0127830505371094	1.0127830505371094
ZNF491	pancreas	1	0	400	400	ZNF491	TRIM54	True	29.335912704467773	1.1041259765625	1.1041278839111328
CYP11B1	pancreas	1	0	400	400	CYP11B1	CRYAA	True	8.158714294433594	0.10342788696289062	0.10342788696289062
OARD1	pancreas	1	0	400	400	OARD1	PRKRA	True	80.23318481445312	1.0477142333984375	1.0477142333984375
ZNF26	pancreas	1	0	400	400	ZNF26	LMTK2	True	54.24994659423828	1.190093994140625	1.192779541015625
CCNB3	pancreas	1	0	400	400	CCNB3	UCN2	True	33.63690185546875	1.0987510681152344	1.1014404296875
SLC35D1	pancreas	1	0	400	400	SLC35D1	ZNF180	True	50.483558654785156	1.0960693359375	1.0987548828125
UNC80	pancreas	1	0	400	400	UNC80	ABCA8	True	17.144851684570312	1.3351612091064453	1.3405342102050781
LUZP1	pancreas	1	0	400	400	LUZP1	SLC1A3	True	59.018375396728516	1.0262184143066406	1.0289039611816406
TMEM192	pancreas	1	0	400	400	TMEM192	CDC40	True	60.03384780883789	1.0181617736816406	1.0208473205566406
CENPH	pancreas	1	0	400	400	CENPH	CCS	True	76.58230590820312	1.0020370483398438	1.004730224609375
MMP14	pancreas	1	0	400	400	MMP14	ARFGAP2	True	87.71223449707031	1.1524810791015625	1.157867431640625
ENPP1	pancreas	1	0	400	400	ENPP1	ANKRD61	True	37.65312957763672	1.1283073425292969	1.1309890747070312
NT5DC4	pancreas	1	0	400	400	NT5DC4	CTAGE9	True	29.623361587524414	1.1014404296875	1.1041259765625
CDCP2	pancreas	1	0	400	400	CDCP2	UGT2A3	True	8.682570457458496	0.0926828384399414	0.0926828384399414
RPL7	pancreas	1	0	400	400	RPL7	PSME1	True	99.74210357666016	2.3425827026367188	2.3506393432617188
S100G	pancreas	1	0	400	400	S100G	PRKACG	True	8.262142181396484	0.10342788696289062	0.10342788696289062
OR52J3	pancreas	1	0	400	400	OR52J3	PRAMEF18	True	8.05663013458252	0.06581783294677734	0.06581783294677734
ADGRG1	pancreas	1	0	400	400	ADGRG1	VKORC1	True	89.52825927734375	1.0315933227539062	1.0396575927734375
SLC7A9	pancreas	1	0	400	400	SLC7A9	ZNF582	True	26.67365264892578	1.012786865234375	1.018157958984375
GBF1	pancreas	1	0	400	400	GBF1	BIRC6	True	79.18278503417969	1.0853271484375	1.0880050659179688
SLC1A5	pancreas	1	0	400	400	SLC1A5	REXO2	True	93.58747100830078	1.1793441772460938	1.1793441772460938
KHDC4	pancreas	1	0	400	400	KHDC4	CLDN12	True	84.42402648925781	1.1229248046875	1.1283035278320312
TMEM241	pancreas	1	0	400	400	TMEM241	PIDD1	True	55.5206298828125	1.1524810791015625	1.1551704406738281
USP9Y	pancreas	1	0	400	400	USP9Y	PLCL1	True	19.74801254272461	1.0772628784179688	1.0826339721679688
DPH2	pancreas	1	0	400	400	DPH2	TOLLIP	True	77.74017333984375	1.0477066040039062	1.0530853271484375
MBTPS2	pancreas	1	0	400	400	MBTPS2	SENP5	True	61.57855224609375	1.010101318359375	1.012786865234375
LY86	pancreas	1	0	400	400	LY86	DMRT1	True	9.158069610595703	0.29282188415527344	0.30088043212890625
MAPKBP1	pancreas	1	0	400	400	MAPKBP1	MPP3	True	52.05781173706055	1.0127906799316406	1.0235328674316406
MIS18BP1	pancreas	1	0	400	400	MIS18BP1	VPS45	True	76.93423461914062	1.0638275146484375	1.0692062377929688
TULP1	pancreas	1	0	400	400	TULP1	TBX4	True	23.764238357543945	1.0477104187011719	1.0503978729248047
GPR45	pancreas	1	0	400	400	GPR45	MT3	True	17.784225463867188	1.1874046325683594	1.1900920867919922
EDNRB	pancreas	1	0	400	400	EDNRB	FCAMR	True	21.319578170776367	1.1202449798583984	1.133676528930664
PIGZ	pancreas	1	0	400	400	PIGZ	PRELID3A	True	44.205352783203125	1.0638275146484375	1.0718917846679688
MKRN2OS	pancreas	1	0	400	400	MKRN2OS	ARHGAP24	True	45.87363052368164	1.1605415344238281	1.1712875366210938
ALDH16A1	pancreas	1	0	400	400	ALDH16A1	NIPAL3	True	64.88287353515625	0.9912948608398438	0.9939842224121094
NR2C2AP	pancreas	1	0	400	400	NR2C2AP	CDK13	True	75.0	1.0477142333984375	1.0503997802734375
DUSP3	pancreas	1	0	400	400	DUSP3	WEE1	True	74.7071762084961	1.0745773315429688	1.0745773315429688
AMHR2	pancreas	1	0	400	400	AMHR2	RIC3	True	18.168386459350586	1.1229305267333984	1.1283035278320312
ATP5PD	pancreas	1	0	400	400	ATP5PD	RPL13A	True	98.35589599609375	1.2921829223632812	1.2975540161132812
MBNL1	pancreas	1	0	400	400	MBNL1	ALDH7A1	True	86.79884338378906	1.1471099853515625	1.1524810791015625
ADAMTS12	pancreas	1	0	400	400	ADAMTS12	KCNC1	True	27.990005493164062	1.045022964477539	1.0450248718261719
DEFB126	pancreas	1	0	400	400	DEFB126	CRYAA	True	8.158714294433594	0.10342788696289062	0.10342788696289062
FOXJ3	pancreas	1	0	400	400	FOXJ3	SLC12A7	True	71.50762939453125	0.9886093139648438	0.9939804077148438
SOBP	pancreas	1	0	400	400	SOBP	LRRC7	True	29.61261558532715	1.0933799743652344	1.0933818817138672
NKIRAS1	pancreas	1	0	400	400	NKIRAS1	PDGFA	True	58.51332473754883	1.0262184143066406	1.0289039611816406
OTOS	pancreas	1	0	400	400	OTOS	CRYAA	True	8.158714294433594	0.10342788696289062	0.10342788696289062
GPR137	pancreas	1	0	400	400	GPR137	TXLNA	True	74.68031311035156	1.0718841552734375	1.0718841552734375
OR5J2	pancreas	1	0	400	400	OR5J2	CCDC179	True	7.926337718963623	0.06447458267211914	0.06447458267211914
PHF2	pancreas	1	0	400	400	PHF2	MANBA	True	61.411991119384766	1.0020408630371094	1.0047264099121094
VIPR2	pancreas	1	0	400	400	VIPR2	DMRT1	True	9.158069610595703	0.29282188415527344	0.30088043212890625
GANAB	pancreas	1	0	400	400	GANAB	S100A13	True	97.18461608886719	1.2062149047851562	1.2089004516601562
COL15A1	pancreas	1	0	400	400	COL15A1	PCDH15	True	15.95475959777832	1.7945404052734375	1.8012580871582031
SLC16A14	pancreas	1	0	400	400	SLC16A14	DNAJC27	True	40.86610794067383	1.1068115234375	1.1095008850097656
IYD	pancreas	1	0	400	400	IYD	OR2L2	True	24.070491790771484	1.0208473205566406	1.0235328674316406
RARA	pancreas	1	0	400	400	RARA	MTFMT	True	60.98216247558594	0.9832382202148438	0.9832382202148438
MCF2L	pancreas	1	0	400	400	MCF2L	RHOBTB2	True	45.79035186767578	1.1605377197265625	1.1632270812988281
TCP11X2	pancreas	1	0	400	400	TCP11X2	PRKACG	True	8.262142181396484	0.10342788696289062	0.10342788696289062
GPNMB	pancreas	1	0	400	400	GPNMB	SYCP2	True	40.10315704345703	1.0477066040039062	1.0477142333984375
RASSF6	pancreas	1	0	400	400	RASSF6	ZNF529	True	47.4290771484375	1.1068115234375	1.1068115234375
BTBD16	pancreas	1	0	400	400	BTBD16	FAT4	True	35.50397491455078	1.0692024230957031	1.0718917846679688
RNASEH2B	pancreas	1	0	400	400	RNASEH2B	CEBPZ	True	81.12776947021484	1.0477142333984375	1.0584487915039062
SAGE1	pancreas	1	0	400	400	SAGE1	CHRNB3	True	8.521384239196777	0.17327594757080078	0.17327594757080078
TRIM49B	pancreas	1	0	400	400	TRIM49B	LCE3B	True	7.990812301635742	0.06447458267211914	0.06447458267211914
FGF16	pancreas	1	0	400	400	FGF16	PRAMEF18	True	8.05663013458252	0.06581783294677734	0.06581783294677734
AGAP4	pancreas	1	0	400	400	AGAP4	DCLRE1C	True	53.44670104980469	1.1309890747070312	1.1336746215820312
OVOL3	pancreas	1	0	400	400	OVOL3	CPNE4	True	22.08252716064453	1.0772628784179688	1.0772628784179688
UBA5	pancreas	1	0	400	400	UBA5	PACSIN2	True	84.41865539550781	1.1229324340820312	1.1256179809570312
AKAP9	pancreas	1	0	400	400	AKAP9	DCAKD	True	64.65184020996094	0.9671211242675781	0.9751815795898438
ZNF688	pancreas	1	0	400	400	ZNF688	ZNF45	True	52.01483154296875	1.020843505859375	1.020843505859375
KLLN	pancreas	1	0	400	400	KLLN	MMP17	True	34.76251983642578	1.1336784362792969	1.1336784362792969
CCR6	pancreas	1	0	400	400	CCR6	PRKACG	True	8.262142181396484	0.10342788696289062	0.10342788696289062
SMIM40	pancreas	1	0	400	400	SMIM40	CRYAA	True	8.158714294433594	0.10342788696289062	0.10342788696289062
PODXL	pancreas	1	0	400	400	PODXL	ZNF593	True	81.94578552246094	0.9872665405273438	0.9899444580078125
NOLC1	pancreas	1	0	400	400	NOLC1	PPP2CB	True	90.1380844116211	1.0557708740234375	1.0557785034179688
RANBP2	pancreas	1	0	400	400	RANBP2	SLC37A2	True	72.35116577148438	1.0208587646484375	1.0235366821289062
WAPL	pancreas	1	0	400	400	WAPL	OCLN	True	76.01815795898438	1.0772552490234375	1.0799484252929688
NLGN2	pancreas	1	0	400	400	NLGN2	IGFBP1	True	48.38545227050781	1.1041297912597656	1.1068115234375
OR5D14	pancreas	1	0	400	400	OR5D14	CCDC179	True	7.926337718963623	0.06447458267211914	0.06447458267211914
TGFBR2	pancreas	1	0	400	400	TGFBR2	SLC52A2	True	89.13335418701172	1.0611419677734375	1.0638275146484375
ADCYAP1R1	pancreas	1	0	400	400	ADCYAP1R1	PPP3R2	True	9.738340377807617	0.7777233123779297	0.7777233123779297
BBS10	pancreas	1	0	400	400	BBS10	CD99L2	True	58.40586853027344	1.0423355102539062	1.0423393249511719
GUCD1	pancreas	1	0	400	400	GUCD1	BMI1	True	83.86256408691406	1.0745773315429688	1.0826416015625
LARGE2	pancreas	1	0	400	400	LARGE2	DPP4	True	43.557918548583984	1.0933799743652344	1.0960655212402344
CIRBP	pancreas	1	0	400	400	CIRBP	BANF1	True	97.13894653320312	1.2411346435546875	1.2438201904296875
SULT1E1	pancreas	1	0	400	400	SULT1E1	MEOX1	True	20.806468963623047	1.1363639831542969	1.1363639831542969
VLDLR	pancreas	1	0	400	400	VLDLR	TFEB	True	44.0817756652832	1.0584564208984375	1.0584564208984375
CFAP69	pancreas	1	0	400	400	CFAP69	AKNA	True	41.8735237121582	1.1578559875488281	1.1605415344238281
ZNF132	pancreas	1	0	400	400	ZNF132	ANO7	True	38.37040710449219	1.0960693359375	1.0987548828125
TAS2R8	pancreas	1	0	400	400	TAS2R8	DCANP1	True	8.591232299804688	0.1423797607421875	0.1423797607421875
BICC1	pancreas	1	0	400	400	BICC1	SEPTIN1	True	36.21319580078125	1.0906944274902344	1.0933837890625
CCNG1	pancreas	1	0	400	400	CCNG1	UBE2T	True	93.43702697753906	1.192779541015625	1.192779541015625
ZNF335	pancreas	1	0	400	400	ZNF335	ZNF431	True	54.45411682128906	1.1578521728515625	1.1578559875488281
CCNQ	pancreas	1	0	400	400	CCNQ	ASPHD1	True	69.20535278320312	0.9698028564453125	0.9724884033203125
ZNF718	pancreas	1	0	400	400	ZNF718	FLT3LG	True	45.26918029785156	1.1444244384765625	1.1444244384765625
SPATA9	pancreas	1	0	400	400	SPATA9	FBLN5	True	30.945087432861328	1.0530853271484375	1.0530853271484375
NHSL1	pancreas	1	0	400	400	NHSL1	VGLL3	True	42.50215148925781	1.1712875366210938	1.1712875366210938
RPGRIP1L	pancreas	1	0	400	400	RPGRIP1L	FRMD4B	True	55.243927001953125	1.1551666259765625	1.1578521728515625
CXorf66	pancreas	1	0	400	400	CXorf66	LCE3B	True	7.990812301635742	0.06447458267211914	0.06447458267211914
CD40	pancreas	1	0	400	400	CD40	ST6GALNAC6	True	59.939823150634766	1.0315933227539062	1.0342826843261719
ZNF396	pancreas	1	0	400	400	ZNF396	SPAG8	True	35.732322692871094	1.0960693359375	1.0987548828125
USP35	pancreas	1	0	400	400	USP35	ZNF37A	True	48.444549560546875	1.1014404296875	1.1014404296875
CSRP2	pancreas	1	0	400	400	CSRP2	ZNF440	True	52.114227294921875	1.0315933227539062	1.0342788696289062
ZBTB47	pancreas	1	0	400	400	ZBTB47	FEM1A	True	41.817108154296875	1.1309928894042969	1.1336746215820312
VCX2	pancreas	1	0	400	400	VCX2	LCE3B	True	7.990812301635742	0.06447458267211914	0.06447458267211914
B3GNT7	pancreas	1	0	400	400	B3GNT7	ZNF689	True	48.417686462402344	1.1041259765625	1.1068115234375
IQSEC3	pancreas	1	0	400	400	IQSEC3	ST18	True	18.424942016601562	1.0920391082763672	1.0920391082763672
ASS1	pancreas	1	0	400	400	ASS1	RNF213	True	85.47711181640625	1.1148681640625	1.1283035278320312
FAM161B	pancreas	1	0	400	400	FAM161B	ZNF69	True	45.105308532714844	1.1283035278320312	1.1336746215820312
TCF24	pancreas	1	0	400	400	TCF24	STXBP5L	True	21.46733283996582	1.1121845245361328	1.1148719787597656
CYP3A5	pancreas	1	0	400	400	CYP3A5	OSBPL7	True	58.92703628540039	1.012786865234375	1.012786865234375
SCTR	pancreas	1	0	400	400	SCTR	RFX4	True	8.763163566589355	0.08059310913085938	0.08059310913085938
ZNF582	pancreas	1	0	400	400	ZNF582	CRCT1	True	27.691810607910156	1.018157958984375	1.0208454132080078
PRAC2	pancreas	1	0	400	400	PRAC2	CFAP99	True	25.131635665893555	0.9671192169189453	0.9698047637939453
CNGA2	pancreas	1	0	400	400	CNGA2	CRYAA	True	8.158714294433594	0.10342788696289062	0.10342788696289062
BTC	pancreas	1	0	400	400	BTC	CABLES2	True	48.788414001464844	1.0933837890625	1.0960693359375
GRIN2D	pancreas	1	0	400	400	GRIN2D	SH3PXD2B	True	43.7164192199707	1.0906944274902344	1.0933799743652344
CNTRL	pancreas	1	0	400	400	CNTRL	BTN3A3	True	55.080055236816406	1.1256179809570312	1.1283035278320312
TNRC6A	pancreas	1	0	400	400	TNRC6A	UBE2E2	True	70.38469696044922	1.0342788696289062	1.0342788696289062
ATRNL1	pancreas	1	0	400	400	ATRNL1	CD101	True	27.433914184570312	1.0396537780761719	1.042337417602539
REX1BD	pancreas	1	0	400	400	REX1BD	TBC1D31	True	77.97926330566406	1.0611419677734375	1.0611419677734375
SPRY3	pancreas	1	0	400	400	SPRY3	USP2	True	35.79679870605469	1.1121826171875	1.1121864318847656
C12orf56	pancreas	1	0	400	400	C12orf56	EFCAB12	True	28.094776153564453	1.042337417602539	1.045022964477539
EEF1B2	pancreas	1	0	400	400	EEF1B2	PSME1	True	99.30958557128906	1.910064697265625	1.918121337890625
ZRANB2	pancreas	1	0	400	400	ZRANB2	DDX56	True	87.486572265625	1.184722900390625	1.1900863647460938
UBE2D2	pancreas	1	0	400	400	UBE2D2	CKAP5	True	90.71298217773438	1.1363601684570312	1.1363677978515625
MICALL2	pancreas	1	0	400	400	MICALL2	HERPUD2	True	73.47947692871094	1.004730224609375	1.004730224609375
TNFAIP2	pancreas	1	0	400	400	TNFAIP2	FHL2	True	94.04147338867188	1.192779541015625	1.192779541015625
LYVE1	pancreas	1	0	400	400	LYVE1	TMEM132C	True	8.960617065429688	0.18536376953125	0.18536376953125
CTRB1	pancreas	1	0	400	400	CTRB1	FAM107A	True	20.77691650390625	1.1256160736083984	1.1256160736083984
TBCEL	pancreas	1	0	400	400	TBCEL	AGO1	True	52.589725494384766	1.0450248718261719	1.0477104187011719
MRPS26	pancreas	1	0	400	400	MRPS26	PLOD3	True	83.12648010253906	1.0611419677734375	1.0638275146484375
TCL1A	ovary	1	0	400	400	TCL1A	CCL25	True	20.357833862304688	1.036966323852539	1.042337417602539
SDHA	ovary	1	0	400	400	SDHA	PDCD6IP	True	93.48807525634766	1.2572479248046875	1.2626266479492188
ANLN	ovary	1	0	400	400	ANLN	MICOS13	True	90.96282196044922	1.1283035278320312	1.1336746215820312
ZFP64	ovary	1	0	400	400	ZFP64	NIPBL	True	65.41478729248047	1.0584564208984375	1.0638275146484375
PRSS12	ovary	1	0	400	400	PRSS12	PIGZ	True	46.91059494018555	1.0799484252929688	1.0799484252929688
MPST	ovary	1	0	400	400	MPST	PPP4R3B	True	76.5366439819336	1.0745773315429688	1.0745773315429688
SYNDIG1	ovary	1	0	400	400	SYNDIG1	VWA3A	True	17.84869956970215	1.1551685333251953	1.1551685333251953
PPP1R3B	ovary	1	0	400	400	PPP1R3B	ZNF696	True	49.339134216308594	1.0906906127929688	1.0960693359375
SRCAP	ovary	1	0	400	400	SRCAP	PIGB	True	64.72705841064453	1.0853233337402344	1.0853233337402344
FTMT	ovary	1	0	400	400	FTMT	OCM2	True	7.2856221199035645	0.0456695556640625	0.0456695556640625
RAB5A	ovary	1	0	400	400	RAB5A	POLR2A	True	84.76789093017578	1.1229324340820312	1.1229324340820312
MRPL50	ovary	1	0	400	400	MRPL50	SLC4A7	True	68.95551300048828	1.0315933227539062	1.0315933227539062
NAGA	ovary	1	0	400	400	NAGA	HSCB	True	65.35568237304688	1.0638351440429688	1.0692062377929688
TAFA3	ovary	1	0	400	400	TAFA3	ALOX12B	True	27.79926872253418	0.9617462158203125	0.9671192169189453
FYB1	ovary	1	0	400	400	FYB1	UTS2R	True	24.77433967590332	1.0315933227539062	1.0369644165039062
HMOX2	ovary	1	0	400	400	HMOX2	THOP1	True	84.15538024902344	1.1175613403320312	1.1175613403320312
TMEM266	ovary	1	0	400	400	TMEM266	MAGEA4	True	29.540081024169922	1.074575424194336	1.074575424194336
SCAMP1	ovary	1	0	400	400	SCAMP1	GSK3B	True	78.20223236083984	1.0960617065429688	1.0960617065429688
TRA2B	ovary	1	0	400	400	TRA2B	RANBP1	True	97.31356048583984	1.3324737548828125	1.3324737548828125
FOXO1	ovary	1	0	400	400	FOXO1	TNK1	True	45.45991897583008	1.1229324340820312	1.1283035278320312
CEP44	ovary	1	0	400	400	CEP44	ZNF394	True	62.884159088134766	1.0047264099121094	1.0047264099121094
IZUMO3	ovary	1	0	400	400	IZUMO3	OR56A1	True	7.403825283050537	0.05910205841064453	0.05910205841064453
DENND10	ovary	1	0	400	400	DENND10	LDB1	True	79.07263946533203	1.0584564208984375	1.0638351440429688
SLC1A2	ovary	1	0	400	400	SLC1A2	IL17C	True	20.132173538208008	1.0638294219970703	1.0692024230957031
UBE2M	ovary	1	0	400	400	UBE2M	ATP2A2	True	91.5430908203125	1.1014404296875	1.1068115234375
FSHR	ovary	1	0	400	400	FSHR	LYZL2	True	7.374274730682373	0.034923553466796875	0.034923553466796875
FCRL5	ovary	1	0	400	400	FCRL5	KCTD8	True	10.348162651062012	0.8596601486206055	0.8596601486206055
AMY1C	ovary	1	0	400	400	AMY1C	LPA	True	9.488502502441406	0.5372886657714844	0.5372886657714844
FBXO2	ovary	1	0	400	400	FBXO2	CEBPD	True	63.308616638183594	0.9912948608398438	0.9939804077148438
TGM7	ovary	1	0	400	400	TGM7	KCTD8	True	10.348162651062012	0.8596601486206055	0.8596601486206055
KRTAP5-5	ovary	1	0	400	400	KRTAP5-5	USP29	True	7.339351177215576	0.01880502700805664	0.01880502700805664
TP53TG3B	ovary	1	0	400	400	TP53TG3B	CYP17A1	True	14.936599731445312	1.6924571990966797	1.6924571990966797
PCDH8	ovary	1	0	400	400	PCDH8	GSTM5	True	10.44756031036377	0.9590578079223633	0.9590578079223633
GRIA1	ovary	1	0	400	400	GRIA1	NUP210L	True	13.647109031677246	2.530625343322754	2.530625343322754
PRKAB1	ovary	1	0	400	400	PRKAB1	DNAAF5	True	70.18052673339844	1.0262222290039062	1.0262222290039062
PUM3	ovary	1	0	400	400	PUM3	SNX4	True	77.15452575683594	1.0530853271484375	1.0530853271484375
ADPRHL1	ovary	1	0	400	400	ADPRHL1	HOXB8	True	46.126155853271484	1.1444244384765625	1.1497955322265625
PTPRB	ovary	1	0	400	400	PTPRB	PCLO	True	37.76058578491211	1.0906944274902344	1.0906944274902344
ABCG8	ovary	1	0	400	400	ABCG8	BTG4	True	17.311412811279297	1.1927776336669922	1.2035236358642578
LRFN3	ovary	1	0	400	400	LRFN3	KLF9	True	47.64667892456055	1.0369644165039062	1.0369644165039062
SCAPER	ovary	1	0	400	400	SCAPER	GCH1	True	49.57554244995117	1.1014404296875	1.1121864318847656
TIGD5	ovary	1	0	400	400	TIGD5	GALNT18	True	44.5250358581543	1.187408447265625	1.1927757263183594
HNRNPU	ovary	1	0	400	400	HNRNPU	NME2	True	98.03352355957031	1.3378524780273438	1.3485946655273438
OR51G2	ovary	1	0	400	400	OR51G2	OCM2	True	7.2856221199035645	0.0456695556640625	0.0456695556640625
PROM1	ovary	1	0	400	400	PROM1	CACNA1D	True	31.957876205444336	0.9939823150634766	0.9993553161621094
ARL4A	ovary	1	0	400	400	ARL4A	ATP2B1	True	72.90995025634766	0.9993515014648438	0.999359130859375
LAP3	ovary	1	0	400	400	LAP3	PEX19	True	84.94519805908203	1.1444244384765625	1.1444244384765625
ZNF319	ovary	1	0	400	400	ZNF319	YBX2	True	44.64861297607422	1.1712875366210938	1.1712875366210938
KNOP1	ovary	1	0	400	400	KNOP1	NREP	True	75.32237243652344	1.0745773315429688	1.0745773315429688
NEK4	ovary	1	0	400	400	NEK4	XPA	True	60.917686462402344	0.9671173095703125	0.9671173095703125
FXR2	ovary	1	0	400	400	FXR2	MON1B	True	70.82795715332031	1.0181655883789062	1.0181655883789062
ZNF222	ovary	1	0	400	400	ZNF222	ZNF775	True	46.30345916748047	1.1390495300292969	1.1390495300292969
CD8B	ovary	1	0	400	400	CD8B	LPA	True	9.501934051513672	0.55072021484375	0.55072021484375
SLC35C1	ovary	1	0	400	400	SLC35C1	IFT122	True	60.34816360473633	0.9563713073730469	0.9563713073730469
ACER2	ovary	1	0	400	400	ACER2	MCIDAS	True	37.70148468017578	1.0906906127929688	1.0906944274902344
FAHD1	ovary	1	0	400	400	FAHD1	NMU	True	75.03223419189453	1.0960617065429688	1.0960617065429688
GAS1	ovary	1	0	400	400	GAS1	RPEL1	True	35.26757049560547	1.1390495300292969	1.1444206237792969
NCF4	ovary	1	0	400	400	NCF4	INSYN2A	True	20.89512062072754	0.9886112213134766	0.9939823150634766
CSNK1A1	ovary	1	0	400	400	CSNK1A1	PDIA4	True	94.72920989990234	1.2142715454101562	1.2196426391601562
UQCC1	ovary	1	0	400	400	UQCC1	TNIP1	True	85.24070739746094	1.1014404296875	1.1014404296875
BLOC1S3	ovary	1	0	400	400	BLOC1S3	DNM1	True	53.83623504638672	1.1497955322265625	1.1551666259765625
CEP68	ovary	1	0	400	400	CEP68	MPP3	True	49.91940689086914	1.0960655212402344	1.1014404296875
EDA2R	ovary	1	0	400	400	EDA2R	NYAP2	True	20.438426971435547	1.0315933227539062	1.0315933227539062
CDNF	ovary	1	0	400	400	CDNF	EID3	True	37.674617767333984	1.0853195190429688	1.0853233337402344
CACNG2	ovary	1	0	400	400	CACNG2	MAGEB18	True	7.8363423347473145	0.3734149932861328	0.3734149932861328
PELI2	ovary	1	0	400	400	PELI2	AMT	True	42.349021911621094	1.0208473205566406	1.0262184143066406
AHRR	ovary	1	0	400	400	AHRR	KLHDC1	True	36.25080490112305	1.1336746215820312	1.1390495300292969
HES4	ovary	1	0	400	400	HES4	HYLS1	True	60.546958923339844	0.9671173095703125	0.9778633117675781
LRRC28	ovary	1	0	400	400	LRRC28	PCNX1	True	62.873416900634766	1.0047264099121094	1.004730224609375
ZNF491	ovary	1	0	400	400	ZNF491	ANKDD1B	True	30.96389389038086	0.9939823150634766	0.9993553161621094
CYP11B1	ovary	1	0	400	400	CYP11B1	OCM2	True	7.2856221199035645	0.0456695556640625	0.0456695556640625
OARD1	ovary	1	0	400	400	OARD1	UPF3A	True	79.73887634277344	1.0262222290039062	1.0423431396484375
ZNF26	ovary	1	0	400	400	ZNF26	ACADSB	True	52.93896484375	1.0799484252929688	1.0960693359375
CCNB3	ovary	1	0	400	400	CCNB3	PIWIL4	True	33.0539436340332	0.9993553161621094	1.0047264099121094
SLC35D1	ovary	1	0	400	400	SLC35D1	RGMB	True	50.7736930847168	1.0745735168457031	1.0745735168457031
UNC80	ovary	1	0	400	400	UNC80	HCRTR1	True	17.859445571899414	1.1497955322265625	1.1605415344238281
LUZP1	ovary	1	0	400	400	LUZP1	LIX1L	True	62.1695671081543	0.9939804077148438	0.9993553161621094
TMEM192	ovary	1	0	400	400	TMEM192	BRI3BP	True	64.06619262695312	1.0477104187011719	1.0477142333984375
CENPH	ovary	1	0	400	400	CENPH	RWDD3	True	72.57683563232422	0.999359130859375	1.0047225952148438
MMP14	ovary	1	0	400	400	MMP14	ATXN7L3	True	79.7711181640625	1.0423355102539062	1.0423431396484375
ENPP1	ovary	1	0	400	400	ENPP1	ATP8A1	True	39.57661819458008	1.1175575256347656	1.1175613403320312
NT5DC4	ovary	1	0	400	400	NT5DC4	CYP2C8	True	19.992477416992188	1.074575424194336	1.0799484252929688
CDCP2	ovary	1	0	400	400	CDCP2	BPI	True	8.475714683532715	0.20954227447509766	0.20954227447509766
RPL7	ovary	1	0	400	400	RPL7	C11orf58	True	99.75821685791016	2.4285354614257812	2.4339065551757812
S100G	ovary	1	0	400	400	S100G	OR56A1	True	7.403825283050537	0.05910205841064453	0.05910205841064453
OR52J3	ovary	1	0	400	400	OR52J3	OR6N2	True	7.239952564239502	0.0456695556640625	0.0456695556640625
ADGRG1	ovary	1	0	400	400	ADGRG1	TRIAP1	True	87.38985443115234	1.192779541015625	1.192779541015625
SLC7A9	ovary	1	0	400	400	SLC7A9	RPA4	True	26.187406539916992	0.9671173095703125	0.9724903106689453
GBF1	ovary	1	0	400	400	GBF1	CENPA	True	79.20696258544922	1.0530853271484375	1.0638275146484375
SLC1A5	ovary	1	0	400	400	SLC1A5	IRAK1	True	93.06898498535156	1.2411346435546875	1.2465057373046875
KHDC4	ovary	1	0	400	400	KHDC4	NKIRAS2	True	82.43606567382812	1.0638351440429688	1.0638351440429688
TMEM241	ovary	1	0	400	400	TMEM241	KAT14	True	52.25123596191406	1.0799484252929688	1.0853195190429688
USP9Y	ovary	1	0	400	400	USP9Y	PLA2G4D	True	15.269718170166016	1.5849990844726562	1.5903711318969727
DPH2	ovary	1	0	400	400	DPH2	RPF1	True	80.97463989257812	1.0638275146484375	1.0638275146484375
MBTPS2	ovary	1	0	400	400	MBTPS2	DOCK1	True	63.770687103271484	0.9778671264648438	0.9832344055175781
LY86	ovary	1	0	400	400	LY86	MUC22	True	9.7329683303833	0.5426607131958008	0.5426607131958008
MAPKBP1	ovary	1	0	400	400	MAPKBP1	LRRCC1	True	51.53126907348633	1.0638275146484375	1.0638275146484375
MIS18BP1	ovary	1	0	400	400	MIS18BP1	RNF146	True	74.74747467041016	1.1014404296875	1.1014404296875
TULP1	ovary	1	0	400	400	TULP1	SGCD	True	18.294649124145508	1.1927776336669922	1.1927776336669922
GPR45	ovary	1	0	400	400	GPR45	LDB3	True	25.155813217163086	1.0154743194580078	1.0208473205566406
EDNRB	ovary	1	0	400	400	EDNRB	GNA15	True	24.398237228393555	1.0262184143066406	1.0262203216552734
PIGZ	ovary	1	0	400	400	PIGZ	AGAP5	True	45.83064651489258	1.1444244384765625	1.1497955322265625
MKRN2OS	ovary	1	0	400	400	MKRN2OS	MAP1A	True	32.59724807739258	1.010101318359375	1.0262184143066406
ALDH16A1	ovary	1	0	400	400	ALDH16A1	CMTM8	True	61.31528091430664	1.0477104187011719	1.0530853271484375
NR2C2AP	ovary	1	0	400	400	NR2C2AP	ECSIT	True	76.96109771728516	1.0530853271484375	1.0638275146484375
DUSP3	ovary	1	0	400	400	DUSP3	UBE2E2	True	79.7173843383789	1.026214599609375	1.0369644165039062
AMHR2	ovary	1	0	400	400	AMHR2	KCTD8	True	10.348162651062012	0.8596601486206055	0.8596601486206055
ATP5PD	ovary	1	0	400	400	ATP5PD	NPM1	True	98.39888000488281	1.3539657592773438	1.3539657592773438
MBNL1	ovary	1	0	400	400	MBNL1	KIAA2013	True	82.44680786132812	1.0638275146484375	1.0691986083984375
ADAMTS12	ovary	1	0	400	400	ADAMTS12	GJD3	True	31.35074234008789	1.010101318359375	1.015472412109375
DEFB126	ovary	1	0	400	400	DEFB126	LYZL2	True	7.374274730682373	0.034923553466796875	0.034923553466796875
FOXJ3	ovary	1	0	400	400	FOXJ3	PPAT	True	73.43112182617188	1.0906982421875	1.0960617065429688
SOBP	ovary	1	0	400	400	SOBP	ACRBP	True	34.66580581665039	1.0369644165039062	1.0423355102539062
NKIRAS1	ovary	1	0	400	400	NKIRAS1	SNX10	True	60.79948425292969	0.9617462158203125	0.9617462158203125
OTOS	ovary	1	0	400	400	OTOS	SCYGR4	True	8.266172409057617	0.3223729133605957	0.3223729133605957
GPR137	ovary	1	0	400	400	GPR137	PIGP	True	75.4352035522461	1.0530853271484375	1.0530853271484375
OR5J2	ovary	1	0	400	400	OR5J2	OCM2	True	7.2856221199035645	0.0456695556640625	0.0456695556640625
PHF2	ovary	1	0	400	400	PHF2	FAM156B	True	56.83967208862305	1.1121864318847656	1.1175575256347656
VIPR2	ovary	1	0	400	400	VIPR2	DCX	True	16.34429359436035	1.3324737548828125	1.337845802307129
GANAB	ovary	1	0	400	400	GANAB	ATP5MF	True	97.61444091796875	1.3485946655273438	1.3539657592773438
COL15A1	ovary	1	0	400	400	COL15A1	P2RY4	True	19.89039421081543	1.1014385223388672	1.1014385223388672
SLC16A14	ovary	1	0	400	400	SLC16A14	TLL2	True	36.82033157348633	1.1068115234375	1.1068115234375
IYD	ovary	1	0	400	400	IYD	KCNJ9	True	14.119922637939453	2.1384048461914062	2.1652698516845703
RARA	ovary	1	0	400	400	RARA	SLC49A4	True	57.919620513916016	1.0477142333984375	1.0477142333984375
MCF2L	ovary	1	0	400	400	MCF2L	PHETA2	True	45.05695343017578	1.1605415344238281	1.1659126281738281
TCP11X2	ovary	1	0	400	400	TCP11X2	AKAP4	True	7.484418869018555	0.12626266479492188	0.12626266479492188
GPNMB	ovary	1	0	400	400	GPNMB	RTN4R	True	49.76896667480469	1.0906944274902344	1.0960655212402344
RASSF6	ovary	1	0	400	400	RASSF6	ILDR2	True	32.29636764526367	0.9939842224121094	0.9993553161621094
BTBD16	ovary	1	0	400	400	BTBD16	CAPN6	True	24.93552589416504	1.042337417602539	1.042337417602539
RNASEH2B	ovary	1	0	400	400	RNASEH2B	GRK6	True	77.06855773925781	1.0584564208984375	1.0584564208984375
SAGE1	ovary	1	0	400	400	SAGE1	DBX2	True	8.655706405639648	0.29550743103027344	0.29550743103027344
TRIM49B	ovary	1	0	400	400	TRIM49B	OR1K1	True	7.9437994956970215	0.4593806266784668	0.4593806266784668
FGF16	ovary	1	0	400	400	FGF16	KIR2DL4	True	7.358156204223633	0.02686452865600586	0.02686452865600586
AGAP4	ovary	1	0	400	400	AGAP4	WWOX	True	53.65892791748047	1.1121864318847656	1.1121864318847656
OVOL3	ovary	1	0	400	400	OVOL3	SLC5A11	True	19.879648208618164	1.1014404296875	1.1068115234375
UBA5	ovary	1	0	400	400	UBA5	TSPAN31	True	83.82763671875	1.1229324340820312	1.1229324340820312
AKAP9	ovary	1	0	400	400	AKAP9	NAA35	True	61.954654693603516	0.9939804077148438	0.9939842224121094
ZNF688	ovary	1	0	400	400	ZNF688	BRCA2	True	49.333763122558594	1.0853195190429688	1.0960655212402344
KLLN	ovary	1	0	400	400	KLLN	BANK1	True	33.55362319946289	0.9939842224121094	0.9993515014648438
CCR6	ovary	1	0	400	400	CCR6	OR56A1	True	7.403825283050537	0.05910205841064453	0.05910205841064453
SMIM40	ovary	1	0	400	400	SMIM40	USP29	True	7.339351177215576	0.01880502700805664	0.01880502700805664
PODXL	ovary	1	0	400	400	PODXL	REX1BD	True	78.94369506835938	1.0530776977539062	1.0530853271484375
NOLC1	ovary	1	0	400	400	NOLC1	RPS27L	True	91.2422103881836	1.1121902465820312	1.1175537109375
RANBP2	ovary	1	0	400	400	RANBP2	DRG2	True	73.61917114257812	1.1121826171875	1.1175613403320312
WAPL	ovary	1	0	400	400	WAPL	RNF138	True	74.86567687988281	1.1336746215820312	1.1336746215820312
NLGN2	ovary	1	0	400	400	NLGN2	P3H3	True	59.655059814453125	0.9080162048339844	0.91339111328125
OR5D14	ovary	1	0	400	400	OR5D14	OCM2	True	7.2856221199035645	0.0456695556640625	0.0456695556640625
TGFBR2	ovary	1	0	400	400	TGFBR2	ELP6	True	79.68515014648438	1.0262222290039062	1.0315933227539062
ADCYAP1R1	ovary	1	0	400	400	ADCYAP1R1	OMD	True	16.39802360534668	1.3217287063598633	1.3217287063598633
BBS10	ovary	1	0	400	400	BBS10	SLC35G2	True	56.86116409301758	1.1068153381347656	1.1068153381347656
GUCD1	ovary	1	0	400	400	GUCD1	TNPO2	True	80.69525146484375	1.0691986083984375	1.0691986083984375
LARGE2	ovary	1	0	400	400	LARGE2	KLF7	True	47.625186920166016	1.0369682312011719	1.0369682312011719
CIRBP	ovary	1	0	400	400	CIRBP	KDELR2	True	97.02880096435547	1.3217239379882812	1.3217315673828125
SULT1E1	ovary	1	0	400	400	SULT1E1	C3AR1	True	20.266494750976562	1.0611438751220703	1.0638294219970703
VLDLR	ovary	1	0	400	400	VLDLR	DIAPH3	True	64.18439483642578	1.0530815124511719	1.0584564208984375
CFAP69	ovary	1	0	400	400	CFAP69	LIPH	True	39.83988952636719	1.1068153381347656	1.1068153381347656
ZNF132	ovary	1	0	400	400	ZNF132	ADORA2A	True	37.79281997680664	1.0960655212402344	1.0960693359375
TAS2R8	ovary	1	0	400	400	TAS2R8	BPI	True	8.580485343933105	0.3143129348754883	0.3143129348754883
BICC1	ovary	1	0	400	400	BICC1	EIF4ENIF1	True	61.26692581176758	1.0315895080566406	1.0315933227539062
CCNG1	ovary	1	0	400	400	CCNG1	PAX8	True	94.87964630126953	1.2250137329101562	1.2303848266601562
ZNF335	ovary	1	0	400	400	ZNF335	DBP	True	54.64216613769531	1.0262184143066406	1.0315933227539062
CCNQ	ovary	1	0	400	400	CCNQ	SSBP3	True	72.10401916503906	0.9993515014648438	0.999359130859375
ZNF718	ovary	1	0	400	400	ZNF718	IQANK1	True	44.680850982666016	1.1551704406738281	1.1605415344238281
SPATA9	ovary	1	0	400	400	SPATA9	KCNJ12	True	30.06662368774414	1.0530834197998047	1.0584564208984375
NHSL1	ovary	1	0	400	400	NHSL1	SLC43A1	True	42.660648345947266	1.0530853271484375	1.0530853271484375
RPGRIP1L	ovary	1	0	400	400	RPGRIP1L	LHFPL5	True	55.67375946044922	1.0369644165039062	1.0369644165039062
CXorf66	ovary	1	0	400	400	CXorf66	OCM2	True	7.2856221199035645	0.0456695556640625	0.0456695556640625
CD40	ovary	1	0	400	400	CD40	SH3BP5L	True	66.78486633300781	1.004730224609375	1.004730224609375
ZNF396	ovary	1	0	400	400	ZNF396	C17orf113	True	35.487857818603516	1.1497955322265625	1.1497955322265625
USP35	ovary	1	0	400	400	USP35	EME2	True	48.13561248779297	1.0799484252929688	1.0799484252929688
CSRP2	ovary	1	0	400	400	CSRP2	PHF20L1	True	75.38684844970703	1.0692062377929688	1.0692062377929688
ZBTB47	ovary	1	0	400	400	ZBTB47	ZFAT	True	45.01934051513672	1.1659164428710938	1.1659164428710938
VCX2	ovary	1	0	400	400	VCX2	SCYGR4	True	8.266172409057617	0.3223729133605957	0.3223729133605957
B3GNT7	ovary	1	0	400	400	B3GNT7	KDM4D	True	37.964752197265625	1.0906906127929688	1.0906944274902344
IQSEC3	ovary	1	0	400	400	IQSEC3	FRMPD2	True	21.87298583984375	0.9671173095703125	0.9671192169189453
ASS1	ovary	1	0	400	400	ASS1	GRSF1	True	91.70964813232422	1.1283035278320312	1.1390457153320312
FAM161B	ovary	1	0	400	400	FAM161B	ATAD5	True	46.87835693359375	1.0799484252929688	1.0853195190429688
TCF24	ovary	1	0	400	400	TCF24	MAP6	True	30.276165008544922	1.0315914154052734	1.0315914154052734
CYP3A5	ovary	1	0	400	400	CYP3A5	SFRP1	True	39.88824462890625	1.0960655212402344	1.0960693359375
SCTR	ovary	1	0	400	400	SCTR	KRT34	True	15.447023391723633	1.515151023864746	1.5151519775390625
ZNF582	ovary	1	0	400	400	ZNF582	TMEM191C	True	37.64237976074219	1.0799484252929688	1.0799484252929688
PRAC2	ovary	1	0	400	400	PRAC2	KCTD8	True	10.348162651062012	0.8596601486206055	0.8596601486206055
CNGA2	ovary	1	0	400	400	CNGA2	USP29	True	7.339351177215576	0.01880502700805664	0.01880502700805664
BTC	ovary	1	0	400	400	BTC	PIGZ	True	44.66473388671875	1.1605415344238281	1.1659126281738281
GRIN2D	ovary	1	0	400	400	GRIN2D	DLX4	True	38.673973083496094	1.0960655212402344	1.0960655212402344
CNTRL	ovary	1	0	400	400	CNTRL	CALML4	True	50.644744873046875	1.0477104187011719	1.0530853271484375
TNRC6A	ovary	1	0	400	400	TNRC6A	BLZF1	True	70.61573028564453	1.015472412109375	1.015472412109375
ATRNL1	ovary	1	0	400	400	ATRNL1	ZNF554	True	38.969482421875	1.0960655212402344	1.0987548828125
REX1BD	ovary	1	0	400	400	REX1BD	OTUD5	True	77.89060974121094	1.0692062377929688	1.0745773315429688
SPRY3	ovary	1	0	400	400	SPRY3	SLC27A2	True	35.78873825073242	1.1497955322265625	1.1497955322265625
C12orf56	ovary	1	0	400	400	C12orf56	TSSK3	True	43.07435989379883	1.0584564208984375	1.0584564208984375
EEF1B2	ovary	1	0	400	400	EEF1B2	C11orf58	True	99.22093200683594	1.8912506103515625	1.8966217041015625
ZRANB2	ovary	1	0	400	400	ZRANB2	IMP4	True	91.29056549072266	1.1014404296875	1.1068115234375
UBE2D2	ovary	1	0	400	400	UBE2D2	NCKAP1	True	93.13346099853516	1.2465057373046875	1.2465057373046875
MICALL2	ovary	1	0	400	400	MICALL2	CCNJ	True	55.243927001953125	1.0315933227539062	1.0369644165039062
TNFAIP2	ovary	1	0	400	400	TNFAIP2	SRM	True	92.62303924560547	1.2465057373046875	1.2465057373046875
LYVE1	ovary	1	0	400	400	LYVE1	LYZL2	True	7.374274730682373	0.034923553466796875	0.034923553466796875
CTRB1	ovary	1	0	400	400	CTRB1	SMTNL1	True	18.536428451538086	1.198150634765625	1.198150634765625
TBCEL	ovary	1	0	400	400	TBCEL	D2HGDH	True	57.10831832885742	1.0799484252929688	1.0853195190429688
MRPS26	ovary	1	0	400	400	MRPS26	ATP1B1	True	87.76596069335938	1.2196502685546875	1.2250137329101562
